2025-04-30 20:46:35,229 [Worker-5: Loading available Gradle versions] INFO  o.e.b.c.i.u.g.PublishedGradleVersions - Gradle version information cache is not available. Remote download required.
2025-04-30 20:47:47,409 [Worker-0: Import Getting Started Content] INFO  o.e.m.c.i.l.LifecycleMappingFactory - Using org.eclipse.m2e.jdt.JarLifecycleMapping lifecycle mapping for MavenProject: com.example:dem:0.0.1-SNAPSHOT @ E:\sts\demo\pom.xml.
2025-04-30 20:47:48,261 [Worker-0: Import Getting Started Content] INFO  o.e.m.j.i.AbstractJavaProjectConfigurator - Adding source folder /demo/src/main/java
2025-04-30 20:47:48,262 [Worker-0: Import Getting Started Content] INFO  o.e.m.j.i.AbstractJavaProjectConfigurator - Adding resource folder /demo/src/main/resources
2025-04-30 20:47:48,280 [Worker-0: Import Getting Started Content] INFO  o.e.m.j.i.AbstractJavaProjectConfigurator - Adding resource folder /demo/src/main/resources
2025-04-30 20:47:48,281 [Worker-0: Import Getting Started Content] INFO  o.e.m.j.i.AbstractJavaProjectConfigurator - Adding source folder /demo/src/test/java
2025-04-30 20:47:48,282 [Worker-0: Import Getting Started Content] INFO  o.e.m.j.i.AbstractJavaProjectConfigurator - Adding resource folder /demo/src/test/resources
2025-04-30 20:47:48,833 [Worker-0: Import Getting Started Content] INFO  o.e.m.c.i.p.ProjectConfigurationManager - Imported and configured 1 project(s) in 2 sec
2025-04-30 20:47:48,836 [Worker-0: Import Getting Started Content] INFO  o.e.m.c.i.p.ProjectConfigurationManager - Update started
2025-04-30 20:47:49,118 [Worker-0: Import Getting Started Content] INFO  o.e.m.c.i.l.LifecycleMappingFactory - Using org.eclipse.m2e.jdt.JarLifecycleMapping lifecycle mapping for MavenProject: com.example:dem:0.0.1-SNAPSHOT @ E:\sts\demo\pom.xml.
2025-04-30 20:47:49,553 [Worker-0: Import Getting Started Content] INFO  o.e.m.j.i.AbstractJavaProjectConfigurator - Adding source folder /demo/src/main/java
2025-04-30 20:47:49,553 [Worker-0: Import Getting Started Content] INFO  o.e.m.j.i.AbstractJavaProjectConfigurator - Adding resource folder /demo/src/main/resources
2025-04-30 20:47:49,553 [Worker-0: Import Getting Started Content] INFO  o.e.m.j.i.AbstractJavaProjectConfigurator - Adding resource folder /demo/src/main/resources
2025-04-30 20:47:49,554 [Worker-0: Import Getting Started Content] INFO  o.e.m.j.i.AbstractJavaProjectConfigurator - Adding source folder /demo/src/test/java
2025-04-30 20:47:49,554 [Worker-0: Import Getting Started Content] INFO  o.e.m.j.i.AbstractJavaProjectConfigurator - Adding resource folder /demo/src/test/resources
2025-04-30 20:47:49,826 [Worker-0: Import Getting Started Content] INFO  o.e.m.c.i.p.ProjectConfigurationManager - Update completed for 1 poms: local refresh takes 0.00 sec, refresh facades takes 0.00 sec, update config takes 0.00 sec 
2025-04-30 20:47:50,577 [Worker-7: Building] INFO  o.a.m.s.f.DefaultMavenResourcesFiltering - Copying 1 resource from src\main\resources to target\classes
2025-04-30 20:47:50,596 [Worker-7: Building] INFO  o.a.m.s.f.DefaultMavenResourcesFiltering - Copying 0 resource from src\main\resources to target\classes
2025-04-30 20:47:50,602 [Worker-7: Building] INFO  o.a.m.s.f.DefaultMavenResourcesFiltering - skip non existing resourceDirectory E:\sts\demo\src\test\resources
2025-04-30 20:49:56,291 [Worker-7: Building] INFO  o.a.m.s.f.DefaultMavenResourcesFiltering - Copying 1 resource from src\main\resources to target\classes
2025-04-30 20:49:56,295 [Worker-7: Building] INFO  o.a.m.s.f.DefaultMavenResourcesFiltering - Copying 7 resources from src\main\resources to target\classes
2025-04-30 20:49:56,315 [Worker-7: Building] INFO  o.a.m.s.f.DefaultMavenResourcesFiltering - skip non existing resourceDirectory E:\sts\demo\src\test\resources
2025-04-30 20:51:03,208 [Worker-1: Building] INFO  o.a.m.s.f.DefaultMavenResourcesFiltering - Copying 1 resource from src\main\resources to target\classes
2025-04-30 20:51:03,214 [Worker-1: Building] INFO  o.a.m.s.f.DefaultMavenResourcesFiltering - Copying 7 resources from src\main\resources to target\classes
2025-04-30 20:51:03,218 [Worker-1: Building] INFO  o.a.m.s.f.DefaultMavenResourcesFiltering - skip non existing resourceDirectory E:\sts\demo\src\test\resources
2025-04-30 20:51:10,296 [Worker-1: Building] INFO  o.a.m.s.f.DefaultMavenResourcesFiltering - Copying 1 resource from src\main\resources to target\classes
2025-04-30 20:51:10,312 [Worker-1: Building] INFO  o.a.m.s.f.DefaultMavenResourcesFiltering - Copying 7 resources from src\main\resources to target\classes
2025-04-30 20:51:10,317 [Worker-1: Building] INFO  o.a.m.s.f.DefaultMavenResourcesFiltering - skip non existing resourceDirectory E:\sts\demo\src\test\resources
2025-04-30 20:51:27,771 [Worker-6: Building] INFO  o.a.m.s.f.DefaultMavenResourcesFiltering - Copying 1 resource from src\main\resources to target\classes
2025-04-30 20:51:27,780 [Worker-6: Building] INFO  o.a.m.s.f.DefaultMavenResourcesFiltering - Copying 0 resource from src\main\resources to target\classes
2025-04-30 20:51:27,784 [Worker-6: Building] INFO  o.a.m.s.f.DefaultMavenResourcesFiltering - skip non existing resourceDirectory E:\sts\demo\src\test\resources
2025-04-30 20:51:36,400 [Worker-13: Launching Executing clean in E__sts_demo] INFO  o.eclipse.m2e.core.internal.Bundles - getClasspathEntries(Bundle=org.eclipse.m2e.maven.runtime_3.9.900.20250220-2013 [361])
2025-04-30 20:51:36,401 [Worker-13: Launching Executing clean in E__sts_demo] INFO  o.eclipse.m2e.core.internal.Bundles - 	Entry: E:\sts-4.29.0.RELEASE\plugins\org.eclipse.m2e.maven.runtime_3.9.900.20250220-2013
2025-04-30 20:51:36,401 [Worker-13: Launching Executing clean in E__sts_demo] INFO  o.eclipse.m2e.core.internal.Bundles - 	Entry: E:\sts-4.29.0.RELEASE\plugins\org.eclipse.m2e.maven.runtime_3.9.900.20250220-2013\jars\aopalliance-1.0.jar
2025-04-30 20:51:36,401 [Worker-13: Launching Executing clean in E__sts_demo] INFO  o.eclipse.m2e.core.internal.Bundles - 	Entry: E:\sts-4.29.0.RELEASE\plugins\org.eclipse.m2e.maven.runtime_3.9.900.20250220-2013\jars\guice-5.1.0.jar
2025-04-30 20:51:36,401 [Worker-13: Launching Executing clean in E__sts_demo] INFO  o.eclipse.m2e.core.internal.Bundles - 	Entry: E:\sts-4.29.0.RELEASE\plugins\org.eclipse.m2e.maven.runtime_3.9.900.20250220-2013\jars\httpclient-4.5.14.jar
2025-04-30 20:51:36,401 [Worker-13: Launching Executing clean in E__sts_demo] INFO  o.eclipse.m2e.core.internal.Bundles - 	Entry: E:\sts-4.29.0.RELEASE\plugins\org.eclipse.m2e.maven.runtime_3.9.900.20250220-2013\jars\httpcore-4.4.16.jar
2025-04-30 20:51:36,401 [Worker-13: Launching Executing clean in E__sts_demo] INFO  o.eclipse.m2e.core.internal.Bundles - 	Entry: E:\sts-4.29.0.RELEASE\plugins\org.eclipse.m2e.maven.runtime_3.9.900.20250220-2013\jars\jansi-2.4.1.jar
2025-04-30 20:51:36,401 [Worker-13: Launching Executing clean in E__sts_demo] INFO  o.eclipse.m2e.core.internal.Bundles - 	Entry: E:\sts-4.29.0.RELEASE\plugins\org.eclipse.m2e.maven.runtime_3.9.900.20250220-2013\jars\jcl-over-slf4j-1.7.36.jar
2025-04-30 20:51:36,401 [Worker-13: Launching Executing clean in E__sts_demo] INFO  o.eclipse.m2e.core.internal.Bundles - 	Entry: E:\sts-4.29.0.RELEASE\plugins\org.eclipse.m2e.maven.runtime_3.9.900.20250220-2013\jars\maven-artifact-3.9.9.jar
2025-04-30 20:51:36,401 [Worker-13: Launching Executing clean in E__sts_demo] INFO  o.eclipse.m2e.core.internal.Bundles - 	Entry: E:\sts-4.29.0.RELEASE\plugins\org.eclipse.m2e.maven.runtime_3.9.900.20250220-2013\jars\maven-builder-support-3.9.9.jar
2025-04-30 20:51:36,401 [Worker-13: Launching Executing clean in E__sts_demo] INFO  o.eclipse.m2e.core.internal.Bundles - 	Entry: E:\sts-4.29.0.RELEASE\plugins\org.eclipse.m2e.maven.runtime_3.9.900.20250220-2013\jars\maven-compat-3.9.9.jar
2025-04-30 20:51:36,401 [Worker-13: Launching Executing clean in E__sts_demo] INFO  o.eclipse.m2e.core.internal.Bundles - 	Entry: E:\sts-4.29.0.RELEASE\plugins\org.eclipse.m2e.maven.runtime_3.9.900.20250220-2013\jars\maven-core-3.9.9.jar
2025-04-30 20:51:36,401 [Worker-13: Launching Executing clean in E__sts_demo] INFO  o.eclipse.m2e.core.internal.Bundles - 	Entry: E:\sts-4.29.0.RELEASE\plugins\org.eclipse.m2e.maven.runtime_3.9.900.20250220-2013\jars\maven-embedder-3.9.9.jar
2025-04-30 20:51:36,401 [Worker-13: Launching Executing clean in E__sts_demo] INFO  o.eclipse.m2e.core.internal.Bundles - 	Entry: E:\sts-4.29.0.RELEASE\plugins\org.eclipse.m2e.maven.runtime_3.9.900.20250220-2013\jars\maven-model-3.9.9.jar
2025-04-30 20:51:36,402 [Worker-13: Launching Executing clean in E__sts_demo] INFO  o.eclipse.m2e.core.internal.Bundles - 	Entry: E:\sts-4.29.0.RELEASE\plugins\org.eclipse.m2e.maven.runtime_3.9.900.20250220-2013\jars\maven-model-builder-3.9.9.jar
2025-04-30 20:51:36,402 [Worker-13: Launching Executing clean in E__sts_demo] INFO  o.eclipse.m2e.core.internal.Bundles - 	Entry: E:\sts-4.29.0.RELEASE\plugins\org.eclipse.m2e.maven.runtime_3.9.900.20250220-2013\jars\maven-plugin-api-3.9.9.jar
2025-04-30 20:51:36,402 [Worker-13: Launching Executing clean in E__sts_demo] INFO  o.eclipse.m2e.core.internal.Bundles - 	Entry: E:\sts-4.29.0.RELEASE\plugins\org.eclipse.m2e.maven.runtime_3.9.900.20250220-2013\jars\maven-repository-metadata-3.9.9.jar
2025-04-30 20:51:36,402 [Worker-13: Launching Executing clean in E__sts_demo] INFO  o.eclipse.m2e.core.internal.Bundles - 	Entry: E:\sts-4.29.0.RELEASE\plugins\org.eclipse.m2e.maven.runtime_3.9.900.20250220-2013\jars\maven-resolver-api-1.9.22.jar
2025-04-30 20:51:36,402 [Worker-13: Launching Executing clean in E__sts_demo] INFO  o.eclipse.m2e.core.internal.Bundles - 	Entry: E:\sts-4.29.0.RELEASE\plugins\org.eclipse.m2e.maven.runtime_3.9.900.20250220-2013\jars\maven-resolver-connector-basic-1.9.22.jar
2025-04-30 20:51:36,402 [Worker-13: Launching Executing clean in E__sts_demo] INFO  o.eclipse.m2e.core.internal.Bundles - 	Entry: E:\sts-4.29.0.RELEASE\plugins\org.eclipse.m2e.maven.runtime_3.9.900.20250220-2013\jars\maven-resolver-impl-1.9.22.jar
2025-04-30 20:51:36,402 [Worker-13: Launching Executing clean in E__sts_demo] INFO  o.eclipse.m2e.core.internal.Bundles - 	Entry: E:\sts-4.29.0.RELEASE\plugins\org.eclipse.m2e.maven.runtime_3.9.900.20250220-2013\jars\maven-resolver-named-locks-1.9.22.jar
2025-04-30 20:51:36,402 [Worker-13: Launching Executing clean in E__sts_demo] INFO  o.eclipse.m2e.core.internal.Bundles - 	Entry: E:\sts-4.29.0.RELEASE\plugins\org.eclipse.m2e.maven.runtime_3.9.900.20250220-2013\jars\maven-resolver-provider-3.9.9.jar
2025-04-30 20:51:36,402 [Worker-13: Launching Executing clean in E__sts_demo] INFO  o.eclipse.m2e.core.internal.Bundles - 	Entry: E:\sts-4.29.0.RELEASE\plugins\org.eclipse.m2e.maven.runtime_3.9.900.20250220-2013\jars\maven-resolver-spi-1.9.22.jar
2025-04-30 20:51:36,402 [Worker-13: Launching Executing clean in E__sts_demo] INFO  o.eclipse.m2e.core.internal.Bundles - 	Entry: E:\sts-4.29.0.RELEASE\plugins\org.eclipse.m2e.maven.runtime_3.9.900.20250220-2013\jars\maven-resolver-transport-file-1.9.22.jar
2025-04-30 20:51:36,402 [Worker-13: Launching Executing clean in E__sts_demo] INFO  o.eclipse.m2e.core.internal.Bundles - 	Entry: E:\sts-4.29.0.RELEASE\plugins\org.eclipse.m2e.maven.runtime_3.9.900.20250220-2013\jars\maven-resolver-transport-http-1.9.22.jar
2025-04-30 20:51:36,402 [Worker-13: Launching Executing clean in E__sts_demo] INFO  o.eclipse.m2e.core.internal.Bundles - 	Entry: E:\sts-4.29.0.RELEASE\plugins\org.eclipse.m2e.maven.runtime_3.9.900.20250220-2013\jars\maven-resolver-transport-wagon-1.9.22.jar
2025-04-30 20:51:36,402 [Worker-13: Launching Executing clean in E__sts_demo] INFO  o.eclipse.m2e.core.internal.Bundles - 	Entry: E:\sts-4.29.0.RELEASE\plugins\org.eclipse.m2e.maven.runtime_3.9.900.20250220-2013\jars\maven-resolver-util-1.9.22.jar
2025-04-30 20:51:36,402 [Worker-13: Launching Executing clean in E__sts_demo] INFO  o.eclipse.m2e.core.internal.Bundles - 	Entry: E:\sts-4.29.0.RELEASE\plugins\org.eclipse.m2e.maven.runtime_3.9.900.20250220-2013\jars\maven-settings-3.9.9.jar
2025-04-30 20:51:36,402 [Worker-13: Launching Executing clean in E__sts_demo] INFO  o.eclipse.m2e.core.internal.Bundles - 	Entry: E:\sts-4.29.0.RELEASE\plugins\org.eclipse.m2e.maven.runtime_3.9.900.20250220-2013\jars\maven-settings-builder-3.9.9.jar
2025-04-30 20:51:36,402 [Worker-13: Launching Executing clean in E__sts_demo] INFO  o.eclipse.m2e.core.internal.Bundles - 	Entry: E:\sts-4.29.0.RELEASE\plugins\org.eclipse.m2e.maven.runtime_3.9.900.20250220-2013\jars\maven-shared-utils-3.4.2.jar
2025-04-30 20:51:36,402 [Worker-13: Launching Executing clean in E__sts_demo] INFO  o.eclipse.m2e.core.internal.Bundles - 	Entry: E:\sts-4.29.0.RELEASE\plugins\org.eclipse.m2e.maven.runtime_3.9.900.20250220-2013\jars\org.eclipse.sisu.inject-0.9.0.M3.jar
2025-04-30 20:51:36,402 [Worker-13: Launching Executing clean in E__sts_demo] INFO  o.eclipse.m2e.core.internal.Bundles - 	Entry: E:\sts-4.29.0.RELEASE\plugins\org.eclipse.m2e.maven.runtime_3.9.900.20250220-2013\jars\org.eclipse.sisu.plexus-0.9.0.M3.jar
2025-04-30 20:51:36,402 [Worker-13: Launching Executing clean in E__sts_demo] INFO  o.eclipse.m2e.core.internal.Bundles - 	Entry: E:\sts-4.29.0.RELEASE\plugins\org.eclipse.m2e.maven.runtime_3.9.900.20250220-2013\jars\plexus-build-api-0.0.7.jar
2025-04-30 20:51:36,402 [Worker-13: Launching Executing clean in E__sts_demo] INFO  o.eclipse.m2e.core.internal.Bundles - 	Entry: E:\sts-4.29.0.RELEASE\plugins\org.eclipse.m2e.maven.runtime_3.9.900.20250220-2013\jars\plexus-build-api-1.2.0.jar
2025-04-30 20:51:36,402 [Worker-13: Launching Executing clean in E__sts_demo] INFO  o.eclipse.m2e.core.internal.Bundles - 	Entry: E:\sts-4.29.0.RELEASE\plugins\org.eclipse.m2e.maven.runtime_3.9.900.20250220-2013\jars\plexus-cipher-2.0.jar
2025-04-30 20:51:36,402 [Worker-13: Launching Executing clean in E__sts_demo] INFO  o.eclipse.m2e.core.internal.Bundles - 	Entry: E:\sts-4.29.0.RELEASE\plugins\org.eclipse.m2e.maven.runtime_3.9.900.20250220-2013\jars\plexus-classworlds-2.8.0.jar
2025-04-30 20:51:36,402 [Worker-13: Launching Executing clean in E__sts_demo] INFO  o.eclipse.m2e.core.internal.Bundles - 	Entry: E:\sts-4.29.0.RELEASE\plugins\org.eclipse.m2e.maven.runtime_3.9.900.20250220-2013\jars\plexus-component-annotations-2.1.0.jar
2025-04-30 20:51:36,402 [Worker-13: Launching Executing clean in E__sts_demo] INFO  o.eclipse.m2e.core.internal.Bundles - 	Entry: E:\sts-4.29.0.RELEASE\plugins\org.eclipse.m2e.maven.runtime_3.9.900.20250220-2013\jars\plexus-interpolation-1.27.jar
2025-04-30 20:51:36,402 [Worker-13: Launching Executing clean in E__sts_demo] INFO  o.eclipse.m2e.core.internal.Bundles - 	Entry: E:\sts-4.29.0.RELEASE\plugins\org.eclipse.m2e.maven.runtime_3.9.900.20250220-2013\jars\plexus-sec-dispatcher-2.0.jar
2025-04-30 20:51:36,402 [Worker-13: Launching Executing clean in E__sts_demo] INFO  o.eclipse.m2e.core.internal.Bundles - 	Entry: E:\sts-4.29.0.RELEASE\plugins\org.eclipse.m2e.maven.runtime_3.9.900.20250220-2013\jars\plexus-utils-3.5.1.jar
2025-04-30 20:51:36,402 [Worker-13: Launching Executing clean in E__sts_demo] INFO  o.eclipse.m2e.core.internal.Bundles - 	Entry: E:\sts-4.29.0.RELEASE\plugins\org.eclipse.m2e.maven.runtime_3.9.900.20250220-2013\jars\plexus-xml-3.0.1.jar
2025-04-30 20:51:36,402 [Worker-13: Launching Executing clean in E__sts_demo] INFO  o.eclipse.m2e.core.internal.Bundles - 	Entry: E:\sts-4.29.0.RELEASE\plugins\org.eclipse.m2e.maven.runtime_3.9.900.20250220-2013\jars\wagon-file-3.5.3.jar
2025-04-30 20:51:36,402 [Worker-13: Launching Executing clean in E__sts_demo] INFO  o.eclipse.m2e.core.internal.Bundles - 	Entry: E:\sts-4.29.0.RELEASE\plugins\org.eclipse.m2e.maven.runtime_3.9.900.20250220-2013\jars\wagon-http-3.5.3.jar
2025-04-30 20:51:36,402 [Worker-13: Launching Executing clean in E__sts_demo] INFO  o.eclipse.m2e.core.internal.Bundles - 	Entry: E:\sts-4.29.0.RELEASE\plugins\org.eclipse.m2e.maven.runtime_3.9.900.20250220-2013\jars\wagon-http-shared-3.5.3.jar
2025-04-30 20:51:36,403 [Worker-13: Launching Executing clean in E__sts_demo] INFO  o.eclipse.m2e.core.internal.Bundles - 	Entry: E:\sts-4.29.0.RELEASE\plugins\org.eclipse.m2e.maven.runtime_3.9.900.20250220-2013\jars\wagon-provider-api-3.5.3.jar
2025-04-30 20:51:36,404 [Worker-13: Launching Executing clean in E__sts_demo] INFO  o.eclipse.m2e.core.internal.Bundles - getClasspathEntries(Bundle=com.google.guava_33.4.0.jre [29])
2025-04-30 20:51:36,404 [Worker-13: Launching Executing clean in E__sts_demo] INFO  o.eclipse.m2e.core.internal.Bundles - 	Entry: E:\sts-4.29.0.RELEASE\plugins\com.google.guava_33.4.0.jre.jar
2025-04-30 20:51:36,404 [Worker-13: Launching Executing clean in E__sts_demo] INFO  o.eclipse.m2e.core.internal.Bundles - getClasspathEntries(Bundle=slf4j.api_2.0.17 [608])
2025-04-30 20:51:36,405 [Worker-13: Launching Executing clean in E__sts_demo] INFO  o.eclipse.m2e.core.internal.Bundles - 	Entry: E:\sts-4.29.0.RELEASE\plugins\slf4j.api_2.0.17.jar
2025-04-30 20:51:36,405 [Worker-13: Launching Executing clean in E__sts_demo] INFO  o.eclipse.m2e.core.internal.Bundles - getClasspathEntries(Bundle=jakarta.inject.jakarta.inject-api_1.0.5 [45])
2025-04-30 20:51:36,405 [Worker-13: Launching Executing clean in E__sts_demo] INFO  o.eclipse.m2e.core.internal.Bundles - 	Entry: E:\sts-4.29.0.RELEASE\plugins\jakarta.inject.jakarta.inject-api_1.0.5.jar
2025-04-30 20:51:36,405 [Worker-13: Launching Executing clean in E__sts_demo] INFO  o.eclipse.m2e.core.internal.Bundles - getClasspathEntries(Bundle=jakarta.annotation-api_1.3.5 [41])
2025-04-30 20:51:36,405 [Worker-13: Launching Executing clean in E__sts_demo] INFO  o.eclipse.m2e.core.internal.Bundles - 	Entry: E:\sts-4.29.0.RELEASE\plugins\jakarta.annotation-api_1.3.5.jar
2025-04-30 20:51:36,405 [Worker-13: Launching Executing clean in E__sts_demo] INFO  o.eclipse.m2e.core.internal.Bundles - getClasspathEntries(Bundle=org.apache.commons.cli_1.9.0 [77])
2025-04-30 20:51:36,405 [Worker-13: Launching Executing clean in E__sts_demo] INFO  o.eclipse.m2e.core.internal.Bundles - 	Entry: E:\sts-4.29.0.RELEASE\plugins\org.apache.commons.cli_1.9.0.jar
2025-04-30 20:51:36,405 [Worker-13: Launching Executing clean in E__sts_demo] INFO  o.eclipse.m2e.core.internal.Bundles - getClasspathEntries(Bundle=org.apache.commons.commons-codec_1.16.0 [79])
2025-04-30 20:51:36,405 [Worker-13: Launching Executing clean in E__sts_demo] INFO  o.eclipse.m2e.core.internal.Bundles - 	Entry: E:\sts-4.29.0.RELEASE\plugins\org.apache.commons.commons-codec_1.16.0.jar
2025-04-30 20:51:36,405 [Worker-13: Launching Executing clean in E__sts_demo] INFO  o.eclipse.m2e.core.internal.Bundles - getClasspathEntries(Bundle=com.google.guava.failureaccess_1.0.2 [30])
2025-04-30 20:51:36,405 [Worker-13: Launching Executing clean in E__sts_demo] INFO  o.eclipse.m2e.core.internal.Bundles - 	Entry: E:\sts-4.29.0.RELEASE\plugins\com.google.guava.failureaccess_1.0.2.jar
2025-04-30 20:51:36,409 [Worker-13: Launching Executing clean in E__sts_demo] INFO  o.e.m.i.launch.MavenLaunchDelegate - Run build in "E:\sts\demo":
2025-04-30 20:51:36,413 [Worker-13: Launching Executing clean in E__sts_demo] INFO  o.e.m.i.launch.MavenLaunchDelegate -  mvn  -Ppom.xml -B -Dstyle.color=always clean
2025-04-30 20:51:38,413 [Worker-8: Building] INFO  o.a.m.s.f.DefaultMavenResourcesFiltering - Copying 1 resource from src\main\resources to target\classes
2025-04-30 20:51:38,414 [Worker-8: Building] INFO  o.a.m.s.f.DefaultMavenResourcesFiltering - Copying 7 resources from src\main\resources to target\classes
2025-04-30 20:51:38,427 [Worker-8: Building] INFO  o.a.m.s.f.DefaultMavenResourcesFiltering - skip non existing resourceDirectory E:\sts\demo\src\test\resources
2025-04-30 20:51:42,123 [Worker-8: Launching Executing install in E__sts_demo] INFO  o.eclipse.m2e.core.internal.Bundles - getClasspathEntries(Bundle=org.eclipse.m2e.maven.runtime_3.9.900.20250220-2013 [361])
2025-04-30 20:51:42,123 [Worker-8: Launching Executing install in E__sts_demo] INFO  o.eclipse.m2e.core.internal.Bundles - 	Entry: E:\sts-4.29.0.RELEASE\plugins\org.eclipse.m2e.maven.runtime_3.9.900.20250220-2013
2025-04-30 20:51:42,123 [Worker-8: Launching Executing install in E__sts_demo] INFO  o.eclipse.m2e.core.internal.Bundles - 	Entry: E:\sts-4.29.0.RELEASE\plugins\org.eclipse.m2e.maven.runtime_3.9.900.20250220-2013\jars\aopalliance-1.0.jar
2025-04-30 20:51:42,123 [Worker-8: Launching Executing install in E__sts_demo] INFO  o.eclipse.m2e.core.internal.Bundles - 	Entry: E:\sts-4.29.0.RELEASE\plugins\org.eclipse.m2e.maven.runtime_3.9.900.20250220-2013\jars\guice-5.1.0.jar
2025-04-30 20:51:42,124 [Worker-8: Launching Executing install in E__sts_demo] INFO  o.eclipse.m2e.core.internal.Bundles - 	Entry: E:\sts-4.29.0.RELEASE\plugins\org.eclipse.m2e.maven.runtime_3.9.900.20250220-2013\jars\httpclient-4.5.14.jar
2025-04-30 20:51:42,124 [Worker-8: Launching Executing install in E__sts_demo] INFO  o.eclipse.m2e.core.internal.Bundles - 	Entry: E:\sts-4.29.0.RELEASE\plugins\org.eclipse.m2e.maven.runtime_3.9.900.20250220-2013\jars\httpcore-4.4.16.jar
2025-04-30 20:51:42,124 [Worker-8: Launching Executing install in E__sts_demo] INFO  o.eclipse.m2e.core.internal.Bundles - 	Entry: E:\sts-4.29.0.RELEASE\plugins\org.eclipse.m2e.maven.runtime_3.9.900.20250220-2013\jars\jansi-2.4.1.jar
2025-04-30 20:51:42,124 [Worker-8: Launching Executing install in E__sts_demo] INFO  o.eclipse.m2e.core.internal.Bundles - 	Entry: E:\sts-4.29.0.RELEASE\plugins\org.eclipse.m2e.maven.runtime_3.9.900.20250220-2013\jars\jcl-over-slf4j-1.7.36.jar
2025-04-30 20:51:42,124 [Worker-8: Launching Executing install in E__sts_demo] INFO  o.eclipse.m2e.core.internal.Bundles - 	Entry: E:\sts-4.29.0.RELEASE\plugins\org.eclipse.m2e.maven.runtime_3.9.900.20250220-2013\jars\maven-artifact-3.9.9.jar
2025-04-30 20:51:42,124 [Worker-8: Launching Executing install in E__sts_demo] INFO  o.eclipse.m2e.core.internal.Bundles - 	Entry: E:\sts-4.29.0.RELEASE\plugins\org.eclipse.m2e.maven.runtime_3.9.900.20250220-2013\jars\maven-builder-support-3.9.9.jar
2025-04-30 20:51:42,124 [Worker-8: Launching Executing install in E__sts_demo] INFO  o.eclipse.m2e.core.internal.Bundles - 	Entry: E:\sts-4.29.0.RELEASE\plugins\org.eclipse.m2e.maven.runtime_3.9.900.20250220-2013\jars\maven-compat-3.9.9.jar
2025-04-30 20:51:42,124 [Worker-8: Launching Executing install in E__sts_demo] INFO  o.eclipse.m2e.core.internal.Bundles - 	Entry: E:\sts-4.29.0.RELEASE\plugins\org.eclipse.m2e.maven.runtime_3.9.900.20250220-2013\jars\maven-core-3.9.9.jar
2025-04-30 20:51:42,124 [Worker-8: Launching Executing install in E__sts_demo] INFO  o.eclipse.m2e.core.internal.Bundles - 	Entry: E:\sts-4.29.0.RELEASE\plugins\org.eclipse.m2e.maven.runtime_3.9.900.20250220-2013\jars\maven-embedder-3.9.9.jar
2025-04-30 20:51:42,124 [Worker-8: Launching Executing install in E__sts_demo] INFO  o.eclipse.m2e.core.internal.Bundles - 	Entry: E:\sts-4.29.0.RELEASE\plugins\org.eclipse.m2e.maven.runtime_3.9.900.20250220-2013\jars\maven-model-3.9.9.jar
2025-04-30 20:51:42,124 [Worker-8: Launching Executing install in E__sts_demo] INFO  o.eclipse.m2e.core.internal.Bundles - 	Entry: E:\sts-4.29.0.RELEASE\plugins\org.eclipse.m2e.maven.runtime_3.9.900.20250220-2013\jars\maven-model-builder-3.9.9.jar
2025-04-30 20:51:42,124 [Worker-8: Launching Executing install in E__sts_demo] INFO  o.eclipse.m2e.core.internal.Bundles - 	Entry: E:\sts-4.29.0.RELEASE\plugins\org.eclipse.m2e.maven.runtime_3.9.900.20250220-2013\jars\maven-plugin-api-3.9.9.jar
2025-04-30 20:51:42,124 [Worker-8: Launching Executing install in E__sts_demo] INFO  o.eclipse.m2e.core.internal.Bundles - 	Entry: E:\sts-4.29.0.RELEASE\plugins\org.eclipse.m2e.maven.runtime_3.9.900.20250220-2013\jars\maven-repository-metadata-3.9.9.jar
2025-04-30 20:51:42,125 [Worker-8: Launching Executing install in E__sts_demo] INFO  o.eclipse.m2e.core.internal.Bundles - 	Entry: E:\sts-4.29.0.RELEASE\plugins\org.eclipse.m2e.maven.runtime_3.9.900.20250220-2013\jars\maven-resolver-api-1.9.22.jar
2025-04-30 20:51:42,125 [Worker-8: Launching Executing install in E__sts_demo] INFO  o.eclipse.m2e.core.internal.Bundles - 	Entry: E:\sts-4.29.0.RELEASE\plugins\org.eclipse.m2e.maven.runtime_3.9.900.20250220-2013\jars\maven-resolver-connector-basic-1.9.22.jar
2025-04-30 20:51:42,125 [Worker-8: Launching Executing install in E__sts_demo] INFO  o.eclipse.m2e.core.internal.Bundles - 	Entry: E:\sts-4.29.0.RELEASE\plugins\org.eclipse.m2e.maven.runtime_3.9.900.20250220-2013\jars\maven-resolver-impl-1.9.22.jar
2025-04-30 20:51:42,125 [Worker-8: Launching Executing install in E__sts_demo] INFO  o.eclipse.m2e.core.internal.Bundles - 	Entry: E:\sts-4.29.0.RELEASE\plugins\org.eclipse.m2e.maven.runtime_3.9.900.20250220-2013\jars\maven-resolver-named-locks-1.9.22.jar
2025-04-30 20:51:42,125 [Worker-8: Launching Executing install in E__sts_demo] INFO  o.eclipse.m2e.core.internal.Bundles - 	Entry: E:\sts-4.29.0.RELEASE\plugins\org.eclipse.m2e.maven.runtime_3.9.900.20250220-2013\jars\maven-resolver-provider-3.9.9.jar
2025-04-30 20:51:42,125 [Worker-8: Launching Executing install in E__sts_demo] INFO  o.eclipse.m2e.core.internal.Bundles - 	Entry: E:\sts-4.29.0.RELEASE\plugins\org.eclipse.m2e.maven.runtime_3.9.900.20250220-2013\jars\maven-resolver-spi-1.9.22.jar
2025-04-30 20:51:42,125 [Worker-8: Launching Executing install in E__sts_demo] INFO  o.eclipse.m2e.core.internal.Bundles - 	Entry: E:\sts-4.29.0.RELEASE\plugins\org.eclipse.m2e.maven.runtime_3.9.900.20250220-2013\jars\maven-resolver-transport-file-1.9.22.jar
2025-04-30 20:51:42,125 [Worker-8: Launching Executing install in E__sts_demo] INFO  o.eclipse.m2e.core.internal.Bundles - 	Entry: E:\sts-4.29.0.RELEASE\plugins\org.eclipse.m2e.maven.runtime_3.9.900.20250220-2013\jars\maven-resolver-transport-http-1.9.22.jar
2025-04-30 20:51:42,125 [Worker-8: Launching Executing install in E__sts_demo] INFO  o.eclipse.m2e.core.internal.Bundles - 	Entry: E:\sts-4.29.0.RELEASE\plugins\org.eclipse.m2e.maven.runtime_3.9.900.20250220-2013\jars\maven-resolver-transport-wagon-1.9.22.jar
2025-04-30 20:51:42,125 [Worker-8: Launching Executing install in E__sts_demo] INFO  o.eclipse.m2e.core.internal.Bundles - 	Entry: E:\sts-4.29.0.RELEASE\plugins\org.eclipse.m2e.maven.runtime_3.9.900.20250220-2013\jars\maven-resolver-util-1.9.22.jar
2025-04-30 20:51:42,125 [Worker-8: Launching Executing install in E__sts_demo] INFO  o.eclipse.m2e.core.internal.Bundles - 	Entry: E:\sts-4.29.0.RELEASE\plugins\org.eclipse.m2e.maven.runtime_3.9.900.20250220-2013\jars\maven-settings-3.9.9.jar
2025-04-30 20:51:42,125 [Worker-8: Launching Executing install in E__sts_demo] INFO  o.eclipse.m2e.core.internal.Bundles - 	Entry: E:\sts-4.29.0.RELEASE\plugins\org.eclipse.m2e.maven.runtime_3.9.900.20250220-2013\jars\maven-settings-builder-3.9.9.jar
2025-04-30 20:51:42,125 [Worker-8: Launching Executing install in E__sts_demo] INFO  o.eclipse.m2e.core.internal.Bundles - 	Entry: E:\sts-4.29.0.RELEASE\plugins\org.eclipse.m2e.maven.runtime_3.9.900.20250220-2013\jars\maven-shared-utils-3.4.2.jar
2025-04-30 20:51:42,125 [Worker-8: Launching Executing install in E__sts_demo] INFO  o.eclipse.m2e.core.internal.Bundles - 	Entry: E:\sts-4.29.0.RELEASE\plugins\org.eclipse.m2e.maven.runtime_3.9.900.20250220-2013\jars\org.eclipse.sisu.inject-0.9.0.M3.jar
2025-04-30 20:51:42,125 [Worker-8: Launching Executing install in E__sts_demo] INFO  o.eclipse.m2e.core.internal.Bundles - 	Entry: E:\sts-4.29.0.RELEASE\plugins\org.eclipse.m2e.maven.runtime_3.9.900.20250220-2013\jars\org.eclipse.sisu.plexus-0.9.0.M3.jar
2025-04-30 20:51:42,125 [Worker-8: Launching Executing install in E__sts_demo] INFO  o.eclipse.m2e.core.internal.Bundles - 	Entry: E:\sts-4.29.0.RELEASE\plugins\org.eclipse.m2e.maven.runtime_3.9.900.20250220-2013\jars\plexus-build-api-0.0.7.jar
2025-04-30 20:51:42,125 [Worker-8: Launching Executing install in E__sts_demo] INFO  o.eclipse.m2e.core.internal.Bundles - 	Entry: E:\sts-4.29.0.RELEASE\plugins\org.eclipse.m2e.maven.runtime_3.9.900.20250220-2013\jars\plexus-build-api-1.2.0.jar
2025-04-30 20:51:42,125 [Worker-8: Launching Executing install in E__sts_demo] INFO  o.eclipse.m2e.core.internal.Bundles - 	Entry: E:\sts-4.29.0.RELEASE\plugins\org.eclipse.m2e.maven.runtime_3.9.900.20250220-2013\jars\plexus-cipher-2.0.jar
2025-04-30 20:51:42,126 [Worker-8: Launching Executing install in E__sts_demo] INFO  o.eclipse.m2e.core.internal.Bundles - 	Entry: E:\sts-4.29.0.RELEASE\plugins\org.eclipse.m2e.maven.runtime_3.9.900.20250220-2013\jars\plexus-classworlds-2.8.0.jar
2025-04-30 20:51:42,126 [Worker-8: Launching Executing install in E__sts_demo] INFO  o.eclipse.m2e.core.internal.Bundles - 	Entry: E:\sts-4.29.0.RELEASE\plugins\org.eclipse.m2e.maven.runtime_3.9.900.20250220-2013\jars\plexus-component-annotations-2.1.0.jar
2025-04-30 20:51:42,126 [Worker-8: Launching Executing install in E__sts_demo] INFO  o.eclipse.m2e.core.internal.Bundles - 	Entry: E:\sts-4.29.0.RELEASE\plugins\org.eclipse.m2e.maven.runtime_3.9.900.20250220-2013\jars\plexus-interpolation-1.27.jar
2025-04-30 20:51:42,126 [Worker-8: Launching Executing install in E__sts_demo] INFO  o.eclipse.m2e.core.internal.Bundles - 	Entry: E:\sts-4.29.0.RELEASE\plugins\org.eclipse.m2e.maven.runtime_3.9.900.20250220-2013\jars\plexus-sec-dispatcher-2.0.jar
2025-04-30 20:51:42,126 [Worker-8: Launching Executing install in E__sts_demo] INFO  o.eclipse.m2e.core.internal.Bundles - 	Entry: E:\sts-4.29.0.RELEASE\plugins\org.eclipse.m2e.maven.runtime_3.9.900.20250220-2013\jars\plexus-utils-3.5.1.jar
2025-04-30 20:51:42,126 [Worker-8: Launching Executing install in E__sts_demo] INFO  o.eclipse.m2e.core.internal.Bundles - 	Entry: E:\sts-4.29.0.RELEASE\plugins\org.eclipse.m2e.maven.runtime_3.9.900.20250220-2013\jars\plexus-xml-3.0.1.jar
2025-04-30 20:51:42,126 [Worker-8: Launching Executing install in E__sts_demo] INFO  o.eclipse.m2e.core.internal.Bundles - 	Entry: E:\sts-4.29.0.RELEASE\plugins\org.eclipse.m2e.maven.runtime_3.9.900.20250220-2013\jars\wagon-file-3.5.3.jar
2025-04-30 20:51:42,126 [Worker-8: Launching Executing install in E__sts_demo] INFO  o.eclipse.m2e.core.internal.Bundles - 	Entry: E:\sts-4.29.0.RELEASE\plugins\org.eclipse.m2e.maven.runtime_3.9.900.20250220-2013\jars\wagon-http-3.5.3.jar
2025-04-30 20:51:42,126 [Worker-8: Launching Executing install in E__sts_demo] INFO  o.eclipse.m2e.core.internal.Bundles - 	Entry: E:\sts-4.29.0.RELEASE\plugins\org.eclipse.m2e.maven.runtime_3.9.900.20250220-2013\jars\wagon-http-shared-3.5.3.jar
2025-04-30 20:51:42,126 [Worker-8: Launching Executing install in E__sts_demo] INFO  o.eclipse.m2e.core.internal.Bundles - 	Entry: E:\sts-4.29.0.RELEASE\plugins\org.eclipse.m2e.maven.runtime_3.9.900.20250220-2013\jars\wagon-provider-api-3.5.3.jar
2025-04-30 20:51:42,126 [Worker-8: Launching Executing install in E__sts_demo] INFO  o.eclipse.m2e.core.internal.Bundles - getClasspathEntries(Bundle=com.google.guava_33.4.0.jre [29])
2025-04-30 20:51:42,126 [Worker-8: Launching Executing install in E__sts_demo] INFO  o.eclipse.m2e.core.internal.Bundles - 	Entry: E:\sts-4.29.0.RELEASE\plugins\com.google.guava_33.4.0.jre.jar
2025-04-30 20:51:42,126 [Worker-8: Launching Executing install in E__sts_demo] INFO  o.eclipse.m2e.core.internal.Bundles - getClasspathEntries(Bundle=slf4j.api_2.0.17 [608])
2025-04-30 20:51:42,126 [Worker-8: Launching Executing install in E__sts_demo] INFO  o.eclipse.m2e.core.internal.Bundles - 	Entry: E:\sts-4.29.0.RELEASE\plugins\slf4j.api_2.0.17.jar
2025-04-30 20:51:42,126 [Worker-8: Launching Executing install in E__sts_demo] INFO  o.eclipse.m2e.core.internal.Bundles - getClasspathEntries(Bundle=jakarta.inject.jakarta.inject-api_1.0.5 [45])
2025-04-30 20:51:42,126 [Worker-8: Launching Executing install in E__sts_demo] INFO  o.eclipse.m2e.core.internal.Bundles - 	Entry: E:\sts-4.29.0.RELEASE\plugins\jakarta.inject.jakarta.inject-api_1.0.5.jar
2025-04-30 20:51:42,126 [Worker-8: Launching Executing install in E__sts_demo] INFO  o.eclipse.m2e.core.internal.Bundles - getClasspathEntries(Bundle=jakarta.annotation-api_1.3.5 [41])
2025-04-30 20:51:42,126 [Worker-8: Launching Executing install in E__sts_demo] INFO  o.eclipse.m2e.core.internal.Bundles - 	Entry: E:\sts-4.29.0.RELEASE\plugins\jakarta.annotation-api_1.3.5.jar
2025-04-30 20:51:42,126 [Worker-8: Launching Executing install in E__sts_demo] INFO  o.eclipse.m2e.core.internal.Bundles - getClasspathEntries(Bundle=org.apache.commons.cli_1.9.0 [77])
2025-04-30 20:51:42,127 [Worker-8: Launching Executing install in E__sts_demo] INFO  o.eclipse.m2e.core.internal.Bundles - 	Entry: E:\sts-4.29.0.RELEASE\plugins\org.apache.commons.cli_1.9.0.jar
2025-04-30 20:51:42,127 [Worker-8: Launching Executing install in E__sts_demo] INFO  o.eclipse.m2e.core.internal.Bundles - getClasspathEntries(Bundle=org.apache.commons.commons-codec_1.16.0 [79])
2025-04-30 20:51:42,127 [Worker-8: Launching Executing install in E__sts_demo] INFO  o.eclipse.m2e.core.internal.Bundles - 	Entry: E:\sts-4.29.0.RELEASE\plugins\org.apache.commons.commons-codec_1.16.0.jar
2025-04-30 20:51:42,127 [Worker-8: Launching Executing install in E__sts_demo] INFO  o.eclipse.m2e.core.internal.Bundles - getClasspathEntries(Bundle=com.google.guava.failureaccess_1.0.2 [30])
2025-04-30 20:51:42,127 [Worker-8: Launching Executing install in E__sts_demo] INFO  o.eclipse.m2e.core.internal.Bundles - 	Entry: E:\sts-4.29.0.RELEASE\plugins\com.google.guava.failureaccess_1.0.2.jar
2025-04-30 20:51:42,127 [Worker-8: Launching Executing install in E__sts_demo] INFO  o.e.m.i.launch.MavenLaunchDelegate - Run build in "E:\sts\demo":
2025-04-30 20:51:42,128 [Worker-8: Launching Executing install in E__sts_demo] INFO  o.e.m.i.launch.MavenLaunchDelegate -  mvn  -Ppom.xml -B -Dstyle.color=always install
2025-04-30 20:51:45,091 [Worker-16: Building] INFO  o.a.m.s.f.DefaultMavenResourcesFiltering - Copying 1 resource from src\main\resources to target\classes
2025-04-30 20:51:45,092 [Worker-16: Building] INFO  o.a.m.s.f.DefaultMavenResourcesFiltering - Copying 7 resources from src\main\resources to target\classes
2025-04-30 20:51:45,102 [Worker-16: Building] INFO  o.a.m.s.f.DefaultMavenResourcesFiltering - skip non existing resourceDirectory E:\sts\demo\src\test\resources
2025-04-30 20:58:56,238 [Worker-16: Building] INFO  o.e.m.c.i.l.LifecycleMappingFactory - Using org.eclipse.m2e.jdt.JarLifecycleMapping lifecycle mapping for MavenProject: com.example:dem:0.0.1-SNAPSHOT @ E:\sts\demo\pom.xml.
2025-04-30 20:58:56,694 [Worker-16: Building] INFO  o.a.m.s.f.DefaultMavenResourcesFiltering - Copying 0 resource from src\main\resources to target\classes
2025-04-30 20:58:56,694 [Worker-16: Building] INFO  o.a.m.s.f.DefaultMavenResourcesFiltering - Copying 0 resource from src\main\resources to target\classes
2025-04-30 20:58:56,698 [Worker-16: Building] INFO  o.a.m.s.f.DefaultMavenResourcesFiltering - skip non existing resourceDirectory E:\sts\demo\src\test\resources
2025-04-30 20:58:58,227 [Worker-22: Updating Maven Project] INFO  o.e.m.c.i.p.ProjectConfigurationManager - Update started
2025-04-30 20:58:59,476 [Worker-22: Updating Maven Project] INFO  o.e.m.c.i.l.LifecycleMappingFactory - Using org.eclipse.m2e.jdt.JarLifecycleMapping lifecycle mapping for MavenProject: com.example:dem:0.0.1-SNAPSHOT @ E:\sts\demo\pom.xml.
2025-04-30 20:59:00,135 [Worker-22: Updating Maven Project] INFO  o.e.m.j.i.AbstractJavaProjectConfigurator - Adding source folder /demo/src/main/java
2025-04-30 20:59:00,135 [Worker-22: Updating Maven Project] INFO  o.e.m.j.i.AbstractJavaProjectConfigurator - Adding resource folder /demo/src/main/resources
2025-04-30 20:59:00,136 [Worker-22: Updating Maven Project] INFO  o.e.m.j.i.AbstractJavaProjectConfigurator - Adding resource folder /demo/src/main/resources
2025-04-30 20:59:00,136 [Worker-22: Updating Maven Project] INFO  o.e.m.j.i.AbstractJavaProjectConfigurator - Adding source folder /demo/src/test/java
2025-04-30 20:59:00,137 [Worker-22: Updating Maven Project] INFO  o.e.m.j.i.AbstractJavaProjectConfigurator - Adding resource folder /demo/src/test/resources
2025-04-30 20:59:00,654 [Worker-22: Updating Maven Project] INFO  o.e.m.c.i.p.ProjectConfigurationManager - Update completed for 1 poms: local refresh takes 0.00 sec, refresh facades takes 1.00 sec, update config takes 0.00 sec 
2025-04-30 20:59:01,182 [Worker-23: Building] INFO  o.a.m.s.f.DefaultMavenResourcesFiltering - Copying 1 resource from src\main\resources to target\classes
2025-04-30 20:59:01,202 [Worker-23: Building] INFO  o.a.m.s.f.DefaultMavenResourcesFiltering - Copying 7 resources from src\main\resources to target\classes
2025-04-30 20:59:01,221 [Worker-23: Building] INFO  o.a.m.s.f.DefaultMavenResourcesFiltering - skip non existing resourceDirectory E:\sts\demo\src\test\resources
2025-04-30 20:59:23,407 [Worker-17: Download sources and javadoc] INFO  o.e.m.c.i.e.AbstractTransferListenerAdapter - Downloading https://repo.maven.apache.org/maven2/org/springframework/boot/spring-boot-starter-data-mongodb/3.2.0/spring-boot-starter-data-mongodb-3.2.0-sources.jar
2025-04-30 20:59:23,444 [Worker-17: Download sources and javadoc] INFO  o.e.m.c.i.e.AbstractTransferListenerAdapter - Downloaded https://repo.maven.apache.org/maven2/org/springframework/boot/spring-boot-starter-data-mongodb/3.2.0/spring-boot-starter-data-mongodb-3.2.0-sources.jar
2025-04-30 20:59:23,451 [Worker-17: Download sources and javadoc] INFO  o.e.m.j.internal.DownloadSourcesJob - Downloaded sources for org.springframework.boot:spring-boot-starter-data-mongodb:3.2.0
2025-04-30 20:59:37,823 [Worker-17: Download sources and javadoc] INFO  o.e.m.c.i.e.AbstractTransferListenerAdapter - Downloading https://repo.maven.apache.org/maven2/org/springframework/boot/spring-boot-starter/3.2.0/spring-boot-starter-3.2.0-sources.jar
2025-04-30 20:59:37,833 [Worker-17: Download sources and javadoc] INFO  o.e.m.c.i.e.AbstractTransferListenerAdapter - Downloaded https://repo.maven.apache.org/maven2/org/springframework/boot/spring-boot-starter/3.2.0/spring-boot-starter-3.2.0-sources.jar
2025-04-30 20:59:37,839 [Worker-17: Download sources and javadoc] INFO  o.e.m.j.internal.DownloadSourcesJob - Downloaded sources for org.springframework.boot:spring-boot-starter:3.2.0
2025-04-30 20:59:47,668 [Worker-17: Download sources and javadoc] INFO  o.e.m.c.i.e.AbstractTransferListenerAdapter - Downloading https://repo.maven.apache.org/maven2/org/springframework/boot/spring-boot/3.2.0/spring-boot-3.2.0-sources.jar
2025-04-30 20:59:47,980 [Worker-17: Download sources and javadoc] INFO  o.e.m.c.i.e.AbstractTransferListenerAdapter - Downloaded https://repo.maven.apache.org/maven2/org/springframework/boot/spring-boot/3.2.0/spring-boot-3.2.0-sources.jar
2025-04-30 20:59:47,982 [Worker-17: Download sources and javadoc] INFO  o.e.m.j.internal.DownloadSourcesJob - Downloaded sources for org.springframework.boot:spring-boot:3.2.0
2025-04-30 20:59:57,050 [Worker-17: Download sources and javadoc] INFO  o.e.m.c.i.e.AbstractTransferListenerAdapter - Downloading https://repo.maven.apache.org/maven2/org/springframework/boot/spring-boot-autoconfigure/3.2.0/spring-boot-autoconfigure-3.2.0-sources.jar
2025-04-30 20:59:57,451 [Worker-17: Download sources and javadoc] INFO  o.e.m.c.i.e.AbstractTransferListenerAdapter - Downloaded https://repo.maven.apache.org/maven2/org/springframework/boot/spring-boot-autoconfigure/3.2.0/spring-boot-autoconfigure-3.2.0-sources.jar
2025-04-30 20:59:57,455 [Worker-17: Download sources and javadoc] INFO  o.e.m.j.internal.DownloadSourcesJob - Downloaded sources for org.springframework.boot:spring-boot-autoconfigure:3.2.0
2025-04-30 21:00:04,776 [Worker-17: Download sources and javadoc] INFO  o.e.m.c.i.e.AbstractTransferListenerAdapter - Downloading https://repo.maven.apache.org/maven2/org/springframework/boot/spring-boot-starter-logging/3.2.0/spring-boot-starter-logging-3.2.0-sources.jar
2025-04-30 21:00:04,784 [Worker-17: Download sources and javadoc] INFO  o.e.m.c.i.e.AbstractTransferListenerAdapter - Downloaded https://repo.maven.apache.org/maven2/org/springframework/boot/spring-boot-starter-logging/3.2.0/spring-boot-starter-logging-3.2.0-sources.jar
2025-04-30 21:00:04,789 [Worker-17: Download sources and javadoc] INFO  o.e.m.j.internal.DownloadSourcesJob - Downloaded sources for org.springframework.boot:spring-boot-starter-logging:3.2.0
2025-04-30 21:00:05,266 [Worker-22: Building] INFO  o.a.m.s.f.DefaultMavenResourcesFiltering - Copying 0 resource from src\main\resources to target\classes
2025-04-30 21:00:05,267 [Worker-22: Building] INFO  o.a.m.s.f.DefaultMavenResourcesFiltering - Copying 1 resource from src\main\resources to target\classes
2025-04-30 21:00:05,271 [Worker-22: Building] INFO  o.a.m.s.f.DefaultMavenResourcesFiltering - skip non existing resourceDirectory E:\sts\demo\src\test\resources
2025-04-30 21:00:07,168 [Worker-20: Building] INFO  o.a.m.s.f.DefaultMavenResourcesFiltering - Copying 0 resource from src\main\resources to target\classes
2025-04-30 21:00:07,169 [Worker-20: Building] INFO  o.a.m.s.f.DefaultMavenResourcesFiltering - Copying 1 resource from src\main\resources to target\classes
2025-04-30 21:00:07,174 [Worker-20: Building] INFO  o.a.m.s.f.DefaultMavenResourcesFiltering - skip non existing resourceDirectory E:\sts\demo\src\test\resources
2025-04-30 21:00:09,048 [Worker-24: Building] INFO  o.a.m.s.f.DefaultMavenResourcesFiltering - Copying 0 resource from src\main\resources to target\classes
2025-04-30 21:00:09,050 [Worker-24: Building] INFO  o.a.m.s.f.DefaultMavenResourcesFiltering - Copying 1 resource from src\main\resources to target\classes
2025-04-30 21:00:09,064 [Worker-24: Building] INFO  o.a.m.s.f.DefaultMavenResourcesFiltering - skip non existing resourceDirectory E:\sts\demo\src\test\resources
2025-04-30 21:00:12,093 [Worker-27: Building] INFO  o.a.m.s.f.DefaultMavenResourcesFiltering - Copying 0 resource from src\main\resources to target\classes
2025-04-30 21:00:12,094 [Worker-27: Building] INFO  o.a.m.s.f.DefaultMavenResourcesFiltering - Copying 1 resource from src\main\resources to target\classes
2025-04-30 21:00:12,101 [Worker-27: Building] INFO  o.a.m.s.f.DefaultMavenResourcesFiltering - skip non existing resourceDirectory E:\sts\demo\src\test\resources
2025-04-30 21:00:14,183 [Worker-17: Download sources and javadoc] INFO  o.e.m.c.i.e.AbstractTransferListenerAdapter - Downloading https://repo.maven.apache.org/maven2/ch/qos/logback/logback-classic/1.4.11/logback-classic-1.4.11-sources.jar
2025-04-30 21:00:14,407 [Worker-17: Download sources and javadoc] INFO  o.e.m.c.i.e.AbstractTransferListenerAdapter - Downloaded https://repo.maven.apache.org/maven2/ch/qos/logback/logback-classic/1.4.11/logback-classic-1.4.11-sources.jar
2025-04-30 21:00:14,414 [Worker-17: Download sources and javadoc] INFO  o.e.m.j.internal.DownloadSourcesJob - Downloaded sources for ch.qos.logback:logback-classic:1.4.11
2025-04-30 21:00:14,560 [Worker-20: Building] INFO  o.a.m.s.f.DefaultMavenResourcesFiltering - Copying 0 resource from src\main\resources to target\classes
2025-04-30 21:00:14,561 [Worker-20: Building] INFO  o.a.m.s.f.DefaultMavenResourcesFiltering - Copying 1 resource from src\main\resources to target\classes
2025-04-30 21:00:14,570 [Worker-20: Building] INFO  o.a.m.s.f.DefaultMavenResourcesFiltering - skip non existing resourceDirectory E:\sts\demo\src\test\resources
2025-04-30 21:00:16,535 [Worker-18: Building] INFO  o.a.m.s.f.DefaultMavenResourcesFiltering - Copying 0 resource from src\main\resources to target\classes
2025-04-30 21:00:16,536 [Worker-18: Building] INFO  o.a.m.s.f.DefaultMavenResourcesFiltering - Copying 1 resource from src\main\resources to target\classes
2025-04-30 21:00:16,540 [Worker-18: Building] INFO  o.a.m.s.f.DefaultMavenResourcesFiltering - skip non existing resourceDirectory E:\sts\demo\src\test\resources
2025-04-30 21:00:18,047 [Worker-29: Building] INFO  o.a.m.s.f.DefaultMavenResourcesFiltering - Copying 0 resource from src\main\resources to target\classes
2025-04-30 21:00:18,047 [Worker-29: Building] INFO  o.a.m.s.f.DefaultMavenResourcesFiltering - Copying 1 resource from src\main\resources to target\classes
2025-04-30 21:00:18,052 [Worker-29: Building] INFO  o.a.m.s.f.DefaultMavenResourcesFiltering - skip non existing resourceDirectory E:\sts\demo\src\test\resources
2025-04-30 21:00:38,354 [Worker-17: Download sources and javadoc] INFO  o.e.m.c.i.e.AbstractTransferListenerAdapter - Downloading https://repo.maven.apache.org/maven2/ch/qos/logback/logback-core/1.4.11/logback-core-1.4.11-sources.jar
2025-04-30 21:00:38,617 [Worker-17: Download sources and javadoc] INFO  o.e.m.c.i.e.AbstractTransferListenerAdapter - Downloaded https://repo.maven.apache.org/maven2/ch/qos/logback/logback-core/1.4.11/logback-core-1.4.11-sources.jar
2025-04-30 21:00:38,621 [Worker-17: Download sources and javadoc] INFO  o.e.m.j.internal.DownloadSourcesJob - Downloaded sources for ch.qos.logback:logback-core:1.4.11
2025-04-30 21:00:57,910 [Worker-17: Download sources and javadoc] INFO  o.e.m.c.i.e.AbstractTransferListenerAdapter - Downloading https://repo.maven.apache.org/maven2/org/slf4j/jul-to-slf4j/2.0.9/jul-to-slf4j-2.0.9-sources.jar
2025-04-30 21:00:57,916 [Worker-17: Download sources and javadoc] INFO  o.e.m.c.i.e.AbstractTransferListenerAdapter - Downloaded https://repo.maven.apache.org/maven2/org/slf4j/jul-to-slf4j/2.0.9/jul-to-slf4j-2.0.9-sources.jar
2025-04-30 21:00:57,923 [Worker-17: Download sources and javadoc] INFO  o.e.m.j.internal.DownloadSourcesJob - Downloaded sources for org.slf4j:jul-to-slf4j:2.0.9
2025-04-30 21:01:08,028 [Worker-17: Download sources and javadoc] INFO  o.e.m.c.i.e.AbstractTransferListenerAdapter - Downloaded https://repo.maven.apache.org/maven2/org/springframework/data/spring-data-mongodb/4.2.0/spring-data-mongodb-4.2.0-sources.jar
2025-04-30 21:01:08,035 [Worker-17: Download sources and javadoc] ERROR o.e.m.j.internal.DownloadSourcesJob - Could not download sources for org.springframework.data:spring-data-mongodb:4.2.0
org.eclipse.core.runtime.CoreException: Could not resolve artifact org.springframework.data:spring-data-mongodb:jar:sources:4.2.0
	at org.eclipse.m2e.core.internal.embedder.MavenImpl.lambda$7(MavenImpl.java:540)
	at org.eclipse.m2e.core.internal.embedder.MavenExecutionContext.executeBare(MavenExecutionContext.java:458)
	at org.eclipse.m2e.core.internal.embedder.MavenExecutionContext.execute(MavenExecutionContext.java:292)
	at org.eclipse.m2e.core.internal.embedder.MavenExecutionContext.execute(MavenExecutionContext.java:278)
	at org.eclipse.m2e.core.internal.embedder.MavenImpl.resolve(MavenImpl.java:509)
	at org.eclipse.m2e.core.internal.embedder.MavenImpl.resolve(MavenImpl.java:494)
	at org.eclipse.m2e.jdt.internal.DownloadSourcesJob.download(DownloadSourcesJob.java:308)
	at org.eclipse.m2e.jdt.internal.DownloadSourcesJob.downloadAttachments(DownloadSourcesJob.java:282)
	at org.eclipse.m2e.jdt.internal.DownloadSourcesJob.downloadMaven(DownloadSourcesJob.java:252)
	at org.eclipse.m2e.jdt.internal.DownloadSourcesJob.downloadFilesAndPopulateToUpdate(DownloadSourcesJob.java:220)
	at org.eclipse.m2e.jdt.internal.DownloadSourcesJob.lambda$0(DownloadSourcesJob.java:149)
	at org.eclipse.m2e.core.internal.embedder.MavenExecutionContext.executeBare(MavenExecutionContext.java:458)
	at org.eclipse.m2e.core.internal.embedder.MavenExecutionContext.execute(MavenExecutionContext.java:339)
	at org.eclipse.m2e.core.internal.embedder.MavenExecutionContext.execute(MavenExecutionContext.java:278)
	at org.eclipse.m2e.core.embedder.IMaven.execute(IMaven.java:300)
	at org.eclipse.m2e.jdt.internal.DownloadSourcesJob.run(DownloadSourcesJob.java:149)
	at org.eclipse.core.internal.jobs.Worker.run(Worker.java:63)
2025-04-30 21:01:18,283 [Worker-17: Download sources and javadoc] INFO  o.e.m.c.i.e.AbstractTransferListenerAdapter - Downloaded https://repo.maven.apache.org/maven2/org/springframework/spring-tx/6.1.1/spring-tx-6.1.1-sources.jar
2025-04-30 21:01:18,287 [Worker-17: Download sources and javadoc] ERROR o.e.m.j.internal.DownloadSourcesJob - Could not download sources for org.springframework:spring-tx:6.1.1
org.eclipse.core.runtime.CoreException: Could not resolve artifact org.springframework:spring-tx:jar:sources:6.1.1
	at org.eclipse.m2e.core.internal.embedder.MavenImpl.lambda$7(MavenImpl.java:540)
	at org.eclipse.m2e.core.internal.embedder.MavenExecutionContext.executeBare(MavenExecutionContext.java:458)
	at org.eclipse.m2e.core.internal.embedder.MavenExecutionContext.execute(MavenExecutionContext.java:292)
	at org.eclipse.m2e.core.internal.embedder.MavenExecutionContext.execute(MavenExecutionContext.java:278)
	at org.eclipse.m2e.core.internal.embedder.MavenImpl.resolve(MavenImpl.java:509)
	at org.eclipse.m2e.core.internal.embedder.MavenImpl.resolve(MavenImpl.java:494)
	at org.eclipse.m2e.jdt.internal.DownloadSourcesJob.download(DownloadSourcesJob.java:308)
	at org.eclipse.m2e.jdt.internal.DownloadSourcesJob.downloadAttachments(DownloadSourcesJob.java:282)
	at org.eclipse.m2e.jdt.internal.DownloadSourcesJob.downloadMaven(DownloadSourcesJob.java:252)
	at org.eclipse.m2e.jdt.internal.DownloadSourcesJob.downloadFilesAndPopulateToUpdate(DownloadSourcesJob.java:220)
	at org.eclipse.m2e.jdt.internal.DownloadSourcesJob.lambda$0(DownloadSourcesJob.java:149)
	at org.eclipse.m2e.core.internal.embedder.MavenExecutionContext.executeBare(MavenExecutionContext.java:458)
	at org.eclipse.m2e.core.internal.embedder.MavenExecutionContext.execute(MavenExecutionContext.java:339)
	at org.eclipse.m2e.core.internal.embedder.MavenExecutionContext.execute(MavenExecutionContext.java:278)
	at org.eclipse.m2e.core.embedder.IMaven.execute(IMaven.java:300)
	at org.eclipse.m2e.jdt.internal.DownloadSourcesJob.run(DownloadSourcesJob.java:149)
	at org.eclipse.core.internal.jobs.Worker.run(Worker.java:63)
2025-04-30 21:01:28,349 [Worker-17: Download sources and javadoc] INFO  o.e.m.c.i.e.AbstractTransferListenerAdapter - Downloaded https://repo.maven.apache.org/maven2/org/springframework/spring-context/6.1.1/spring-context-6.1.1-sources.jar
2025-04-30 21:01:28,352 [Worker-17: Download sources and javadoc] ERROR o.e.m.j.internal.DownloadSourcesJob - Could not download sources for org.springframework:spring-context:6.1.1
org.eclipse.core.runtime.CoreException: Could not resolve artifact org.springframework:spring-context:jar:sources:6.1.1
	at org.eclipse.m2e.core.internal.embedder.MavenImpl.lambda$7(MavenImpl.java:540)
	at org.eclipse.m2e.core.internal.embedder.MavenExecutionContext.executeBare(MavenExecutionContext.java:458)
	at org.eclipse.m2e.core.internal.embedder.MavenExecutionContext.execute(MavenExecutionContext.java:292)
	at org.eclipse.m2e.core.internal.embedder.MavenExecutionContext.execute(MavenExecutionContext.java:278)
	at org.eclipse.m2e.core.internal.embedder.MavenImpl.resolve(MavenImpl.java:509)
	at org.eclipse.m2e.core.internal.embedder.MavenImpl.resolve(MavenImpl.java:494)
	at org.eclipse.m2e.jdt.internal.DownloadSourcesJob.download(DownloadSourcesJob.java:308)
	at org.eclipse.m2e.jdt.internal.DownloadSourcesJob.downloadAttachments(DownloadSourcesJob.java:282)
	at org.eclipse.m2e.jdt.internal.DownloadSourcesJob.downloadMaven(DownloadSourcesJob.java:252)
	at org.eclipse.m2e.jdt.internal.DownloadSourcesJob.downloadFilesAndPopulateToUpdate(DownloadSourcesJob.java:220)
	at org.eclipse.m2e.jdt.internal.DownloadSourcesJob.lambda$0(DownloadSourcesJob.java:149)
	at org.eclipse.m2e.core.internal.embedder.MavenExecutionContext.executeBare(MavenExecutionContext.java:458)
	at org.eclipse.m2e.core.internal.embedder.MavenExecutionContext.execute(MavenExecutionContext.java:339)
	at org.eclipse.m2e.core.internal.embedder.MavenExecutionContext.execute(MavenExecutionContext.java:278)
	at org.eclipse.m2e.core.embedder.IMaven.execute(IMaven.java:300)
	at org.eclipse.m2e.jdt.internal.DownloadSourcesJob.run(DownloadSourcesJob.java:149)
	at org.eclipse.core.internal.jobs.Worker.run(Worker.java:63)
2025-04-30 21:01:35,649 [Worker-17: Download sources and javadoc] INFO  o.e.m.c.i.e.AbstractTransferListenerAdapter - Downloading https://repo.maven.apache.org/maven2/org/springframework/spring-beans/6.1.1/spring-beans-6.1.1-sources.jar
2025-04-30 21:01:36,195 [Worker-17: Download sources and javadoc] INFO  o.e.m.c.i.e.AbstractTransferListenerAdapter - Downloaded https://repo.maven.apache.org/maven2/org/springframework/spring-beans/6.1.1/spring-beans-6.1.1-sources.jar
2025-04-30 21:01:36,204 [Worker-17: Download sources and javadoc] INFO  o.e.m.j.internal.DownloadSourcesJob - Downloaded sources for org.springframework:spring-beans:6.1.1
2025-04-30 21:01:36,674 [Worker-17: Download sources and javadoc] INFO  o.e.m.c.i.e.AbstractTransferListenerAdapter - Downloading https://repo.maven.apache.org/maven2/org/springframework/spring-expression/6.1.1/spring-expression-6.1.1-sources.jar
2025-04-30 21:01:36,873 [Worker-17: Download sources and javadoc] INFO  o.e.m.c.i.e.AbstractTransferListenerAdapter - Downloaded https://repo.maven.apache.org/maven2/org/springframework/spring-expression/6.1.1/spring-expression-6.1.1-sources.jar
2025-04-30 21:01:36,879 [Worker-17: Download sources and javadoc] INFO  o.e.m.j.internal.DownloadSourcesJob - Downloaded sources for org.springframework:spring-expression:6.1.1
2025-04-30 21:01:37,098 [Worker-17: Download sources and javadoc] INFO  o.e.m.c.i.e.AbstractTransferListenerAdapter - Downloading https://repo.maven.apache.org/maven2/org/springframework/data/spring-data-commons/3.2.0/spring-data-commons-3.2.0-sources.jar
2025-04-30 21:01:37,657 [Worker-17: Download sources and javadoc] INFO  o.e.m.c.i.e.AbstractTransferListenerAdapter - Downloaded https://repo.maven.apache.org/maven2/org/springframework/data/spring-data-commons/3.2.0/spring-data-commons-3.2.0-sources.jar
2025-04-30 21:01:37,665 [Worker-17: Download sources and javadoc] INFO  o.e.m.j.internal.DownloadSourcesJob - Downloaded sources for org.springframework.data:spring-data-commons:3.2.0
2025-04-30 21:01:37,879 [Worker-17: Download sources and javadoc] INFO  o.e.m.c.i.e.AbstractTransferListenerAdapter - Downloading https://repo.maven.apache.org/maven2/org/slf4j/slf4j-api/2.0.9/slf4j-api-2.0.9-sources.jar
2025-04-30 21:01:37,949 [Worker-17: Download sources and javadoc] INFO  o.e.m.c.i.e.AbstractTransferListenerAdapter - Downloaded https://repo.maven.apache.org/maven2/org/slf4j/slf4j-api/2.0.9/slf4j-api-2.0.9-sources.jar
2025-04-30 21:01:37,961 [Worker-17: Download sources and javadoc] INFO  o.e.m.j.internal.DownloadSourcesJob - Downloaded sources for org.slf4j:slf4j-api:2.0.9
2025-04-30 21:01:38,099 [Worker-17: Download sources and javadoc] INFO  o.e.m.c.i.e.AbstractTransferListenerAdapter - Downloading https://repo.maven.apache.org/maven2/org/springframework/boot/spring-boot-starter-web/3.2.0/spring-boot-starter-web-3.2.0-sources.jar
2025-04-30 21:01:38,120 [Worker-17: Download sources and javadoc] INFO  o.e.m.c.i.e.AbstractTransferListenerAdapter - Downloaded https://repo.maven.apache.org/maven2/org/springframework/boot/spring-boot-starter-web/3.2.0/spring-boot-starter-web-3.2.0-sources.jar
2025-04-30 21:01:38,131 [Worker-17: Download sources and javadoc] INFO  o.e.m.j.internal.DownloadSourcesJob - Downloaded sources for org.springframework.boot:spring-boot-starter-web:3.2.0
2025-04-30 21:01:38,335 [Worker-17: Download sources and javadoc] INFO  o.e.m.c.i.e.AbstractTransferListenerAdapter - Downloading https://repo.maven.apache.org/maven2/org/springframework/boot/spring-boot-starter-json/3.2.0/spring-boot-starter-json-3.2.0-sources.jar
2025-04-30 21:01:38,347 [Worker-17: Download sources and javadoc] INFO  o.e.m.c.i.e.AbstractTransferListenerAdapter - Downloaded https://repo.maven.apache.org/maven2/org/springframework/boot/spring-boot-starter-json/3.2.0/spring-boot-starter-json-3.2.0-sources.jar
2025-04-30 21:01:38,354 [Worker-17: Download sources and javadoc] INFO  o.e.m.j.internal.DownloadSourcesJob - Downloaded sources for org.springframework.boot:spring-boot-starter-json:3.2.0
2025-04-30 21:01:38,492 [Worker-17: Download sources and javadoc] INFO  o.e.m.c.i.e.AbstractTransferListenerAdapter - Downloading https://repo.maven.apache.org/maven2/org/springframework/boot/spring-boot-starter-tomcat/3.2.0/spring-boot-starter-tomcat-3.2.0-sources.jar
2025-04-30 21:01:38,505 [Worker-17: Download sources and javadoc] INFO  o.e.m.c.i.e.AbstractTransferListenerAdapter - Downloaded https://repo.maven.apache.org/maven2/org/springframework/boot/spring-boot-starter-tomcat/3.2.0/spring-boot-starter-tomcat-3.2.0-sources.jar
2025-04-30 21:01:38,513 [Worker-17: Download sources and javadoc] INFO  o.e.m.j.internal.DownloadSourcesJob - Downloaded sources for org.springframework.boot:spring-boot-starter-tomcat:3.2.0
2025-04-30 21:01:38,666 [Worker-17: Download sources and javadoc] INFO  o.e.m.c.i.e.AbstractTransferListenerAdapter - Downloading https://repo.maven.apache.org/maven2/org/apache/tomcat/embed/tomcat-embed-core/10.1.16/tomcat-embed-core-10.1.16-sources.jar
2025-04-30 21:01:40,106 [Worker-17: Download sources and javadoc] INFO  o.e.m.c.i.e.AbstractTransferListenerAdapter - Downloaded https://repo.maven.apache.org/maven2/org/apache/tomcat/embed/tomcat-embed-core/10.1.16/tomcat-embed-core-10.1.16-sources.jar
2025-04-30 21:01:40,114 [Worker-17: Download sources and javadoc] INFO  o.e.m.j.internal.DownloadSourcesJob - Downloaded sources for org.apache.tomcat.embed:tomcat-embed-core:10.1.16
2025-04-30 21:01:40,779 [Worker-17: Download sources and javadoc] INFO  o.e.m.c.i.e.AbstractTransferListenerAdapter - Downloading https://repo.maven.apache.org/maven2/org/apache/tomcat/embed/tomcat-embed-el/10.1.16/tomcat-embed-el-10.1.16-sources.jar
2025-04-30 21:01:41,001 [Worker-17: Download sources and javadoc] INFO  o.e.m.c.i.e.AbstractTransferListenerAdapter - Downloaded https://repo.maven.apache.org/maven2/org/apache/tomcat/embed/tomcat-embed-el/10.1.16/tomcat-embed-el-10.1.16-sources.jar
2025-04-30 21:01:41,015 [Worker-17: Download sources and javadoc] INFO  o.e.m.j.internal.DownloadSourcesJob - Downloaded sources for org.apache.tomcat.embed:tomcat-embed-el:10.1.16
2025-04-30 21:01:41,453 [Worker-17: Download sources and javadoc] INFO  o.e.m.c.i.e.AbstractTransferListenerAdapter - Downloading https://repo.maven.apache.org/maven2/org/apache/tomcat/embed/tomcat-embed-websocket/10.1.16/tomcat-embed-websocket-10.1.16-sources.jar
2025-04-30 21:01:41,690 [Worker-17: Download sources and javadoc] INFO  o.e.m.c.i.e.AbstractTransferListenerAdapter - Downloaded https://repo.maven.apache.org/maven2/org/apache/tomcat/embed/tomcat-embed-websocket/10.1.16/tomcat-embed-websocket-10.1.16-sources.jar
2025-04-30 21:01:41,706 [Worker-17: Download sources and javadoc] INFO  o.e.m.j.internal.DownloadSourcesJob - Downloaded sources for org.apache.tomcat.embed:tomcat-embed-websocket:10.1.16
2025-04-30 21:01:42,149 [Worker-17: Download sources and javadoc] INFO  o.e.m.c.i.e.AbstractTransferListenerAdapter - Downloading https://repo.maven.apache.org/maven2/org/springframework/spring-web/6.1.1/spring-web-6.1.1-sources.jar
2025-04-30 21:01:42,651 [Worker-17: Download sources and javadoc] INFO  o.e.m.c.i.e.AbstractTransferListenerAdapter - Downloaded https://repo.maven.apache.org/maven2/org/springframework/spring-web/6.1.1/spring-web-6.1.1-sources.jar
2025-04-30 21:01:42,725 [Worker-17: Download sources and javadoc] INFO  o.e.m.j.internal.DownloadSourcesJob - Downloaded sources for org.springframework:spring-web:6.1.1
2025-04-30 21:01:44,030 [Worker-17: Download sources and javadoc] INFO  o.e.m.c.i.e.AbstractTransferListenerAdapter - Downloading https://repo.maven.apache.org/maven2/io/micrometer/micrometer-observation/1.12.0/micrometer-observation-1.12.0-sources.jar
2025-04-30 21:01:44,320 [Worker-17: Download sources and javadoc] INFO  o.e.m.c.i.e.AbstractTransferListenerAdapter - Downloaded https://repo.maven.apache.org/maven2/io/micrometer/micrometer-observation/1.12.0/micrometer-observation-1.12.0-sources.jar
2025-04-30 21:01:44,341 [Worker-17: Download sources and javadoc] INFO  o.e.m.j.internal.DownloadSourcesJob - Downloaded sources for io.micrometer:micrometer-observation:1.12.0
2025-04-30 21:01:44,638 [Worker-17: Download sources and javadoc] INFO  o.e.m.c.i.e.AbstractTransferListenerAdapter - Downloading https://repo.maven.apache.org/maven2/io/micrometer/micrometer-commons/1.12.0/micrometer-commons-1.12.0-sources.jar
2025-04-30 21:01:44,774 [Worker-17: Download sources and javadoc] INFO  o.e.m.c.i.e.AbstractTransferListenerAdapter - Downloaded https://repo.maven.apache.org/maven2/io/micrometer/micrometer-commons/1.12.0/micrometer-commons-1.12.0-sources.jar
2025-04-30 21:01:44,787 [Worker-17: Download sources and javadoc] INFO  o.e.m.j.internal.DownloadSourcesJob - Downloaded sources for io.micrometer:micrometer-commons:1.12.0
2025-04-30 21:01:45,058 [Worker-17: Download sources and javadoc] INFO  o.e.m.c.i.e.AbstractTransferListenerAdapter - Downloading https://repo.maven.apache.org/maven2/org/springframework/spring-webmvc/6.1.1/spring-webmvc-6.1.1-sources.jar
2025-04-30 21:01:45,356 [Worker-17: Download sources and javadoc] INFO  o.e.m.c.i.e.AbstractTransferListenerAdapter - Downloaded https://repo.maven.apache.org/maven2/org/springframework/spring-webmvc/6.1.1/spring-webmvc-6.1.1-sources.jar
2025-04-30 21:01:45,366 [Worker-17: Download sources and javadoc] INFO  o.e.m.j.internal.DownloadSourcesJob - Downloaded sources for org.springframework:spring-webmvc:6.1.1
2025-04-30 21:01:45,709 [Worker-17: Download sources and javadoc] INFO  o.e.m.c.i.e.AbstractTransferListenerAdapter - Downloading https://repo.maven.apache.org/maven2/org/springframework/spring-aop/6.1.1/spring-aop-6.1.1-sources.jar
2025-04-30 21:01:45,901 [Worker-17: Download sources and javadoc] INFO  o.e.m.c.i.e.AbstractTransferListenerAdapter - Downloaded https://repo.maven.apache.org/maven2/org/springframework/spring-aop/6.1.1/spring-aop-6.1.1-sources.jar
2025-04-30 21:01:45,912 [Worker-17: Download sources and javadoc] INFO  o.e.m.j.internal.DownloadSourcesJob - Downloaded sources for org.springframework:spring-aop:6.1.1
2025-04-30 21:01:46,500 [Worker-17: Download sources and javadoc] INFO  o.e.m.c.i.e.AbstractTransferListenerAdapter - Downloading https://repo.maven.apache.org/maven2/org/springframework/boot/spring-boot-starter-test/3.2.0/spring-boot-starter-test-3.2.0-sources.jar
2025-04-30 21:01:46,512 [Worker-17: Download sources and javadoc] INFO  o.e.m.c.i.e.AbstractTransferListenerAdapter - Downloaded https://repo.maven.apache.org/maven2/org/springframework/boot/spring-boot-starter-test/3.2.0/spring-boot-starter-test-3.2.0-sources.jar
2025-04-30 21:01:46,522 [Worker-17: Download sources and javadoc] INFO  o.e.m.j.internal.DownloadSourcesJob - Downloaded sources for org.springframework.boot:spring-boot-starter-test:3.2.0
2025-04-30 21:01:47,192 [Worker-17: Download sources and javadoc] INFO  o.e.m.c.i.e.AbstractTransferListenerAdapter - Downloading https://repo.maven.apache.org/maven2/org/springframework/boot/spring-boot-test/3.2.0/spring-boot-test-3.2.0-sources.jar
2025-04-30 21:01:47,403 [Worker-17: Download sources and javadoc] INFO  o.e.m.c.i.e.AbstractTransferListenerAdapter - Downloaded https://repo.maven.apache.org/maven2/org/springframework/boot/spring-boot-test/3.2.0/spring-boot-test-3.2.0-sources.jar
2025-04-30 21:01:47,412 [Worker-17: Download sources and javadoc] INFO  o.e.m.j.internal.DownloadSourcesJob - Downloaded sources for org.springframework.boot:spring-boot-test:3.2.0
2025-04-30 21:01:47,917 [Worker-17: Download sources and javadoc] INFO  o.e.m.c.i.e.AbstractTransferListenerAdapter - Downloading https://repo.maven.apache.org/maven2/org/springframework/boot/spring-boot-test-autoconfigure/3.2.0/spring-boot-test-autoconfigure-3.2.0-sources.jar
2025-04-30 21:01:48,133 [Worker-17: Download sources and javadoc] INFO  o.e.m.c.i.e.AbstractTransferListenerAdapter - Downloaded https://repo.maven.apache.org/maven2/org/springframework/boot/spring-boot-test-autoconfigure/3.2.0/spring-boot-test-autoconfigure-3.2.0-sources.jar
2025-04-30 21:01:48,148 [Worker-17: Download sources and javadoc] INFO  o.e.m.j.internal.DownloadSourcesJob - Downloaded sources for org.springframework.boot:spring-boot-test-autoconfigure:3.2.0
2025-04-30 21:01:48,589 [Worker-17: Download sources and javadoc] INFO  o.e.m.c.i.e.AbstractTransferListenerAdapter - Downloading https://repo.maven.apache.org/maven2/net/bytebuddy/byte-buddy/1.14.10/byte-buddy-1.14.10-sources.jar
2025-04-30 21:01:49,223 [Worker-17: Download sources and javadoc] INFO  o.e.m.c.i.e.AbstractTransferListenerAdapter - Downloaded https://repo.maven.apache.org/maven2/net/bytebuddy/byte-buddy/1.14.10/byte-buddy-1.14.10-sources.jar
2025-04-30 21:01:49,234 [Worker-17: Download sources and javadoc] INFO  o.e.m.j.internal.DownloadSourcesJob - Downloaded sources for net.bytebuddy:byte-buddy:1.14.10
2025-04-30 21:01:49,868 [Worker-17: Download sources and javadoc] INFO  o.e.m.c.i.e.AbstractTransferListenerAdapter - Downloading https://repo.maven.apache.org/maven2/net/bytebuddy/byte-buddy-agent/1.14.10/byte-buddy-agent-1.14.10-sources.jar
2025-04-30 21:01:50,054 [Worker-17: Download sources and javadoc] INFO  o.e.m.c.i.e.AbstractTransferListenerAdapter - Downloaded https://repo.maven.apache.org/maven2/net/bytebuddy/byte-buddy-agent/1.14.10/byte-buddy-agent-1.14.10-sources.jar
2025-04-30 21:01:50,070 [Worker-17: Download sources and javadoc] INFO  o.e.m.j.internal.DownloadSourcesJob - Downloaded sources for net.bytebuddy:byte-buddy-agent:1.14.10
2025-04-30 21:01:51,004 [Worker-17: Download sources and javadoc] INFO  o.e.m.c.i.e.AbstractTransferListenerAdapter - Downloading https://repo.maven.apache.org/maven2/org/springframework/spring-core/6.1.1/spring-core-6.1.1-sources.jar
2025-04-30 21:01:52,018 [Worker-17: Download sources and javadoc] INFO  o.e.m.c.i.e.AbstractTransferListenerAdapter - Downloaded https://repo.maven.apache.org/maven2/org/springframework/spring-core/6.1.1/spring-core-6.1.1-sources.jar
2025-04-30 21:01:52,034 [Worker-17: Download sources and javadoc] INFO  o.e.m.j.internal.DownloadSourcesJob - Downloaded sources for org.springframework:spring-core:6.1.1
2025-04-30 21:01:53,900 [Worker-17: Download sources and javadoc] INFO  o.e.m.c.i.e.AbstractTransferListenerAdapter - Downloading https://repo.maven.apache.org/maven2/org/springframework/spring-jcl/6.1.1/spring-jcl-6.1.1-sources.jar
2025-04-30 21:01:53,977 [Worker-17: Download sources and javadoc] INFO  o.e.m.c.i.e.AbstractTransferListenerAdapter - Downloaded https://repo.maven.apache.org/maven2/org/springframework/spring-jcl/6.1.1/spring-jcl-6.1.1-sources.jar
2025-04-30 21:01:53,992 [Worker-17: Download sources and javadoc] INFO  o.e.m.j.internal.DownloadSourcesJob - Downloaded sources for org.springframework:spring-jcl:6.1.1
2025-04-30 21:01:57,026 [Worker-17: Download sources and javadoc] INFO  o.e.m.c.i.e.AbstractTransferListenerAdapter - Downloading https://repo.maven.apache.org/maven2/org/springframework/spring-test/6.1.1/spring-test-6.1.1-sources.jar
2025-04-30 21:01:57,672 [Worker-17: Download sources and javadoc] INFO  o.e.m.c.i.e.AbstractTransferListenerAdapter - Downloaded https://repo.maven.apache.org/maven2/org/springframework/spring-test/6.1.1/spring-test-6.1.1-sources.jar
2025-04-30 21:01:57,683 [Worker-17: Download sources and javadoc] INFO  o.e.m.j.internal.DownloadSourcesJob - Downloaded sources for org.springframework:spring-test:6.1.1
2025-04-30 21:04:41,117 [Worker-17: Building] INFO  o.a.m.s.f.DefaultMavenResourcesFiltering - Copying 1 resource from src\main\resources to target\classes
2025-04-30 21:04:41,122 [Worker-17: Building] INFO  o.a.m.s.f.DefaultMavenResourcesFiltering - Copying 7 resources from src\main\resources to target\classes
2025-04-30 21:04:41,125 [Worker-17: Building] INFO  o.a.m.s.f.DefaultMavenResourcesFiltering - skip non existing resourceDirectory E:\sts\demo\src\test\resources
2025-04-30 21:04:47,013 [Worker-8: Launching Executing clean in E__sts_demo] INFO  o.eclipse.m2e.core.internal.Bundles - getClasspathEntries(Bundle=org.eclipse.m2e.maven.runtime_3.9.900.20250220-2013 [361])
2025-04-30 21:04:47,015 [Worker-8: Launching Executing clean in E__sts_demo] INFO  o.eclipse.m2e.core.internal.Bundles - 	Entry: E:\sts-4.29.0.RELEASE\plugins\org.eclipse.m2e.maven.runtime_3.9.900.20250220-2013
2025-04-30 21:04:47,015 [Worker-8: Launching Executing clean in E__sts_demo] INFO  o.eclipse.m2e.core.internal.Bundles - 	Entry: E:\sts-4.29.0.RELEASE\plugins\org.eclipse.m2e.maven.runtime_3.9.900.20250220-2013\jars\aopalliance-1.0.jar
2025-04-30 21:04:47,015 [Worker-8: Launching Executing clean in E__sts_demo] INFO  o.eclipse.m2e.core.internal.Bundles - 	Entry: E:\sts-4.29.0.RELEASE\plugins\org.eclipse.m2e.maven.runtime_3.9.900.20250220-2013\jars\guice-5.1.0.jar
2025-04-30 21:04:47,015 [Worker-8: Launching Executing clean in E__sts_demo] INFO  o.eclipse.m2e.core.internal.Bundles - 	Entry: E:\sts-4.29.0.RELEASE\plugins\org.eclipse.m2e.maven.runtime_3.9.900.20250220-2013\jars\httpclient-4.5.14.jar
2025-04-30 21:04:47,015 [Worker-8: Launching Executing clean in E__sts_demo] INFO  o.eclipse.m2e.core.internal.Bundles - 	Entry: E:\sts-4.29.0.RELEASE\plugins\org.eclipse.m2e.maven.runtime_3.9.900.20250220-2013\jars\httpcore-4.4.16.jar
2025-04-30 21:04:47,015 [Worker-8: Launching Executing clean in E__sts_demo] INFO  o.eclipse.m2e.core.internal.Bundles - 	Entry: E:\sts-4.29.0.RELEASE\plugins\org.eclipse.m2e.maven.runtime_3.9.900.20250220-2013\jars\jansi-2.4.1.jar
2025-04-30 21:04:47,015 [Worker-8: Launching Executing clean in E__sts_demo] INFO  o.eclipse.m2e.core.internal.Bundles - 	Entry: E:\sts-4.29.0.RELEASE\plugins\org.eclipse.m2e.maven.runtime_3.9.900.20250220-2013\jars\jcl-over-slf4j-1.7.36.jar
2025-04-30 21:04:47,015 [Worker-8: Launching Executing clean in E__sts_demo] INFO  o.eclipse.m2e.core.internal.Bundles - 	Entry: E:\sts-4.29.0.RELEASE\plugins\org.eclipse.m2e.maven.runtime_3.9.900.20250220-2013\jars\maven-artifact-3.9.9.jar
2025-04-30 21:04:47,015 [Worker-8: Launching Executing clean in E__sts_demo] INFO  o.eclipse.m2e.core.internal.Bundles - 	Entry: E:\sts-4.29.0.RELEASE\plugins\org.eclipse.m2e.maven.runtime_3.9.900.20250220-2013\jars\maven-builder-support-3.9.9.jar
2025-04-30 21:04:47,015 [Worker-8: Launching Executing clean in E__sts_demo] INFO  o.eclipse.m2e.core.internal.Bundles - 	Entry: E:\sts-4.29.0.RELEASE\plugins\org.eclipse.m2e.maven.runtime_3.9.900.20250220-2013\jars\maven-compat-3.9.9.jar
2025-04-30 21:04:47,015 [Worker-8: Launching Executing clean in E__sts_demo] INFO  o.eclipse.m2e.core.internal.Bundles - 	Entry: E:\sts-4.29.0.RELEASE\plugins\org.eclipse.m2e.maven.runtime_3.9.900.20250220-2013\jars\maven-core-3.9.9.jar
2025-04-30 21:04:47,016 [Worker-8: Launching Executing clean in E__sts_demo] INFO  o.eclipse.m2e.core.internal.Bundles - 	Entry: E:\sts-4.29.0.RELEASE\plugins\org.eclipse.m2e.maven.runtime_3.9.900.20250220-2013\jars\maven-embedder-3.9.9.jar
2025-04-30 21:04:47,016 [Worker-8: Launching Executing clean in E__sts_demo] INFO  o.eclipse.m2e.core.internal.Bundles - 	Entry: E:\sts-4.29.0.RELEASE\plugins\org.eclipse.m2e.maven.runtime_3.9.900.20250220-2013\jars\maven-model-3.9.9.jar
2025-04-30 21:04:47,016 [Worker-8: Launching Executing clean in E__sts_demo] INFO  o.eclipse.m2e.core.internal.Bundles - 	Entry: E:\sts-4.29.0.RELEASE\plugins\org.eclipse.m2e.maven.runtime_3.9.900.20250220-2013\jars\maven-model-builder-3.9.9.jar
2025-04-30 21:04:47,016 [Worker-8: Launching Executing clean in E__sts_demo] INFO  o.eclipse.m2e.core.internal.Bundles - 	Entry: E:\sts-4.29.0.RELEASE\plugins\org.eclipse.m2e.maven.runtime_3.9.900.20250220-2013\jars\maven-plugin-api-3.9.9.jar
2025-04-30 21:04:47,016 [Worker-8: Launching Executing clean in E__sts_demo] INFO  o.eclipse.m2e.core.internal.Bundles - 	Entry: E:\sts-4.29.0.RELEASE\plugins\org.eclipse.m2e.maven.runtime_3.9.900.20250220-2013\jars\maven-repository-metadata-3.9.9.jar
2025-04-30 21:04:47,016 [Worker-8: Launching Executing clean in E__sts_demo] INFO  o.eclipse.m2e.core.internal.Bundles - 	Entry: E:\sts-4.29.0.RELEASE\plugins\org.eclipse.m2e.maven.runtime_3.9.900.20250220-2013\jars\maven-resolver-api-1.9.22.jar
2025-04-30 21:04:47,016 [Worker-8: Launching Executing clean in E__sts_demo] INFO  o.eclipse.m2e.core.internal.Bundles - 	Entry: E:\sts-4.29.0.RELEASE\plugins\org.eclipse.m2e.maven.runtime_3.9.900.20250220-2013\jars\maven-resolver-connector-basic-1.9.22.jar
2025-04-30 21:04:47,016 [Worker-8: Launching Executing clean in E__sts_demo] INFO  o.eclipse.m2e.core.internal.Bundles - 	Entry: E:\sts-4.29.0.RELEASE\plugins\org.eclipse.m2e.maven.runtime_3.9.900.20250220-2013\jars\maven-resolver-impl-1.9.22.jar
2025-04-30 21:04:47,016 [Worker-8: Launching Executing clean in E__sts_demo] INFO  o.eclipse.m2e.core.internal.Bundles - 	Entry: E:\sts-4.29.0.RELEASE\plugins\org.eclipse.m2e.maven.runtime_3.9.900.20250220-2013\jars\maven-resolver-named-locks-1.9.22.jar
2025-04-30 21:04:47,017 [Worker-8: Launching Executing clean in E__sts_demo] INFO  o.eclipse.m2e.core.internal.Bundles - 	Entry: E:\sts-4.29.0.RELEASE\plugins\org.eclipse.m2e.maven.runtime_3.9.900.20250220-2013\jars\maven-resolver-provider-3.9.9.jar
2025-04-30 21:04:47,017 [Worker-8: Launching Executing clean in E__sts_demo] INFO  o.eclipse.m2e.core.internal.Bundles - 	Entry: E:\sts-4.29.0.RELEASE\plugins\org.eclipse.m2e.maven.runtime_3.9.900.20250220-2013\jars\maven-resolver-spi-1.9.22.jar
2025-04-30 21:04:47,017 [Worker-8: Launching Executing clean in E__sts_demo] INFO  o.eclipse.m2e.core.internal.Bundles - 	Entry: E:\sts-4.29.0.RELEASE\plugins\org.eclipse.m2e.maven.runtime_3.9.900.20250220-2013\jars\maven-resolver-transport-file-1.9.22.jar
2025-04-30 21:04:47,017 [Worker-8: Launching Executing clean in E__sts_demo] INFO  o.eclipse.m2e.core.internal.Bundles - 	Entry: E:\sts-4.29.0.RELEASE\plugins\org.eclipse.m2e.maven.runtime_3.9.900.20250220-2013\jars\maven-resolver-transport-http-1.9.22.jar
2025-04-30 21:04:47,017 [Worker-8: Launching Executing clean in E__sts_demo] INFO  o.eclipse.m2e.core.internal.Bundles - 	Entry: E:\sts-4.29.0.RELEASE\plugins\org.eclipse.m2e.maven.runtime_3.9.900.20250220-2013\jars\maven-resolver-transport-wagon-1.9.22.jar
2025-04-30 21:04:47,017 [Worker-8: Launching Executing clean in E__sts_demo] INFO  o.eclipse.m2e.core.internal.Bundles - 	Entry: E:\sts-4.29.0.RELEASE\plugins\org.eclipse.m2e.maven.runtime_3.9.900.20250220-2013\jars\maven-resolver-util-1.9.22.jar
2025-04-30 21:04:47,017 [Worker-8: Launching Executing clean in E__sts_demo] INFO  o.eclipse.m2e.core.internal.Bundles - 	Entry: E:\sts-4.29.0.RELEASE\plugins\org.eclipse.m2e.maven.runtime_3.9.900.20250220-2013\jars\maven-settings-3.9.9.jar
2025-04-30 21:04:47,017 [Worker-8: Launching Executing clean in E__sts_demo] INFO  o.eclipse.m2e.core.internal.Bundles - 	Entry: E:\sts-4.29.0.RELEASE\plugins\org.eclipse.m2e.maven.runtime_3.9.900.20250220-2013\jars\maven-settings-builder-3.9.9.jar
2025-04-30 21:04:47,018 [Worker-8: Launching Executing clean in E__sts_demo] INFO  o.eclipse.m2e.core.internal.Bundles - 	Entry: E:\sts-4.29.0.RELEASE\plugins\org.eclipse.m2e.maven.runtime_3.9.900.20250220-2013\jars\maven-shared-utils-3.4.2.jar
2025-04-30 21:04:47,018 [Worker-8: Launching Executing clean in E__sts_demo] INFO  o.eclipse.m2e.core.internal.Bundles - 	Entry: E:\sts-4.29.0.RELEASE\plugins\org.eclipse.m2e.maven.runtime_3.9.900.20250220-2013\jars\org.eclipse.sisu.inject-0.9.0.M3.jar
2025-04-30 21:04:47,018 [Worker-8: Launching Executing clean in E__sts_demo] INFO  o.eclipse.m2e.core.internal.Bundles - 	Entry: E:\sts-4.29.0.RELEASE\plugins\org.eclipse.m2e.maven.runtime_3.9.900.20250220-2013\jars\org.eclipse.sisu.plexus-0.9.0.M3.jar
2025-04-30 21:04:47,018 [Worker-8: Launching Executing clean in E__sts_demo] INFO  o.eclipse.m2e.core.internal.Bundles - 	Entry: E:\sts-4.29.0.RELEASE\plugins\org.eclipse.m2e.maven.runtime_3.9.900.20250220-2013\jars\plexus-build-api-0.0.7.jar
2025-04-30 21:04:47,018 [Worker-8: Launching Executing clean in E__sts_demo] INFO  o.eclipse.m2e.core.internal.Bundles - 	Entry: E:\sts-4.29.0.RELEASE\plugins\org.eclipse.m2e.maven.runtime_3.9.900.20250220-2013\jars\plexus-build-api-1.2.0.jar
2025-04-30 21:04:47,018 [Worker-8: Launching Executing clean in E__sts_demo] INFO  o.eclipse.m2e.core.internal.Bundles - 	Entry: E:\sts-4.29.0.RELEASE\plugins\org.eclipse.m2e.maven.runtime_3.9.900.20250220-2013\jars\plexus-cipher-2.0.jar
2025-04-30 21:04:47,018 [Worker-8: Launching Executing clean in E__sts_demo] INFO  o.eclipse.m2e.core.internal.Bundles - 	Entry: E:\sts-4.29.0.RELEASE\plugins\org.eclipse.m2e.maven.runtime_3.9.900.20250220-2013\jars\plexus-classworlds-2.8.0.jar
2025-04-30 21:04:47,018 [Worker-8: Launching Executing clean in E__sts_demo] INFO  o.eclipse.m2e.core.internal.Bundles - 	Entry: E:\sts-4.29.0.RELEASE\plugins\org.eclipse.m2e.maven.runtime_3.9.900.20250220-2013\jars\plexus-component-annotations-2.1.0.jar
2025-04-30 21:04:47,018 [Worker-8: Launching Executing clean in E__sts_demo] INFO  o.eclipse.m2e.core.internal.Bundles - 	Entry: E:\sts-4.29.0.RELEASE\plugins\org.eclipse.m2e.maven.runtime_3.9.900.20250220-2013\jars\plexus-interpolation-1.27.jar
2025-04-30 21:04:47,018 [Worker-8: Launching Executing clean in E__sts_demo] INFO  o.eclipse.m2e.core.internal.Bundles - 	Entry: E:\sts-4.29.0.RELEASE\plugins\org.eclipse.m2e.maven.runtime_3.9.900.20250220-2013\jars\plexus-sec-dispatcher-2.0.jar
2025-04-30 21:04:47,018 [Worker-8: Launching Executing clean in E__sts_demo] INFO  o.eclipse.m2e.core.internal.Bundles - 	Entry: E:\sts-4.29.0.RELEASE\plugins\org.eclipse.m2e.maven.runtime_3.9.900.20250220-2013\jars\plexus-utils-3.5.1.jar
2025-04-30 21:04:47,018 [Worker-8: Launching Executing clean in E__sts_demo] INFO  o.eclipse.m2e.core.internal.Bundles - 	Entry: E:\sts-4.29.0.RELEASE\plugins\org.eclipse.m2e.maven.runtime_3.9.900.20250220-2013\jars\plexus-xml-3.0.1.jar
2025-04-30 21:04:47,018 [Worker-8: Launching Executing clean in E__sts_demo] INFO  o.eclipse.m2e.core.internal.Bundles - 	Entry: E:\sts-4.29.0.RELEASE\plugins\org.eclipse.m2e.maven.runtime_3.9.900.20250220-2013\jars\wagon-file-3.5.3.jar
2025-04-30 21:04:47,018 [Worker-8: Launching Executing clean in E__sts_demo] INFO  o.eclipse.m2e.core.internal.Bundles - 	Entry: E:\sts-4.29.0.RELEASE\plugins\org.eclipse.m2e.maven.runtime_3.9.900.20250220-2013\jars\wagon-http-3.5.3.jar
2025-04-30 21:04:47,018 [Worker-8: Launching Executing clean in E__sts_demo] INFO  o.eclipse.m2e.core.internal.Bundles - 	Entry: E:\sts-4.29.0.RELEASE\plugins\org.eclipse.m2e.maven.runtime_3.9.900.20250220-2013\jars\wagon-http-shared-3.5.3.jar
2025-04-30 21:04:47,019 [Worker-8: Launching Executing clean in E__sts_demo] INFO  o.eclipse.m2e.core.internal.Bundles - 	Entry: E:\sts-4.29.0.RELEASE\plugins\org.eclipse.m2e.maven.runtime_3.9.900.20250220-2013\jars\wagon-provider-api-3.5.3.jar
2025-04-30 21:04:47,019 [Worker-8: Launching Executing clean in E__sts_demo] INFO  o.eclipse.m2e.core.internal.Bundles - getClasspathEntries(Bundle=com.google.guava_33.4.0.jre [29])
2025-04-30 21:04:47,020 [Worker-8: Launching Executing clean in E__sts_demo] INFO  o.eclipse.m2e.core.internal.Bundles - 	Entry: E:\sts-4.29.0.RELEASE\plugins\com.google.guava_33.4.0.jre.jar
2025-04-30 21:04:47,020 [Worker-8: Launching Executing clean in E__sts_demo] INFO  o.eclipse.m2e.core.internal.Bundles - getClasspathEntries(Bundle=slf4j.api_2.0.17 [608])
2025-04-30 21:04:47,020 [Worker-8: Launching Executing clean in E__sts_demo] INFO  o.eclipse.m2e.core.internal.Bundles - 	Entry: E:\sts-4.29.0.RELEASE\plugins\slf4j.api_2.0.17.jar
2025-04-30 21:04:47,020 [Worker-8: Launching Executing clean in E__sts_demo] INFO  o.eclipse.m2e.core.internal.Bundles - getClasspathEntries(Bundle=jakarta.inject.jakarta.inject-api_1.0.5 [45])
2025-04-30 21:04:47,020 [Worker-8: Launching Executing clean in E__sts_demo] INFO  o.eclipse.m2e.core.internal.Bundles - 	Entry: E:\sts-4.29.0.RELEASE\plugins\jakarta.inject.jakarta.inject-api_1.0.5.jar
2025-04-30 21:04:47,020 [Worker-8: Launching Executing clean in E__sts_demo] INFO  o.eclipse.m2e.core.internal.Bundles - getClasspathEntries(Bundle=jakarta.annotation-api_1.3.5 [41])
2025-04-30 21:04:47,020 [Worker-8: Launching Executing clean in E__sts_demo] INFO  o.eclipse.m2e.core.internal.Bundles - 	Entry: E:\sts-4.29.0.RELEASE\plugins\jakarta.annotation-api_1.3.5.jar
2025-04-30 21:04:47,020 [Worker-8: Launching Executing clean in E__sts_demo] INFO  o.eclipse.m2e.core.internal.Bundles - getClasspathEntries(Bundle=org.apache.commons.cli_1.9.0 [77])
2025-04-30 21:04:47,021 [Worker-8: Launching Executing clean in E__sts_demo] INFO  o.eclipse.m2e.core.internal.Bundles - 	Entry: E:\sts-4.29.0.RELEASE\plugins\org.apache.commons.cli_1.9.0.jar
2025-04-30 21:04:47,021 [Worker-8: Launching Executing clean in E__sts_demo] INFO  o.eclipse.m2e.core.internal.Bundles - getClasspathEntries(Bundle=org.apache.commons.commons-codec_1.16.0 [79])
2025-04-30 21:04:47,021 [Worker-8: Launching Executing clean in E__sts_demo] INFO  o.eclipse.m2e.core.internal.Bundles - 	Entry: E:\sts-4.29.0.RELEASE\plugins\org.apache.commons.commons-codec_1.16.0.jar
2025-04-30 21:04:47,021 [Worker-8: Launching Executing clean in E__sts_demo] INFO  o.eclipse.m2e.core.internal.Bundles - getClasspathEntries(Bundle=com.google.guava.failureaccess_1.0.2 [30])
2025-04-30 21:04:47,021 [Worker-8: Launching Executing clean in E__sts_demo] INFO  o.eclipse.m2e.core.internal.Bundles - 	Entry: E:\sts-4.29.0.RELEASE\plugins\com.google.guava.failureaccess_1.0.2.jar
2025-04-30 21:04:47,022 [Worker-8: Launching Executing clean in E__sts_demo] INFO  o.e.m.i.launch.MavenLaunchDelegate - Run build in "E:\sts\demo":
2025-04-30 21:04:47,022 [Worker-8: Launching Executing clean in E__sts_demo] INFO  o.e.m.i.launch.MavenLaunchDelegate -  mvn  -B -Dstyle.color=always clean
2025-04-30 21:04:53,237 [Worker-17: Launching Executing install in E__sts_demo] INFO  o.eclipse.m2e.core.internal.Bundles - getClasspathEntries(Bundle=org.eclipse.m2e.maven.runtime_3.9.900.20250220-2013 [361])
2025-04-30 21:04:53,238 [Worker-17: Launching Executing install in E__sts_demo] INFO  o.eclipse.m2e.core.internal.Bundles - 	Entry: E:\sts-4.29.0.RELEASE\plugins\org.eclipse.m2e.maven.runtime_3.9.900.20250220-2013
2025-04-30 21:04:53,238 [Worker-17: Launching Executing install in E__sts_demo] INFO  o.eclipse.m2e.core.internal.Bundles - 	Entry: E:\sts-4.29.0.RELEASE\plugins\org.eclipse.m2e.maven.runtime_3.9.900.20250220-2013\jars\aopalliance-1.0.jar
2025-04-30 21:04:53,238 [Worker-17: Launching Executing install in E__sts_demo] INFO  o.eclipse.m2e.core.internal.Bundles - 	Entry: E:\sts-4.29.0.RELEASE\plugins\org.eclipse.m2e.maven.runtime_3.9.900.20250220-2013\jars\guice-5.1.0.jar
2025-04-30 21:04:53,238 [Worker-17: Launching Executing install in E__sts_demo] INFO  o.eclipse.m2e.core.internal.Bundles - 	Entry: E:\sts-4.29.0.RELEASE\plugins\org.eclipse.m2e.maven.runtime_3.9.900.20250220-2013\jars\httpclient-4.5.14.jar
2025-04-30 21:04:53,238 [Worker-17: Launching Executing install in E__sts_demo] INFO  o.eclipse.m2e.core.internal.Bundles - 	Entry: E:\sts-4.29.0.RELEASE\plugins\org.eclipse.m2e.maven.runtime_3.9.900.20250220-2013\jars\httpcore-4.4.16.jar
2025-04-30 21:04:53,238 [Worker-17: Launching Executing install in E__sts_demo] INFO  o.eclipse.m2e.core.internal.Bundles - 	Entry: E:\sts-4.29.0.RELEASE\plugins\org.eclipse.m2e.maven.runtime_3.9.900.20250220-2013\jars\jansi-2.4.1.jar
2025-04-30 21:04:53,238 [Worker-17: Launching Executing install in E__sts_demo] INFO  o.eclipse.m2e.core.internal.Bundles - 	Entry: E:\sts-4.29.0.RELEASE\plugins\org.eclipse.m2e.maven.runtime_3.9.900.20250220-2013\jars\jcl-over-slf4j-1.7.36.jar
2025-04-30 21:04:53,238 [Worker-17: Launching Executing install in E__sts_demo] INFO  o.eclipse.m2e.core.internal.Bundles - 	Entry: E:\sts-4.29.0.RELEASE\plugins\org.eclipse.m2e.maven.runtime_3.9.900.20250220-2013\jars\maven-artifact-3.9.9.jar
2025-04-30 21:04:53,238 [Worker-17: Launching Executing install in E__sts_demo] INFO  o.eclipse.m2e.core.internal.Bundles - 	Entry: E:\sts-4.29.0.RELEASE\plugins\org.eclipse.m2e.maven.runtime_3.9.900.20250220-2013\jars\maven-builder-support-3.9.9.jar
2025-04-30 21:04:53,238 [Worker-17: Launching Executing install in E__sts_demo] INFO  o.eclipse.m2e.core.internal.Bundles - 	Entry: E:\sts-4.29.0.RELEASE\plugins\org.eclipse.m2e.maven.runtime_3.9.900.20250220-2013\jars\maven-compat-3.9.9.jar
2025-04-30 21:04:53,238 [Worker-17: Launching Executing install in E__sts_demo] INFO  o.eclipse.m2e.core.internal.Bundles - 	Entry: E:\sts-4.29.0.RELEASE\plugins\org.eclipse.m2e.maven.runtime_3.9.900.20250220-2013\jars\maven-core-3.9.9.jar
2025-04-30 21:04:53,239 [Worker-17: Launching Executing install in E__sts_demo] INFO  o.eclipse.m2e.core.internal.Bundles - 	Entry: E:\sts-4.29.0.RELEASE\plugins\org.eclipse.m2e.maven.runtime_3.9.900.20250220-2013\jars\maven-embedder-3.9.9.jar
2025-04-30 21:04:53,239 [Worker-17: Launching Executing install in E__sts_demo] INFO  o.eclipse.m2e.core.internal.Bundles - 	Entry: E:\sts-4.29.0.RELEASE\plugins\org.eclipse.m2e.maven.runtime_3.9.900.20250220-2013\jars\maven-model-3.9.9.jar
2025-04-30 21:04:53,239 [Worker-17: Launching Executing install in E__sts_demo] INFO  o.eclipse.m2e.core.internal.Bundles - 	Entry: E:\sts-4.29.0.RELEASE\plugins\org.eclipse.m2e.maven.runtime_3.9.900.20250220-2013\jars\maven-model-builder-3.9.9.jar
2025-04-30 21:04:53,239 [Worker-17: Launching Executing install in E__sts_demo] INFO  o.eclipse.m2e.core.internal.Bundles - 	Entry: E:\sts-4.29.0.RELEASE\plugins\org.eclipse.m2e.maven.runtime_3.9.900.20250220-2013\jars\maven-plugin-api-3.9.9.jar
2025-04-30 21:04:53,239 [Worker-17: Launching Executing install in E__sts_demo] INFO  o.eclipse.m2e.core.internal.Bundles - 	Entry: E:\sts-4.29.0.RELEASE\plugins\org.eclipse.m2e.maven.runtime_3.9.900.20250220-2013\jars\maven-repository-metadata-3.9.9.jar
2025-04-30 21:04:53,239 [Worker-17: Launching Executing install in E__sts_demo] INFO  o.eclipse.m2e.core.internal.Bundles - 	Entry: E:\sts-4.29.0.RELEASE\plugins\org.eclipse.m2e.maven.runtime_3.9.900.20250220-2013\jars\maven-resolver-api-1.9.22.jar
2025-04-30 21:04:53,239 [Worker-17: Launching Executing install in E__sts_demo] INFO  o.eclipse.m2e.core.internal.Bundles - 	Entry: E:\sts-4.29.0.RELEASE\plugins\org.eclipse.m2e.maven.runtime_3.9.900.20250220-2013\jars\maven-resolver-connector-basic-1.9.22.jar
2025-04-30 21:04:53,239 [Worker-17: Launching Executing install in E__sts_demo] INFO  o.eclipse.m2e.core.internal.Bundles - 	Entry: E:\sts-4.29.0.RELEASE\plugins\org.eclipse.m2e.maven.runtime_3.9.900.20250220-2013\jars\maven-resolver-impl-1.9.22.jar
2025-04-30 21:04:53,239 [Worker-17: Launching Executing install in E__sts_demo] INFO  o.eclipse.m2e.core.internal.Bundles - 	Entry: E:\sts-4.29.0.RELEASE\plugins\org.eclipse.m2e.maven.runtime_3.9.900.20250220-2013\jars\maven-resolver-named-locks-1.9.22.jar
2025-04-30 21:04:53,239 [Worker-17: Launching Executing install in E__sts_demo] INFO  o.eclipse.m2e.core.internal.Bundles - 	Entry: E:\sts-4.29.0.RELEASE\plugins\org.eclipse.m2e.maven.runtime_3.9.900.20250220-2013\jars\maven-resolver-provider-3.9.9.jar
2025-04-30 21:04:53,239 [Worker-17: Launching Executing install in E__sts_demo] INFO  o.eclipse.m2e.core.internal.Bundles - 	Entry: E:\sts-4.29.0.RELEASE\plugins\org.eclipse.m2e.maven.runtime_3.9.900.20250220-2013\jars\maven-resolver-spi-1.9.22.jar
2025-04-30 21:04:53,239 [Worker-17: Launching Executing install in E__sts_demo] INFO  o.eclipse.m2e.core.internal.Bundles - 	Entry: E:\sts-4.29.0.RELEASE\plugins\org.eclipse.m2e.maven.runtime_3.9.900.20250220-2013\jars\maven-resolver-transport-file-1.9.22.jar
2025-04-30 21:04:53,239 [Worker-17: Launching Executing install in E__sts_demo] INFO  o.eclipse.m2e.core.internal.Bundles - 	Entry: E:\sts-4.29.0.RELEASE\plugins\org.eclipse.m2e.maven.runtime_3.9.900.20250220-2013\jars\maven-resolver-transport-http-1.9.22.jar
2025-04-30 21:04:53,239 [Worker-17: Launching Executing install in E__sts_demo] INFO  o.eclipse.m2e.core.internal.Bundles - 	Entry: E:\sts-4.29.0.RELEASE\plugins\org.eclipse.m2e.maven.runtime_3.9.900.20250220-2013\jars\maven-resolver-transport-wagon-1.9.22.jar
2025-04-30 21:04:53,239 [Worker-17: Launching Executing install in E__sts_demo] INFO  o.eclipse.m2e.core.internal.Bundles - 	Entry: E:\sts-4.29.0.RELEASE\plugins\org.eclipse.m2e.maven.runtime_3.9.900.20250220-2013\jars\maven-resolver-util-1.9.22.jar
2025-04-30 21:04:53,239 [Worker-17: Launching Executing install in E__sts_demo] INFO  o.eclipse.m2e.core.internal.Bundles - 	Entry: E:\sts-4.29.0.RELEASE\plugins\org.eclipse.m2e.maven.runtime_3.9.900.20250220-2013\jars\maven-settings-3.9.9.jar
2025-04-30 21:04:53,239 [Worker-17: Launching Executing install in E__sts_demo] INFO  o.eclipse.m2e.core.internal.Bundles - 	Entry: E:\sts-4.29.0.RELEASE\plugins\org.eclipse.m2e.maven.runtime_3.9.900.20250220-2013\jars\maven-settings-builder-3.9.9.jar
2025-04-30 21:04:53,239 [Worker-17: Launching Executing install in E__sts_demo] INFO  o.eclipse.m2e.core.internal.Bundles - 	Entry: E:\sts-4.29.0.RELEASE\plugins\org.eclipse.m2e.maven.runtime_3.9.900.20250220-2013\jars\maven-shared-utils-3.4.2.jar
2025-04-30 21:04:53,239 [Worker-17: Launching Executing install in E__sts_demo] INFO  o.eclipse.m2e.core.internal.Bundles - 	Entry: E:\sts-4.29.0.RELEASE\plugins\org.eclipse.m2e.maven.runtime_3.9.900.20250220-2013\jars\org.eclipse.sisu.inject-0.9.0.M3.jar
2025-04-30 21:04:53,239 [Worker-17: Launching Executing install in E__sts_demo] INFO  o.eclipse.m2e.core.internal.Bundles - 	Entry: E:\sts-4.29.0.RELEASE\plugins\org.eclipse.m2e.maven.runtime_3.9.900.20250220-2013\jars\org.eclipse.sisu.plexus-0.9.0.M3.jar
2025-04-30 21:04:53,239 [Worker-17: Launching Executing install in E__sts_demo] INFO  o.eclipse.m2e.core.internal.Bundles - 	Entry: E:\sts-4.29.0.RELEASE\plugins\org.eclipse.m2e.maven.runtime_3.9.900.20250220-2013\jars\plexus-build-api-0.0.7.jar
2025-04-30 21:04:53,239 [Worker-17: Launching Executing install in E__sts_demo] INFO  o.eclipse.m2e.core.internal.Bundles - 	Entry: E:\sts-4.29.0.RELEASE\plugins\org.eclipse.m2e.maven.runtime_3.9.900.20250220-2013\jars\plexus-build-api-1.2.0.jar
2025-04-30 21:04:53,239 [Worker-17: Launching Executing install in E__sts_demo] INFO  o.eclipse.m2e.core.internal.Bundles - 	Entry: E:\sts-4.29.0.RELEASE\plugins\org.eclipse.m2e.maven.runtime_3.9.900.20250220-2013\jars\plexus-cipher-2.0.jar
2025-04-30 21:04:53,240 [Worker-17: Launching Executing install in E__sts_demo] INFO  o.eclipse.m2e.core.internal.Bundles - 	Entry: E:\sts-4.29.0.RELEASE\plugins\org.eclipse.m2e.maven.runtime_3.9.900.20250220-2013\jars\plexus-classworlds-2.8.0.jar
2025-04-30 21:04:53,240 [Worker-17: Launching Executing install in E__sts_demo] INFO  o.eclipse.m2e.core.internal.Bundles - 	Entry: E:\sts-4.29.0.RELEASE\plugins\org.eclipse.m2e.maven.runtime_3.9.900.20250220-2013\jars\plexus-component-annotations-2.1.0.jar
2025-04-30 21:04:53,240 [Worker-17: Launching Executing install in E__sts_demo] INFO  o.eclipse.m2e.core.internal.Bundles - 	Entry: E:\sts-4.29.0.RELEASE\plugins\org.eclipse.m2e.maven.runtime_3.9.900.20250220-2013\jars\plexus-interpolation-1.27.jar
2025-04-30 21:04:53,240 [Worker-17: Launching Executing install in E__sts_demo] INFO  o.eclipse.m2e.core.internal.Bundles - 	Entry: E:\sts-4.29.0.RELEASE\plugins\org.eclipse.m2e.maven.runtime_3.9.900.20250220-2013\jars\plexus-sec-dispatcher-2.0.jar
2025-04-30 21:04:53,240 [Worker-17: Launching Executing install in E__sts_demo] INFO  o.eclipse.m2e.core.internal.Bundles - 	Entry: E:\sts-4.29.0.RELEASE\plugins\org.eclipse.m2e.maven.runtime_3.9.900.20250220-2013\jars\plexus-utils-3.5.1.jar
2025-04-30 21:04:53,240 [Worker-17: Launching Executing install in E__sts_demo] INFO  o.eclipse.m2e.core.internal.Bundles - 	Entry: E:\sts-4.29.0.RELEASE\plugins\org.eclipse.m2e.maven.runtime_3.9.900.20250220-2013\jars\plexus-xml-3.0.1.jar
2025-04-30 21:04:53,240 [Worker-17: Launching Executing install in E__sts_demo] INFO  o.eclipse.m2e.core.internal.Bundles - 	Entry: E:\sts-4.29.0.RELEASE\plugins\org.eclipse.m2e.maven.runtime_3.9.900.20250220-2013\jars\wagon-file-3.5.3.jar
2025-04-30 21:04:53,240 [Worker-17: Launching Executing install in E__sts_demo] INFO  o.eclipse.m2e.core.internal.Bundles - 	Entry: E:\sts-4.29.0.RELEASE\plugins\org.eclipse.m2e.maven.runtime_3.9.900.20250220-2013\jars\wagon-http-3.5.3.jar
2025-04-30 21:04:53,240 [Worker-17: Launching Executing install in E__sts_demo] INFO  o.eclipse.m2e.core.internal.Bundles - 	Entry: E:\sts-4.29.0.RELEASE\plugins\org.eclipse.m2e.maven.runtime_3.9.900.20250220-2013\jars\wagon-http-shared-3.5.3.jar
2025-04-30 21:04:53,240 [Worker-17: Launching Executing install in E__sts_demo] INFO  o.eclipse.m2e.core.internal.Bundles - 	Entry: E:\sts-4.29.0.RELEASE\plugins\org.eclipse.m2e.maven.runtime_3.9.900.20250220-2013\jars\wagon-provider-api-3.5.3.jar
2025-04-30 21:04:53,240 [Worker-17: Launching Executing install in E__sts_demo] INFO  o.eclipse.m2e.core.internal.Bundles - getClasspathEntries(Bundle=com.google.guava_33.4.0.jre [29])
2025-04-30 21:04:53,240 [Worker-17: Launching Executing install in E__sts_demo] INFO  o.eclipse.m2e.core.internal.Bundles - 	Entry: E:\sts-4.29.0.RELEASE\plugins\com.google.guava_33.4.0.jre.jar
2025-04-30 21:04:53,240 [Worker-17: Launching Executing install in E__sts_demo] INFO  o.eclipse.m2e.core.internal.Bundles - getClasspathEntries(Bundle=slf4j.api_2.0.17 [608])
2025-04-30 21:04:53,241 [Worker-17: Launching Executing install in E__sts_demo] INFO  o.eclipse.m2e.core.internal.Bundles - 	Entry: E:\sts-4.29.0.RELEASE\plugins\slf4j.api_2.0.17.jar
2025-04-30 21:04:53,241 [Worker-17: Launching Executing install in E__sts_demo] INFO  o.eclipse.m2e.core.internal.Bundles - getClasspathEntries(Bundle=jakarta.inject.jakarta.inject-api_1.0.5 [45])
2025-04-30 21:04:53,241 [Worker-17: Launching Executing install in E__sts_demo] INFO  o.eclipse.m2e.core.internal.Bundles - 	Entry: E:\sts-4.29.0.RELEASE\plugins\jakarta.inject.jakarta.inject-api_1.0.5.jar
2025-04-30 21:04:53,241 [Worker-17: Launching Executing install in E__sts_demo] INFO  o.eclipse.m2e.core.internal.Bundles - getClasspathEntries(Bundle=jakarta.annotation-api_1.3.5 [41])
2025-04-30 21:04:53,241 [Worker-17: Launching Executing install in E__sts_demo] INFO  o.eclipse.m2e.core.internal.Bundles - 	Entry: E:\sts-4.29.0.RELEASE\plugins\jakarta.annotation-api_1.3.5.jar
2025-04-30 21:04:53,241 [Worker-17: Launching Executing install in E__sts_demo] INFO  o.eclipse.m2e.core.internal.Bundles - getClasspathEntries(Bundle=org.apache.commons.cli_1.9.0 [77])
2025-04-30 21:04:53,241 [Worker-17: Launching Executing install in E__sts_demo] INFO  o.eclipse.m2e.core.internal.Bundles - 	Entry: E:\sts-4.29.0.RELEASE\plugins\org.apache.commons.cli_1.9.0.jar
2025-04-30 21:04:53,241 [Worker-17: Launching Executing install in E__sts_demo] INFO  o.eclipse.m2e.core.internal.Bundles - getClasspathEntries(Bundle=org.apache.commons.commons-codec_1.16.0 [79])
2025-04-30 21:04:53,241 [Worker-17: Launching Executing install in E__sts_demo] INFO  o.eclipse.m2e.core.internal.Bundles - 	Entry: E:\sts-4.29.0.RELEASE\plugins\org.apache.commons.commons-codec_1.16.0.jar
2025-04-30 21:04:53,241 [Worker-17: Launching Executing install in E__sts_demo] INFO  o.eclipse.m2e.core.internal.Bundles - getClasspathEntries(Bundle=com.google.guava.failureaccess_1.0.2 [30])
2025-04-30 21:04:53,242 [Worker-17: Launching Executing install in E__sts_demo] INFO  o.eclipse.m2e.core.internal.Bundles - 	Entry: E:\sts-4.29.0.RELEASE\plugins\com.google.guava.failureaccess_1.0.2.jar
2025-04-30 21:04:53,243 [Worker-17: Launching Executing install in E__sts_demo] INFO  o.e.m.i.launch.MavenLaunchDelegate - Run build in "E:\sts\demo":
2025-04-30 21:04:53,243 [Worker-17: Launching Executing install in E__sts_demo] INFO  o.e.m.i.launch.MavenLaunchDelegate -  mvn  -B -Dstyle.color=always install
2025-04-30 21:04:59,242 [Worker-28: Building] INFO  o.a.m.s.f.DefaultMavenResourcesFiltering - Copying 1 resource from src\main\resources to target\classes
2025-04-30 21:04:59,245 [Worker-28: Building] INFO  o.a.m.s.f.DefaultMavenResourcesFiltering - Copying 7 resources from src\main\resources to target\classes
2025-04-30 21:04:59,279 [Worker-28: Building] INFO  o.a.m.s.f.DefaultMavenResourcesFiltering - skip non existing resourceDirectory E:\sts\demo\src\test\resources
2025-04-30 21:05:43,388 [Worker-24: Download sources and javadoc] INFO  o.e.m.c.i.e.AbstractTransferListenerAdapter - Downloading https://repo.maven.apache.org/maven2/org/springframework/data/spring-data-mongodb/4.2.0/spring-data-mongodb-4.2.0-javadoc.jar
2025-04-30 21:05:44,165 [Worker-24: Download sources and javadoc] INFO  o.e.m.c.i.e.AbstractTransferListenerAdapter - Downloaded https://repo.maven.apache.org/maven2/org/springframework/data/spring-data-mongodb/4.2.0/spring-data-mongodb-4.2.0-javadoc.jar
2025-04-30 21:05:44,171 [Worker-24: Download sources and javadoc] INFO  o.e.m.j.internal.DownloadSourcesJob - Downloaded javadoc for org.springframework.data:spring-data-mongodb:4.2.0
2025-04-30 21:05:56,380 [Worker-24: Download sources and javadoc] INFO  o.e.m.c.i.e.AbstractTransferListenerAdapter - Downloading https://repo.maven.apache.org/maven2/org/springframework/spring-tx/6.1.1/spring-tx-6.1.1-javadoc.jar
2025-04-30 21:05:57,072 [Worker-24: Download sources and javadoc] INFO  o.e.m.c.i.e.AbstractTransferListenerAdapter - Downloaded https://repo.maven.apache.org/maven2/org/springframework/spring-tx/6.1.1/spring-tx-6.1.1-javadoc.jar
2025-04-30 21:05:57,079 [Worker-24: Download sources and javadoc] INFO  o.e.m.j.internal.DownloadSourcesJob - Downloaded javadoc for org.springframework:spring-tx:6.1.1
2025-04-30 21:06:01,240 [Worker-24: Download sources and javadoc] INFO  o.e.m.c.i.e.AbstractTransferListenerAdapter - Downloading https://repo.maven.apache.org/maven2/org/springframework/spring-context/6.1.1/spring-context-6.1.1-javadoc.jar
2025-04-30 21:06:02,447 [Worker-24: Download sources and javadoc] INFO  o.e.m.c.i.e.AbstractTransferListenerAdapter - Downloaded https://repo.maven.apache.org/maven2/org/springframework/spring-context/6.1.1/spring-context-6.1.1-javadoc.jar
2025-04-30 21:06:02,452 [Worker-24: Download sources and javadoc] INFO  o.e.m.j.internal.DownloadSourcesJob - Downloaded javadoc for org.springframework:spring-context:6.1.1
2025-04-30 21:25:59,346 [Worker-29: Building] ERROR o.e.m.c.i.p.r.ProjectRegistryManager - File not found: E:\sts\demo\pom.xml.
org.eclipse.core.internal.resources.ResourceException: File not found: E:\sts\demo\pom.xml.
	at org.eclipse.core.internal.localstore.FileSystemResourceManager.read(FileSystemResourceManager.java:886)
	at org.eclipse.core.internal.resources.File.getContents(File.java:352)
	at org.eclipse.core.internal.resources.File.getContents(File.java:342)
	at org.eclipse.m2e.core.internal.project.registry.ProjectRegistryManager.refreshPhase2(ProjectRegistryManager.java:589)
	at org.eclipse.m2e.core.internal.project.registry.ProjectRegistryManager.refresh(ProjectRegistryManager.java:491)
	at org.eclipse.m2e.core.internal.project.registry.ProjectRegistryManager.refresh(ProjectRegistryManager.java:370)
	at org.eclipse.m2e.core.internal.project.registry.ProjectRegistryManager.refresh(ProjectRegistryManager.java:322)
	at org.eclipse.m2e.core.internal.builder.MavenBuilder$BuildMethod.getProjectFacade(MavenBuilder.java:146)
	at org.eclipse.m2e.core.internal.builder.MavenBuilder$BuildMethod.lambda$0(MavenBuilder.java:84)
	at org.eclipse.m2e.core.internal.embedder.MavenExecutionContext.executeBare(MavenExecutionContext.java:458)
	at org.eclipse.m2e.core.internal.embedder.MavenExecutionContext.execute(MavenExecutionContext.java:339)
	at org.eclipse.m2e.core.internal.embedder.MavenExecutionContext.execute(MavenExecutionContext.java:278)
	at org.eclipse.m2e.core.internal.builder.MavenBuilder$BuildMethod.execute(MavenBuilder.java:83)
	at org.eclipse.m2e.core.internal.builder.MavenBuilder.build(MavenBuilder.java:192)
	at org.eclipse.core.internal.events.BuildManager$2.run(BuildManager.java:1077)
	at org.eclipse.core.runtime.SafeRunner.run(SafeRunner.java:47)
	at org.eclipse.core.internal.events.BuildManager.basicBuild(BuildManager.java:296)
	at org.eclipse.core.internal.events.BuildManager.basicBuild(BuildManager.java:352)
	at org.eclipse.core.internal.events.BuildManager$1.run(BuildManager.java:441)
	at org.eclipse.core.runtime.SafeRunner.run(SafeRunner.java:47)
	at org.eclipse.core.internal.events.BuildManager.basicBuild(BuildManager.java:444)
	at org.eclipse.core.internal.events.BuildManager.basicBuildLoop(BuildManager.java:555)
	at org.eclipse.core.internal.events.BuildManager.basicBuildLoop(BuildManager.java:503)
	at org.eclipse.core.internal.events.BuildManager.build(BuildManager.java:585)
	at org.eclipse.core.internal.events.AutoBuildJob.doBuild(AutoBuildJob.java:207)
	at org.eclipse.core.internal.events.AutoBuildJob.run(AutoBuildJob.java:300)
	at org.eclipse.core.internal.jobs.Worker.run(Worker.java:63)
Caused by: org.eclipse.core.runtime.CoreException: File not found: E:\sts\demo\pom.xml.
	at org.eclipse.core.internal.filesystem.Policy.error(Policy.java:32)
	at org.eclipse.core.internal.filesystem.local.LocalFile.handleReadIOException(LocalFile.java:542)
	at org.eclipse.core.internal.filesystem.local.LocalFile.openInputStream(LocalFile.java:523)
	at org.eclipse.core.internal.localstore.FileSystemResourceManager.read(FileSystemResourceManager.java:881)
	... 26 common frames omitted
Caused by: java.io.FileNotFoundException: E:\sts\demo\pom.xml (The system cannot find the file specified)
	at java.base/java.io.FileInputStream.open0(Native Method)
	at java.base/java.io.FileInputStream.open(FileInputStream.java:213)
	at java.base/java.io.FileInputStream.<init>(FileInputStream.java:152)
	at org.eclipse.core.internal.filesystem.local.LocalFile.openInputStream(LocalFile.java:521)
	... 27 common frames omitted
2025-04-30 21:25:59,354 [Worker-29: Building] ERROR o.e.m.jdt.internal.BuildPathManager - Can't save classpath container state for demo
java.io.FileNotFoundException: E:\sts\.metadata\.plugins\org.eclipse.m2e.jdt\demo.container (The system cannot find the path specified)
	at java.base/java.io.FileOutputStream.open0(Native Method)
	at java.base/java.io.FileOutputStream.open(FileOutputStream.java:289)
	at java.base/java.io.FileOutputStream.<init>(FileOutputStream.java:230)
	at java.base/java.io.FileOutputStream.<init>(FileOutputStream.java:179)
	at org.eclipse.m2e.jdt.internal.BuildPathManager.saveContainerState(BuildPathManager.java:213)
	at org.eclipse.m2e.jdt.internal.BuildPathManager.updateClasspath(BuildPathManager.java:204)
	at org.eclipse.m2e.jdt.internal.BuildPathManager.mavenProjectChanged(BuildPathManager.java:188)
	at org.eclipse.m2e.core.internal.project.registry.ProjectRegistryManager.notifyProjectChangeListeners(ProjectRegistryManager.java:892)
	at org.eclipse.m2e.core.internal.project.registry.ProjectRegistryManager.applyMutableProjectRegistry(ProjectRegistryManager.java:1042)
	at org.eclipse.m2e.core.internal.project.registry.ProjectRegistryManager.refresh(ProjectRegistryManager.java:324)
	at org.eclipse.m2e.core.internal.builder.MavenBuilder$BuildMethod.getProjectFacade(MavenBuilder.java:146)
	at org.eclipse.m2e.core.internal.builder.MavenBuilder$BuildMethod.lambda$0(MavenBuilder.java:84)
	at org.eclipse.m2e.core.internal.embedder.MavenExecutionContext.executeBare(MavenExecutionContext.java:458)
	at org.eclipse.m2e.core.internal.embedder.MavenExecutionContext.execute(MavenExecutionContext.java:339)
	at org.eclipse.m2e.core.internal.embedder.MavenExecutionContext.execute(MavenExecutionContext.java:278)
	at org.eclipse.m2e.core.internal.builder.MavenBuilder$BuildMethod.execute(MavenBuilder.java:83)
	at org.eclipse.m2e.core.internal.builder.MavenBuilder.build(MavenBuilder.java:192)
	at org.eclipse.core.internal.events.BuildManager$2.run(BuildManager.java:1077)
	at org.eclipse.core.runtime.SafeRunner.run(SafeRunner.java:47)
	at org.eclipse.core.internal.events.BuildManager.basicBuild(BuildManager.java:296)
	at org.eclipse.core.internal.events.BuildManager.basicBuild(BuildManager.java:352)
	at org.eclipse.core.internal.events.BuildManager$1.run(BuildManager.java:441)
	at org.eclipse.core.runtime.SafeRunner.run(SafeRunner.java:47)
	at org.eclipse.core.internal.events.BuildManager.basicBuild(BuildManager.java:444)
	at org.eclipse.core.internal.events.BuildManager.basicBuildLoop(BuildManager.java:555)
	at org.eclipse.core.internal.events.BuildManager.basicBuildLoop(BuildManager.java:503)
	at org.eclipse.core.internal.events.BuildManager.build(BuildManager.java:585)
	at org.eclipse.core.internal.events.AutoBuildJob.doBuild(AutoBuildJob.java:207)
	at org.eclipse.core.internal.events.AutoBuildJob.run(AutoBuildJob.java:300)
	at org.eclipse.core.internal.jobs.Worker.run(Worker.java:63)
2025-04-30 21:28:01,203 [Worker-5: Loading available Gradle versions] INFO  o.e.b.c.i.u.g.PublishedGradleVersions - Gradle version information cache is not available. Remote download required.
2025-04-30 21:28:54,475 [Worker-6: Import Getting Started Content] INFO  o.e.m.c.i.l.LifecycleMappingFactory - Using org.eclipse.m2e.jdt.JarLifecycleMapping lifecycle mapping for MavenProject: com.example:dem:0.0.1-SNAPSHOT @ E:\sts\demo\pom.xml.
2025-04-30 21:28:55,563 [Worker-6: Import Getting Started Content] INFO  o.e.m.j.i.AbstractJavaProjectConfigurator - Adding source folder /demo/src/main/java
2025-04-30 21:28:55,564 [Worker-6: Import Getting Started Content] INFO  o.e.m.j.i.AbstractJavaProjectConfigurator - Adding resource folder /demo/src/main/resources
2025-04-30 21:28:55,566 [Worker-6: Import Getting Started Content] INFO  o.e.m.j.i.AbstractJavaProjectConfigurator - Adding resource folder /demo/src/main/resources
2025-04-30 21:28:55,568 [Worker-6: Import Getting Started Content] INFO  o.e.m.j.i.AbstractJavaProjectConfigurator - Adding source folder /demo/src/test/java
2025-04-30 21:28:55,569 [Worker-6: Import Getting Started Content] INFO  o.e.m.j.i.AbstractJavaProjectConfigurator - Adding resource folder /demo/src/test/resources
2025-04-30 21:28:56,239 [Worker-6: Import Getting Started Content] INFO  o.e.m.c.i.p.ProjectConfigurationManager - Imported and configured 1 project(s) in 2 sec
2025-04-30 21:28:56,242 [Worker-6: Import Getting Started Content] INFO  o.e.m.c.i.p.ProjectConfigurationManager - Update started
2025-04-30 21:28:56,489 [Worker-6: Import Getting Started Content] INFO  o.e.m.c.i.l.LifecycleMappingFactory - Using org.eclipse.m2e.jdt.JarLifecycleMapping lifecycle mapping for MavenProject: com.example:dem:0.0.1-SNAPSHOT @ E:\sts\demo\pom.xml.
2025-04-30 21:28:56,949 [Worker-6: Import Getting Started Content] INFO  o.e.m.j.i.AbstractJavaProjectConfigurator - Adding source folder /demo/src/main/java
2025-04-30 21:28:56,950 [Worker-6: Import Getting Started Content] INFO  o.e.m.j.i.AbstractJavaProjectConfigurator - Adding resource folder /demo/src/main/resources
2025-04-30 21:28:56,950 [Worker-6: Import Getting Started Content] INFO  o.e.m.j.i.AbstractJavaProjectConfigurator - Adding resource folder /demo/src/main/resources
2025-04-30 21:28:56,951 [Worker-6: Import Getting Started Content] INFO  o.e.m.j.i.AbstractJavaProjectConfigurator - Adding source folder /demo/src/test/java
2025-04-30 21:28:56,951 [Worker-6: Import Getting Started Content] INFO  o.e.m.j.i.AbstractJavaProjectConfigurator - Adding resource folder /demo/src/test/resources
2025-04-30 21:28:57,142 [Worker-6: Import Getting Started Content] INFO  o.e.m.c.i.p.ProjectConfigurationManager - Update completed for 1 poms: local refresh takes 0.00 sec, refresh facades takes 0.00 sec, update config takes 0.00 sec 
2025-04-30 21:28:57,901 [Worker-2: Building] INFO  o.a.m.s.f.DefaultMavenResourcesFiltering - Copying 1 resource from src\main\resources to target\classes
2025-04-30 21:28:57,927 [Worker-2: Building] INFO  o.a.m.s.f.DefaultMavenResourcesFiltering - Copying 0 resource from src\main\resources to target\classes
2025-04-30 21:28:57,936 [Worker-2: Building] INFO  o.a.m.s.f.DefaultMavenResourcesFiltering - skip non existing resourceDirectory E:\sts\demo\src\test\resources
2025-04-30 21:31:41,103 [Worker-10: Building] ERROR o.e.m.c.i.p.r.ProjectRegistryManager - Could not read pom.xml
org.eclipse.core.runtime.CoreException: Could not read pom.xml
	at org.eclipse.m2e.core.internal.IMavenToolbox.readModel(IMavenToolbox.java:245)
	at org.eclipse.m2e.core.internal.project.registry.ProjectRegistryManager.refreshPhase2(ProjectRegistryManager.java:591)
	at org.eclipse.m2e.core.internal.project.registry.ProjectRegistryManager.refresh(ProjectRegistryManager.java:491)
	at org.eclipse.m2e.core.internal.project.registry.ProjectRegistryManager.refresh(ProjectRegistryManager.java:370)
	at org.eclipse.m2e.core.internal.project.registry.ProjectRegistryManager.refresh(ProjectRegistryManager.java:322)
	at org.eclipse.m2e.core.internal.builder.MavenBuilder$BuildMethod.getProjectFacade(MavenBuilder.java:146)
	at org.eclipse.m2e.core.internal.builder.MavenBuilder$BuildMethod.lambda$0(MavenBuilder.java:84)
	at org.eclipse.m2e.core.internal.embedder.MavenExecutionContext.executeBare(MavenExecutionContext.java:458)
	at org.eclipse.m2e.core.internal.embedder.MavenExecutionContext.execute(MavenExecutionContext.java:339)
	at org.eclipse.m2e.core.internal.embedder.MavenExecutionContext.execute(MavenExecutionContext.java:278)
	at org.eclipse.m2e.core.internal.builder.MavenBuilder$BuildMethod.execute(MavenBuilder.java:83)
	at org.eclipse.m2e.core.internal.builder.MavenBuilder.build(MavenBuilder.java:192)
	at org.eclipse.core.internal.events.BuildManager$2.run(BuildManager.java:1077)
	at org.eclipse.core.runtime.SafeRunner.run(SafeRunner.java:47)
	at org.eclipse.core.internal.events.BuildManager.basicBuild(BuildManager.java:296)
	at org.eclipse.core.internal.events.BuildManager.basicBuild(BuildManager.java:352)
	at org.eclipse.core.internal.events.BuildManager$1.run(BuildManager.java:441)
	at org.eclipse.core.runtime.SafeRunner.run(SafeRunner.java:47)
	at org.eclipse.core.internal.events.BuildManager.basicBuild(BuildManager.java:444)
	at org.eclipse.core.internal.events.BuildManager.basicBuildLoop(BuildManager.java:555)
	at org.eclipse.core.internal.events.BuildManager.basicBuildLoop(BuildManager.java:503)
	at org.eclipse.core.internal.events.BuildManager.build(BuildManager.java:585)
	at org.eclipse.core.internal.events.AutoBuildJob.doBuild(AutoBuildJob.java:207)
	at org.eclipse.core.internal.events.AutoBuildJob.run(AutoBuildJob.java:300)
	at org.eclipse.core.internal.jobs.Worker.run(Worker.java:63)
Caused by: org.apache.maven.model.io.ModelParseException: only whitespace content allowed before start tag and not \ (position: START_DOCUMENT seen \... @1:2) 
	at org.apache.maven.model.io.DefaultModelReader.read(DefaultModelReader.java:96)
	at org.apache.maven.model.io.DefaultModelReader.read(DefaultModelReader.java:74)
	at org.eclipse.m2e.core.internal.IMavenToolbox.readModel(IMavenToolbox.java:243)
	... 24 common frames omitted
Caused by: org.codehaus.plexus.util.xml.pull.XmlPullParserException: only whitespace content allowed before start tag and not \ (position: START_DOCUMENT seen \... @1:2) 
	at org.codehaus.plexus.util.xml.pull.MXParser.parseProlog(MXParser.java:1933)
	at org.codehaus.plexus.util.xml.pull.MXParser.nextImpl(MXParser.java:1757)
	at org.codehaus.plexus.util.xml.pull.MXParser.next(MXParser.java:1375)
	at org.apache.maven.model.io.xpp3.MavenXpp3Reader.read(MavenXpp3Reader.java:627)
	at org.apache.maven.model.io.xpp3.MavenXpp3Reader.read(MavenXpp3Reader.java:654)
	at org.apache.maven.model.io.DefaultModelReader.read(DefaultModelReader.java:93)
	... 26 common frames omitted
2025-04-30 21:31:42,512 [Worker-10: Building] ERROR o.e.m.c.i.p.r.ProjectRegistryManager - Could not read pom.xml
org.eclipse.core.runtime.CoreException: Could not read pom.xml
	at org.eclipse.m2e.core.internal.IMavenToolbox.readModel(IMavenToolbox.java:245)
	at org.eclipse.m2e.core.internal.project.registry.ProjectRegistryManager.refreshPhase2(ProjectRegistryManager.java:591)
	at org.eclipse.m2e.core.internal.project.registry.ProjectRegistryManager.refresh(ProjectRegistryManager.java:491)
	at org.eclipse.m2e.core.internal.project.registry.ProjectRegistryManager.refresh(ProjectRegistryManager.java:370)
	at org.eclipse.m2e.core.internal.project.registry.ProjectRegistryManager.refresh(ProjectRegistryManager.java:322)
	at org.eclipse.m2e.core.internal.builder.MavenBuilder$BuildMethod.getProjectFacade(MavenBuilder.java:146)
	at org.eclipse.m2e.core.internal.builder.MavenBuilder$BuildMethod.lambda$0(MavenBuilder.java:84)
	at org.eclipse.m2e.core.internal.embedder.MavenExecutionContext.executeBare(MavenExecutionContext.java:458)
	at org.eclipse.m2e.core.internal.embedder.MavenExecutionContext.execute(MavenExecutionContext.java:339)
	at org.eclipse.m2e.core.internal.embedder.MavenExecutionContext.execute(MavenExecutionContext.java:278)
	at org.eclipse.m2e.core.internal.builder.MavenBuilder$BuildMethod.execute(MavenBuilder.java:83)
	at org.eclipse.m2e.core.internal.builder.MavenBuilder.build(MavenBuilder.java:192)
	at org.eclipse.core.internal.events.BuildManager$2.run(BuildManager.java:1077)
	at org.eclipse.core.runtime.SafeRunner.run(SafeRunner.java:47)
	at org.eclipse.core.internal.events.BuildManager.basicBuild(BuildManager.java:296)
	at org.eclipse.core.internal.events.BuildManager.basicBuild(BuildManager.java:352)
	at org.eclipse.core.internal.events.BuildManager$1.run(BuildManager.java:441)
	at org.eclipse.core.runtime.SafeRunner.run(SafeRunner.java:47)
	at org.eclipse.core.internal.events.BuildManager.basicBuild(BuildManager.java:444)
	at org.eclipse.core.internal.events.BuildManager.basicBuildLoop(BuildManager.java:555)
	at org.eclipse.core.internal.events.BuildManager.basicBuildLoop(BuildManager.java:503)
	at org.eclipse.core.internal.events.BuildManager.build(BuildManager.java:585)
	at org.eclipse.core.internal.events.AutoBuildJob.doBuild(AutoBuildJob.java:207)
	at org.eclipse.core.internal.events.AutoBuildJob.run(AutoBuildJob.java:300)
	at org.eclipse.core.internal.jobs.Worker.run(Worker.java:63)
Caused by: org.apache.maven.model.io.ModelParseException: only whitespace content allowed before start tag and not \ (position: START_DOCUMENT seen \... @1:2) 
	at org.apache.maven.model.io.DefaultModelReader.read(DefaultModelReader.java:96)
	at org.apache.maven.model.io.DefaultModelReader.read(DefaultModelReader.java:74)
	at org.eclipse.m2e.core.internal.IMavenToolbox.readModel(IMavenToolbox.java:243)
	... 24 common frames omitted
Caused by: org.codehaus.plexus.util.xml.pull.XmlPullParserException: only whitespace content allowed before start tag and not \ (position: START_DOCUMENT seen \... @1:2) 
	at org.codehaus.plexus.util.xml.pull.MXParser.parseProlog(MXParser.java:1933)
	at org.codehaus.plexus.util.xml.pull.MXParser.nextImpl(MXParser.java:1757)
	at org.codehaus.plexus.util.xml.pull.MXParser.next(MXParser.java:1375)
	at org.apache.maven.model.io.xpp3.MavenXpp3Reader.read(MavenXpp3Reader.java:627)
	at org.apache.maven.model.io.xpp3.MavenXpp3Reader.read(MavenXpp3Reader.java:654)
	at org.apache.maven.model.io.DefaultModelReader.read(DefaultModelReader.java:93)
	... 26 common frames omitted
2025-04-30 21:31:44,138 [Worker-2: Building] ERROR o.e.m.c.i.p.r.ProjectRegistryManager - Could not read pom.xml
org.eclipse.core.runtime.CoreException: Could not read pom.xml
	at org.eclipse.m2e.core.internal.IMavenToolbox.readModel(IMavenToolbox.java:245)
	at org.eclipse.m2e.core.internal.project.registry.ProjectRegistryManager.refreshPhase2(ProjectRegistryManager.java:591)
	at org.eclipse.m2e.core.internal.project.registry.ProjectRegistryManager.refresh(ProjectRegistryManager.java:491)
	at org.eclipse.m2e.core.internal.project.registry.ProjectRegistryManager.refresh(ProjectRegistryManager.java:370)
	at org.eclipse.m2e.core.internal.project.registry.ProjectRegistryManager.refresh(ProjectRegistryManager.java:322)
	at org.eclipse.m2e.core.internal.builder.MavenBuilder$BuildMethod.getProjectFacade(MavenBuilder.java:146)
	at org.eclipse.m2e.core.internal.builder.MavenBuilder$BuildMethod.lambda$0(MavenBuilder.java:84)
	at org.eclipse.m2e.core.internal.embedder.MavenExecutionContext.executeBare(MavenExecutionContext.java:458)
	at org.eclipse.m2e.core.internal.embedder.MavenExecutionContext.execute(MavenExecutionContext.java:339)
	at org.eclipse.m2e.core.internal.embedder.MavenExecutionContext.execute(MavenExecutionContext.java:278)
	at org.eclipse.m2e.core.internal.builder.MavenBuilder$BuildMethod.execute(MavenBuilder.java:83)
	at org.eclipse.m2e.core.internal.builder.MavenBuilder.build(MavenBuilder.java:192)
	at org.eclipse.core.internal.events.BuildManager$2.run(BuildManager.java:1077)
	at org.eclipse.core.runtime.SafeRunner.run(SafeRunner.java:47)
	at org.eclipse.core.internal.events.BuildManager.basicBuild(BuildManager.java:296)
	at org.eclipse.core.internal.events.BuildManager.basicBuild(BuildManager.java:352)
	at org.eclipse.core.internal.events.BuildManager$1.run(BuildManager.java:441)
	at org.eclipse.core.runtime.SafeRunner.run(SafeRunner.java:47)
	at org.eclipse.core.internal.events.BuildManager.basicBuild(BuildManager.java:444)
	at org.eclipse.core.internal.events.BuildManager.basicBuildLoop(BuildManager.java:555)
	at org.eclipse.core.internal.events.BuildManager.basicBuildLoop(BuildManager.java:503)
	at org.eclipse.core.internal.events.BuildManager.build(BuildManager.java:585)
	at org.eclipse.core.internal.events.AutoBuildJob.doBuild(AutoBuildJob.java:207)
	at org.eclipse.core.internal.events.AutoBuildJob.run(AutoBuildJob.java:300)
	at org.eclipse.core.internal.jobs.Worker.run(Worker.java:63)
Caused by: org.apache.maven.model.io.ModelParseException: only whitespace content allowed before start tag and not \ (position: START_DOCUMENT seen \... @1:2) 
	at org.apache.maven.model.io.DefaultModelReader.read(DefaultModelReader.java:96)
	at org.apache.maven.model.io.DefaultModelReader.read(DefaultModelReader.java:74)
	at org.eclipse.m2e.core.internal.IMavenToolbox.readModel(IMavenToolbox.java:243)
	... 24 common frames omitted
Caused by: org.codehaus.plexus.util.xml.pull.XmlPullParserException: only whitespace content allowed before start tag and not \ (position: START_DOCUMENT seen \... @1:2) 
	at org.codehaus.plexus.util.xml.pull.MXParser.parseProlog(MXParser.java:1933)
	at org.codehaus.plexus.util.xml.pull.MXParser.nextImpl(MXParser.java:1757)
	at org.codehaus.plexus.util.xml.pull.MXParser.next(MXParser.java:1375)
	at org.apache.maven.model.io.xpp3.MavenXpp3Reader.read(MavenXpp3Reader.java:627)
	at org.apache.maven.model.io.xpp3.MavenXpp3Reader.read(MavenXpp3Reader.java:654)
	at org.apache.maven.model.io.DefaultModelReader.read(DefaultModelReader.java:93)
	... 26 common frames omitted
2025-04-30 21:33:59,510 [Worker-14: Building] INFO  o.e.m.c.i.l.LifecycleMappingFactory - Using org.eclipse.m2e.jdt.JarLifecycleMapping lifecycle mapping for MavenProject: com.example:dem:0.0.1-SNAPSHOT @ E:\sts\demo\pom.xml.
2025-04-30 21:34:00,825 [Worker-17: Updating Maven Project] INFO  o.e.m.c.i.p.ProjectConfigurationManager - Update started
2025-04-30 21:34:01,390 [Worker-17: Updating Maven Project] INFO  o.e.m.c.i.l.LifecycleMappingFactory - Using org.eclipse.m2e.jdt.JarLifecycleMapping lifecycle mapping for MavenProject: com.example:dem:0.0.1-SNAPSHOT @ E:\sts\demo\pom.xml.
2025-04-30 21:34:02,021 [Worker-17: Updating Maven Project] INFO  o.e.m.j.i.AbstractJavaProjectConfigurator - Adding source folder /demo/src/main/java
2025-04-30 21:34:02,022 [Worker-17: Updating Maven Project] INFO  o.e.m.j.i.AbstractJavaProjectConfigurator - Adding resource folder /demo/src/main/resources
2025-04-30 21:34:02,022 [Worker-17: Updating Maven Project] INFO  o.e.m.j.i.AbstractJavaProjectConfigurator - Adding resource folder /demo/src/main/resources
2025-04-30 21:34:02,022 [Worker-17: Updating Maven Project] INFO  o.e.m.j.i.AbstractJavaProjectConfigurator - Adding source folder /demo/src/test/java
2025-04-30 21:34:02,023 [Worker-17: Updating Maven Project] INFO  o.e.m.j.i.AbstractJavaProjectConfigurator - Adding resource folder /demo/src/test/resources
2025-04-30 21:34:02,484 [Worker-17: Updating Maven Project] INFO  o.e.m.c.i.p.ProjectConfigurationManager - Update completed for 1 poms: local refresh takes 0.00 sec, refresh facades takes 1.00 sec, update config takes 0.00 sec 
2025-04-30 21:34:03,283 [Worker-6: Building] INFO  o.a.m.s.f.DefaultMavenResourcesFiltering - Copying 1 resource from src\main\resources to target\classes
2025-04-30 21:34:03,323 [Worker-6: Building] INFO  o.a.m.s.f.DefaultMavenResourcesFiltering - Copying 7 resources from src\main\resources to target\classes
2025-04-30 21:34:03,352 [Worker-6: Building] INFO  o.a.m.s.f.DefaultMavenResourcesFiltering - skip non existing resourceDirectory E:\sts\demo\src\test\resources
2025-04-30 21:34:33,470 [Worker-6: Building] INFO  o.a.m.s.f.DefaultMavenResourcesFiltering - Copying 1 resource from src\main\resources to target\classes
2025-04-30 21:34:33,473 [Worker-6: Building] INFO  o.a.m.s.f.DefaultMavenResourcesFiltering - Copying 7 resources from src\main\resources to target\classes
2025-04-30 21:34:33,477 [Worker-6: Building] INFO  o.a.m.s.f.DefaultMavenResourcesFiltering - skip non existing resourceDirectory E:\sts\demo\src\test\resources
2025-04-30 21:35:47,812 [Worker-6: Building] INFO  o.a.m.s.f.DefaultMavenResourcesFiltering - Copying 1 resource from src\main\resources to target\classes
2025-04-30 21:35:47,817 [Worker-6: Building] INFO  o.a.m.s.f.DefaultMavenResourcesFiltering - Copying 7 resources from src\main\resources to target\classes
2025-04-30 21:35:47,821 [Worker-6: Building] INFO  o.a.m.s.f.DefaultMavenResourcesFiltering - skip non existing resourceDirectory E:\sts\demo\src\test\resources
2025-04-30 21:36:00,276 [Worker-2: Launching Executing clean in E__sts_demo] INFO  o.eclipse.m2e.core.internal.Bundles - getClasspathEntries(Bundle=org.eclipse.m2e.maven.runtime_3.9.900.20250220-2013 [361])
2025-04-30 21:36:00,278 [Worker-2: Launching Executing clean in E__sts_demo] INFO  o.eclipse.m2e.core.internal.Bundles - 	Entry: E:\sts-4.29.0.RELEASE\plugins\org.eclipse.m2e.maven.runtime_3.9.900.20250220-2013
2025-04-30 21:36:00,278 [Worker-2: Launching Executing clean in E__sts_demo] INFO  o.eclipse.m2e.core.internal.Bundles - 	Entry: E:\sts-4.29.0.RELEASE\plugins\org.eclipse.m2e.maven.runtime_3.9.900.20250220-2013\jars\aopalliance-1.0.jar
2025-04-30 21:36:00,278 [Worker-2: Launching Executing clean in E__sts_demo] INFO  o.eclipse.m2e.core.internal.Bundles - 	Entry: E:\sts-4.29.0.RELEASE\plugins\org.eclipse.m2e.maven.runtime_3.9.900.20250220-2013\jars\guice-5.1.0.jar
2025-04-30 21:36:00,278 [Worker-2: Launching Executing clean in E__sts_demo] INFO  o.eclipse.m2e.core.internal.Bundles - 	Entry: E:\sts-4.29.0.RELEASE\plugins\org.eclipse.m2e.maven.runtime_3.9.900.20250220-2013\jars\httpclient-4.5.14.jar
2025-04-30 21:36:00,278 [Worker-2: Launching Executing clean in E__sts_demo] INFO  o.eclipse.m2e.core.internal.Bundles - 	Entry: E:\sts-4.29.0.RELEASE\plugins\org.eclipse.m2e.maven.runtime_3.9.900.20250220-2013\jars\httpcore-4.4.16.jar
2025-04-30 21:36:00,278 [Worker-2: Launching Executing clean in E__sts_demo] INFO  o.eclipse.m2e.core.internal.Bundles - 	Entry: E:\sts-4.29.0.RELEASE\plugins\org.eclipse.m2e.maven.runtime_3.9.900.20250220-2013\jars\jansi-2.4.1.jar
2025-04-30 21:36:00,278 [Worker-2: Launching Executing clean in E__sts_demo] INFO  o.eclipse.m2e.core.internal.Bundles - 	Entry: E:\sts-4.29.0.RELEASE\plugins\org.eclipse.m2e.maven.runtime_3.9.900.20250220-2013\jars\jcl-over-slf4j-1.7.36.jar
2025-04-30 21:36:00,278 [Worker-2: Launching Executing clean in E__sts_demo] INFO  o.eclipse.m2e.core.internal.Bundles - 	Entry: E:\sts-4.29.0.RELEASE\plugins\org.eclipse.m2e.maven.runtime_3.9.900.20250220-2013\jars\maven-artifact-3.9.9.jar
2025-04-30 21:36:00,278 [Worker-2: Launching Executing clean in E__sts_demo] INFO  o.eclipse.m2e.core.internal.Bundles - 	Entry: E:\sts-4.29.0.RELEASE\plugins\org.eclipse.m2e.maven.runtime_3.9.900.20250220-2013\jars\maven-builder-support-3.9.9.jar
2025-04-30 21:36:00,278 [Worker-2: Launching Executing clean in E__sts_demo] INFO  o.eclipse.m2e.core.internal.Bundles - 	Entry: E:\sts-4.29.0.RELEASE\plugins\org.eclipse.m2e.maven.runtime_3.9.900.20250220-2013\jars\maven-compat-3.9.9.jar
2025-04-30 21:36:00,278 [Worker-2: Launching Executing clean in E__sts_demo] INFO  o.eclipse.m2e.core.internal.Bundles - 	Entry: E:\sts-4.29.0.RELEASE\plugins\org.eclipse.m2e.maven.runtime_3.9.900.20250220-2013\jars\maven-core-3.9.9.jar
2025-04-30 21:36:00,278 [Worker-2: Launching Executing clean in E__sts_demo] INFO  o.eclipse.m2e.core.internal.Bundles - 	Entry: E:\sts-4.29.0.RELEASE\plugins\org.eclipse.m2e.maven.runtime_3.9.900.20250220-2013\jars\maven-embedder-3.9.9.jar
2025-04-30 21:36:00,278 [Worker-2: Launching Executing clean in E__sts_demo] INFO  o.eclipse.m2e.core.internal.Bundles - 	Entry: E:\sts-4.29.0.RELEASE\plugins\org.eclipse.m2e.maven.runtime_3.9.900.20250220-2013\jars\maven-model-3.9.9.jar
2025-04-30 21:36:00,279 [Worker-2: Launching Executing clean in E__sts_demo] INFO  o.eclipse.m2e.core.internal.Bundles - 	Entry: E:\sts-4.29.0.RELEASE\plugins\org.eclipse.m2e.maven.runtime_3.9.900.20250220-2013\jars\maven-model-builder-3.9.9.jar
2025-04-30 21:36:00,279 [Worker-2: Launching Executing clean in E__sts_demo] INFO  o.eclipse.m2e.core.internal.Bundles - 	Entry: E:\sts-4.29.0.RELEASE\plugins\org.eclipse.m2e.maven.runtime_3.9.900.20250220-2013\jars\maven-plugin-api-3.9.9.jar
2025-04-30 21:36:00,279 [Worker-2: Launching Executing clean in E__sts_demo] INFO  o.eclipse.m2e.core.internal.Bundles - 	Entry: E:\sts-4.29.0.RELEASE\plugins\org.eclipse.m2e.maven.runtime_3.9.900.20250220-2013\jars\maven-repository-metadata-3.9.9.jar
2025-04-30 21:36:00,279 [Worker-2: Launching Executing clean in E__sts_demo] INFO  o.eclipse.m2e.core.internal.Bundles - 	Entry: E:\sts-4.29.0.RELEASE\plugins\org.eclipse.m2e.maven.runtime_3.9.900.20250220-2013\jars\maven-resolver-api-1.9.22.jar
2025-04-30 21:36:00,279 [Worker-2: Launching Executing clean in E__sts_demo] INFO  o.eclipse.m2e.core.internal.Bundles - 	Entry: E:\sts-4.29.0.RELEASE\plugins\org.eclipse.m2e.maven.runtime_3.9.900.20250220-2013\jars\maven-resolver-connector-basic-1.9.22.jar
2025-04-30 21:36:00,279 [Worker-2: Launching Executing clean in E__sts_demo] INFO  o.eclipse.m2e.core.internal.Bundles - 	Entry: E:\sts-4.29.0.RELEASE\plugins\org.eclipse.m2e.maven.runtime_3.9.900.20250220-2013\jars\maven-resolver-impl-1.9.22.jar
2025-04-30 21:36:00,279 [Worker-2: Launching Executing clean in E__sts_demo] INFO  o.eclipse.m2e.core.internal.Bundles - 	Entry: E:\sts-4.29.0.RELEASE\plugins\org.eclipse.m2e.maven.runtime_3.9.900.20250220-2013\jars\maven-resolver-named-locks-1.9.22.jar
2025-04-30 21:36:00,279 [Worker-2: Launching Executing clean in E__sts_demo] INFO  o.eclipse.m2e.core.internal.Bundles - 	Entry: E:\sts-4.29.0.RELEASE\plugins\org.eclipse.m2e.maven.runtime_3.9.900.20250220-2013\jars\maven-resolver-provider-3.9.9.jar
2025-04-30 21:36:00,279 [Worker-2: Launching Executing clean in E__sts_demo] INFO  o.eclipse.m2e.core.internal.Bundles - 	Entry: E:\sts-4.29.0.RELEASE\plugins\org.eclipse.m2e.maven.runtime_3.9.900.20250220-2013\jars\maven-resolver-spi-1.9.22.jar
2025-04-30 21:36:00,279 [Worker-2: Launching Executing clean in E__sts_demo] INFO  o.eclipse.m2e.core.internal.Bundles - 	Entry: E:\sts-4.29.0.RELEASE\plugins\org.eclipse.m2e.maven.runtime_3.9.900.20250220-2013\jars\maven-resolver-transport-file-1.9.22.jar
2025-04-30 21:36:00,279 [Worker-2: Launching Executing clean in E__sts_demo] INFO  o.eclipse.m2e.core.internal.Bundles - 	Entry: E:\sts-4.29.0.RELEASE\plugins\org.eclipse.m2e.maven.runtime_3.9.900.20250220-2013\jars\maven-resolver-transport-http-1.9.22.jar
2025-04-30 21:36:00,279 [Worker-2: Launching Executing clean in E__sts_demo] INFO  o.eclipse.m2e.core.internal.Bundles - 	Entry: E:\sts-4.29.0.RELEASE\plugins\org.eclipse.m2e.maven.runtime_3.9.900.20250220-2013\jars\maven-resolver-transport-wagon-1.9.22.jar
2025-04-30 21:36:00,280 [Worker-2: Launching Executing clean in E__sts_demo] INFO  o.eclipse.m2e.core.internal.Bundles - 	Entry: E:\sts-4.29.0.RELEASE\plugins\org.eclipse.m2e.maven.runtime_3.9.900.20250220-2013\jars\maven-resolver-util-1.9.22.jar
2025-04-30 21:36:00,280 [Worker-2: Launching Executing clean in E__sts_demo] INFO  o.eclipse.m2e.core.internal.Bundles - 	Entry: E:\sts-4.29.0.RELEASE\plugins\org.eclipse.m2e.maven.runtime_3.9.900.20250220-2013\jars\maven-settings-3.9.9.jar
2025-04-30 21:36:00,280 [Worker-2: Launching Executing clean in E__sts_demo] INFO  o.eclipse.m2e.core.internal.Bundles - 	Entry: E:\sts-4.29.0.RELEASE\plugins\org.eclipse.m2e.maven.runtime_3.9.900.20250220-2013\jars\maven-settings-builder-3.9.9.jar
2025-04-30 21:36:00,280 [Worker-2: Launching Executing clean in E__sts_demo] INFO  o.eclipse.m2e.core.internal.Bundles - 	Entry: E:\sts-4.29.0.RELEASE\plugins\org.eclipse.m2e.maven.runtime_3.9.900.20250220-2013\jars\maven-shared-utils-3.4.2.jar
2025-04-30 21:36:00,280 [Worker-2: Launching Executing clean in E__sts_demo] INFO  o.eclipse.m2e.core.internal.Bundles - 	Entry: E:\sts-4.29.0.RELEASE\plugins\org.eclipse.m2e.maven.runtime_3.9.900.20250220-2013\jars\org.eclipse.sisu.inject-0.9.0.M3.jar
2025-04-30 21:36:00,280 [Worker-2: Launching Executing clean in E__sts_demo] INFO  o.eclipse.m2e.core.internal.Bundles - 	Entry: E:\sts-4.29.0.RELEASE\plugins\org.eclipse.m2e.maven.runtime_3.9.900.20250220-2013\jars\org.eclipse.sisu.plexus-0.9.0.M3.jar
2025-04-30 21:36:00,280 [Worker-2: Launching Executing clean in E__sts_demo] INFO  o.eclipse.m2e.core.internal.Bundles - 	Entry: E:\sts-4.29.0.RELEASE\plugins\org.eclipse.m2e.maven.runtime_3.9.900.20250220-2013\jars\plexus-build-api-0.0.7.jar
2025-04-30 21:36:00,280 [Worker-2: Launching Executing clean in E__sts_demo] INFO  o.eclipse.m2e.core.internal.Bundles - 	Entry: E:\sts-4.29.0.RELEASE\plugins\org.eclipse.m2e.maven.runtime_3.9.900.20250220-2013\jars\plexus-build-api-1.2.0.jar
2025-04-30 21:36:00,280 [Worker-2: Launching Executing clean in E__sts_demo] INFO  o.eclipse.m2e.core.internal.Bundles - 	Entry: E:\sts-4.29.0.RELEASE\plugins\org.eclipse.m2e.maven.runtime_3.9.900.20250220-2013\jars\plexus-cipher-2.0.jar
2025-04-30 21:36:00,280 [Worker-2: Launching Executing clean in E__sts_demo] INFO  o.eclipse.m2e.core.internal.Bundles - 	Entry: E:\sts-4.29.0.RELEASE\plugins\org.eclipse.m2e.maven.runtime_3.9.900.20250220-2013\jars\plexus-classworlds-2.8.0.jar
2025-04-30 21:36:00,280 [Worker-2: Launching Executing clean in E__sts_demo] INFO  o.eclipse.m2e.core.internal.Bundles - 	Entry: E:\sts-4.29.0.RELEASE\plugins\org.eclipse.m2e.maven.runtime_3.9.900.20250220-2013\jars\plexus-component-annotations-2.1.0.jar
2025-04-30 21:36:00,280 [Worker-2: Launching Executing clean in E__sts_demo] INFO  o.eclipse.m2e.core.internal.Bundles - 	Entry: E:\sts-4.29.0.RELEASE\plugins\org.eclipse.m2e.maven.runtime_3.9.900.20250220-2013\jars\plexus-interpolation-1.27.jar
2025-04-30 21:36:00,280 [Worker-2: Launching Executing clean in E__sts_demo] INFO  o.eclipse.m2e.core.internal.Bundles - 	Entry: E:\sts-4.29.0.RELEASE\plugins\org.eclipse.m2e.maven.runtime_3.9.900.20250220-2013\jars\plexus-sec-dispatcher-2.0.jar
2025-04-30 21:36:00,280 [Worker-2: Launching Executing clean in E__sts_demo] INFO  o.eclipse.m2e.core.internal.Bundles - 	Entry: E:\sts-4.29.0.RELEASE\plugins\org.eclipse.m2e.maven.runtime_3.9.900.20250220-2013\jars\plexus-utils-3.5.1.jar
2025-04-30 21:36:00,280 [Worker-2: Launching Executing clean in E__sts_demo] INFO  o.eclipse.m2e.core.internal.Bundles - 	Entry: E:\sts-4.29.0.RELEASE\plugins\org.eclipse.m2e.maven.runtime_3.9.900.20250220-2013\jars\plexus-xml-3.0.1.jar
2025-04-30 21:36:00,280 [Worker-2: Launching Executing clean in E__sts_demo] INFO  o.eclipse.m2e.core.internal.Bundles - 	Entry: E:\sts-4.29.0.RELEASE\plugins\org.eclipse.m2e.maven.runtime_3.9.900.20250220-2013\jars\wagon-file-3.5.3.jar
2025-04-30 21:36:00,280 [Worker-2: Launching Executing clean in E__sts_demo] INFO  o.eclipse.m2e.core.internal.Bundles - 	Entry: E:\sts-4.29.0.RELEASE\plugins\org.eclipse.m2e.maven.runtime_3.9.900.20250220-2013\jars\wagon-http-3.5.3.jar
2025-04-30 21:36:00,280 [Worker-2: Launching Executing clean in E__sts_demo] INFO  o.eclipse.m2e.core.internal.Bundles - 	Entry: E:\sts-4.29.0.RELEASE\plugins\org.eclipse.m2e.maven.runtime_3.9.900.20250220-2013\jars\wagon-http-shared-3.5.3.jar
2025-04-30 21:36:00,280 [Worker-2: Launching Executing clean in E__sts_demo] INFO  o.eclipse.m2e.core.internal.Bundles - 	Entry: E:\sts-4.29.0.RELEASE\plugins\org.eclipse.m2e.maven.runtime_3.9.900.20250220-2013\jars\wagon-provider-api-3.5.3.jar
2025-04-30 21:36:00,281 [Worker-2: Launching Executing clean in E__sts_demo] INFO  o.eclipse.m2e.core.internal.Bundles - getClasspathEntries(Bundle=com.google.guava_33.4.0.jre [29])
2025-04-30 21:36:00,282 [Worker-2: Launching Executing clean in E__sts_demo] INFO  o.eclipse.m2e.core.internal.Bundles - 	Entry: E:\sts-4.29.0.RELEASE\plugins\com.google.guava_33.4.0.jre.jar
2025-04-30 21:36:00,282 [Worker-2: Launching Executing clean in E__sts_demo] INFO  o.eclipse.m2e.core.internal.Bundles - getClasspathEntries(Bundle=slf4j.api_2.0.17 [608])
2025-04-30 21:36:00,282 [Worker-2: Launching Executing clean in E__sts_demo] INFO  o.eclipse.m2e.core.internal.Bundles - 	Entry: E:\sts-4.29.0.RELEASE\plugins\slf4j.api_2.0.17.jar
2025-04-30 21:36:00,282 [Worker-2: Launching Executing clean in E__sts_demo] INFO  o.eclipse.m2e.core.internal.Bundles - getClasspathEntries(Bundle=jakarta.inject.jakarta.inject-api_1.0.5 [45])
2025-04-30 21:36:00,282 [Worker-2: Launching Executing clean in E__sts_demo] INFO  o.eclipse.m2e.core.internal.Bundles - 	Entry: E:\sts-4.29.0.RELEASE\plugins\jakarta.inject.jakarta.inject-api_1.0.5.jar
2025-04-30 21:36:00,282 [Worker-2: Launching Executing clean in E__sts_demo] INFO  o.eclipse.m2e.core.internal.Bundles - getClasspathEntries(Bundle=jakarta.annotation-api_1.3.5 [41])
2025-04-30 21:36:00,282 [Worker-2: Launching Executing clean in E__sts_demo] INFO  o.eclipse.m2e.core.internal.Bundles - 	Entry: E:\sts-4.29.0.RELEASE\plugins\jakarta.annotation-api_1.3.5.jar
2025-04-30 21:36:00,282 [Worker-2: Launching Executing clean in E__sts_demo] INFO  o.eclipse.m2e.core.internal.Bundles - getClasspathEntries(Bundle=org.apache.commons.cli_1.9.0 [77])
2025-04-30 21:36:00,282 [Worker-2: Launching Executing clean in E__sts_demo] INFO  o.eclipse.m2e.core.internal.Bundles - 	Entry: E:\sts-4.29.0.RELEASE\plugins\org.apache.commons.cli_1.9.0.jar
2025-04-30 21:36:00,282 [Worker-2: Launching Executing clean in E__sts_demo] INFO  o.eclipse.m2e.core.internal.Bundles - getClasspathEntries(Bundle=org.apache.commons.commons-codec_1.16.0 [79])
2025-04-30 21:36:00,282 [Worker-2: Launching Executing clean in E__sts_demo] INFO  o.eclipse.m2e.core.internal.Bundles - 	Entry: E:\sts-4.29.0.RELEASE\plugins\org.apache.commons.commons-codec_1.16.0.jar
2025-04-30 21:36:00,282 [Worker-2: Launching Executing clean in E__sts_demo] INFO  o.eclipse.m2e.core.internal.Bundles - getClasspathEntries(Bundle=com.google.guava.failureaccess_1.0.2 [30])
2025-04-30 21:36:00,282 [Worker-2: Launching Executing clean in E__sts_demo] INFO  o.eclipse.m2e.core.internal.Bundles - 	Entry: E:\sts-4.29.0.RELEASE\plugins\com.google.guava.failureaccess_1.0.2.jar
2025-04-30 21:36:00,285 [Worker-2: Launching Executing clean in E__sts_demo] INFO  o.e.m.i.launch.MavenLaunchDelegate - Run build in "E:\sts\demo":
2025-04-30 21:36:00,287 [Worker-2: Launching Executing clean in E__sts_demo] INFO  o.e.m.i.launch.MavenLaunchDelegate -  mvn  -Ppom.xml -B -Dstyle.color=always clean
2025-04-30 21:36:02,287 [Worker-9: Building] INFO  o.a.m.s.f.DefaultMavenResourcesFiltering - Copying 1 resource from src\main\resources to target\classes
2025-04-30 21:36:02,288 [Worker-9: Building] INFO  o.a.m.s.f.DefaultMavenResourcesFiltering - Copying 7 resources from src\main\resources to target\classes
2025-04-30 21:36:02,297 [Worker-9: Building] INFO  o.a.m.s.f.DefaultMavenResourcesFiltering - skip non existing resourceDirectory E:\sts\demo\src\test\resources
2025-04-30 21:36:06,447 [Worker-2: Launching Executing install in E__sts_demo] INFO  o.eclipse.m2e.core.internal.Bundles - getClasspathEntries(Bundle=org.eclipse.m2e.maven.runtime_3.9.900.20250220-2013 [361])
2025-04-30 21:36:06,448 [Worker-2: Launching Executing install in E__sts_demo] INFO  o.eclipse.m2e.core.internal.Bundles - 	Entry: E:\sts-4.29.0.RELEASE\plugins\org.eclipse.m2e.maven.runtime_3.9.900.20250220-2013
2025-04-30 21:36:06,448 [Worker-2: Launching Executing install in E__sts_demo] INFO  o.eclipse.m2e.core.internal.Bundles - 	Entry: E:\sts-4.29.0.RELEASE\plugins\org.eclipse.m2e.maven.runtime_3.9.900.20250220-2013\jars\aopalliance-1.0.jar
2025-04-30 21:36:06,448 [Worker-2: Launching Executing install in E__sts_demo] INFO  o.eclipse.m2e.core.internal.Bundles - 	Entry: E:\sts-4.29.0.RELEASE\plugins\org.eclipse.m2e.maven.runtime_3.9.900.20250220-2013\jars\guice-5.1.0.jar
2025-04-30 21:36:06,448 [Worker-2: Launching Executing install in E__sts_demo] INFO  o.eclipse.m2e.core.internal.Bundles - 	Entry: E:\sts-4.29.0.RELEASE\plugins\org.eclipse.m2e.maven.runtime_3.9.900.20250220-2013\jars\httpclient-4.5.14.jar
2025-04-30 21:36:06,448 [Worker-2: Launching Executing install in E__sts_demo] INFO  o.eclipse.m2e.core.internal.Bundles - 	Entry: E:\sts-4.29.0.RELEASE\plugins\org.eclipse.m2e.maven.runtime_3.9.900.20250220-2013\jars\httpcore-4.4.16.jar
2025-04-30 21:36:06,448 [Worker-2: Launching Executing install in E__sts_demo] INFO  o.eclipse.m2e.core.internal.Bundles - 	Entry: E:\sts-4.29.0.RELEASE\plugins\org.eclipse.m2e.maven.runtime_3.9.900.20250220-2013\jars\jansi-2.4.1.jar
2025-04-30 21:36:06,448 [Worker-2: Launching Executing install in E__sts_demo] INFO  o.eclipse.m2e.core.internal.Bundles - 	Entry: E:\sts-4.29.0.RELEASE\plugins\org.eclipse.m2e.maven.runtime_3.9.900.20250220-2013\jars\jcl-over-slf4j-1.7.36.jar
2025-04-30 21:36:06,448 [Worker-2: Launching Executing install in E__sts_demo] INFO  o.eclipse.m2e.core.internal.Bundles - 	Entry: E:\sts-4.29.0.RELEASE\plugins\org.eclipse.m2e.maven.runtime_3.9.900.20250220-2013\jars\maven-artifact-3.9.9.jar
2025-04-30 21:36:06,448 [Worker-2: Launching Executing install in E__sts_demo] INFO  o.eclipse.m2e.core.internal.Bundles - 	Entry: E:\sts-4.29.0.RELEASE\plugins\org.eclipse.m2e.maven.runtime_3.9.900.20250220-2013\jars\maven-builder-support-3.9.9.jar
2025-04-30 21:36:06,448 [Worker-2: Launching Executing install in E__sts_demo] INFO  o.eclipse.m2e.core.internal.Bundles - 	Entry: E:\sts-4.29.0.RELEASE\plugins\org.eclipse.m2e.maven.runtime_3.9.900.20250220-2013\jars\maven-compat-3.9.9.jar
2025-04-30 21:36:06,448 [Worker-2: Launching Executing install in E__sts_demo] INFO  o.eclipse.m2e.core.internal.Bundles - 	Entry: E:\sts-4.29.0.RELEASE\plugins\org.eclipse.m2e.maven.runtime_3.9.900.20250220-2013\jars\maven-core-3.9.9.jar
2025-04-30 21:36:06,448 [Worker-2: Launching Executing install in E__sts_demo] INFO  o.eclipse.m2e.core.internal.Bundles - 	Entry: E:\sts-4.29.0.RELEASE\plugins\org.eclipse.m2e.maven.runtime_3.9.900.20250220-2013\jars\maven-embedder-3.9.9.jar
2025-04-30 21:36:06,448 [Worker-2: Launching Executing install in E__sts_demo] INFO  o.eclipse.m2e.core.internal.Bundles - 	Entry: E:\sts-4.29.0.RELEASE\plugins\org.eclipse.m2e.maven.runtime_3.9.900.20250220-2013\jars\maven-model-3.9.9.jar
2025-04-30 21:36:06,448 [Worker-2: Launching Executing install in E__sts_demo] INFO  o.eclipse.m2e.core.internal.Bundles - 	Entry: E:\sts-4.29.0.RELEASE\plugins\org.eclipse.m2e.maven.runtime_3.9.900.20250220-2013\jars\maven-model-builder-3.9.9.jar
2025-04-30 21:36:06,448 [Worker-2: Launching Executing install in E__sts_demo] INFO  o.eclipse.m2e.core.internal.Bundles - 	Entry: E:\sts-4.29.0.RELEASE\plugins\org.eclipse.m2e.maven.runtime_3.9.900.20250220-2013\jars\maven-plugin-api-3.9.9.jar
2025-04-30 21:36:06,448 [Worker-2: Launching Executing install in E__sts_demo] INFO  o.eclipse.m2e.core.internal.Bundles - 	Entry: E:\sts-4.29.0.RELEASE\plugins\org.eclipse.m2e.maven.runtime_3.9.900.20250220-2013\jars\maven-repository-metadata-3.9.9.jar
2025-04-30 21:36:06,448 [Worker-2: Launching Executing install in E__sts_demo] INFO  o.eclipse.m2e.core.internal.Bundles - 	Entry: E:\sts-4.29.0.RELEASE\plugins\org.eclipse.m2e.maven.runtime_3.9.900.20250220-2013\jars\maven-resolver-api-1.9.22.jar
2025-04-30 21:36:06,448 [Worker-2: Launching Executing install in E__sts_demo] INFO  o.eclipse.m2e.core.internal.Bundles - 	Entry: E:\sts-4.29.0.RELEASE\plugins\org.eclipse.m2e.maven.runtime_3.9.900.20250220-2013\jars\maven-resolver-connector-basic-1.9.22.jar
2025-04-30 21:36:06,448 [Worker-2: Launching Executing install in E__sts_demo] INFO  o.eclipse.m2e.core.internal.Bundles - 	Entry: E:\sts-4.29.0.RELEASE\plugins\org.eclipse.m2e.maven.runtime_3.9.900.20250220-2013\jars\maven-resolver-impl-1.9.22.jar
2025-04-30 21:36:06,448 [Worker-2: Launching Executing install in E__sts_demo] INFO  o.eclipse.m2e.core.internal.Bundles - 	Entry: E:\sts-4.29.0.RELEASE\plugins\org.eclipse.m2e.maven.runtime_3.9.900.20250220-2013\jars\maven-resolver-named-locks-1.9.22.jar
2025-04-30 21:36:06,448 [Worker-2: Launching Executing install in E__sts_demo] INFO  o.eclipse.m2e.core.internal.Bundles - 	Entry: E:\sts-4.29.0.RELEASE\plugins\org.eclipse.m2e.maven.runtime_3.9.900.20250220-2013\jars\maven-resolver-provider-3.9.9.jar
2025-04-30 21:36:06,449 [Worker-2: Launching Executing install in E__sts_demo] INFO  o.eclipse.m2e.core.internal.Bundles - 	Entry: E:\sts-4.29.0.RELEASE\plugins\org.eclipse.m2e.maven.runtime_3.9.900.20250220-2013\jars\maven-resolver-spi-1.9.22.jar
2025-04-30 21:36:06,449 [Worker-2: Launching Executing install in E__sts_demo] INFO  o.eclipse.m2e.core.internal.Bundles - 	Entry: E:\sts-4.29.0.RELEASE\plugins\org.eclipse.m2e.maven.runtime_3.9.900.20250220-2013\jars\maven-resolver-transport-file-1.9.22.jar
2025-04-30 21:36:06,449 [Worker-2: Launching Executing install in E__sts_demo] INFO  o.eclipse.m2e.core.internal.Bundles - 	Entry: E:\sts-4.29.0.RELEASE\plugins\org.eclipse.m2e.maven.runtime_3.9.900.20250220-2013\jars\maven-resolver-transport-http-1.9.22.jar
2025-04-30 21:36:06,449 [Worker-2: Launching Executing install in E__sts_demo] INFO  o.eclipse.m2e.core.internal.Bundles - 	Entry: E:\sts-4.29.0.RELEASE\plugins\org.eclipse.m2e.maven.runtime_3.9.900.20250220-2013\jars\maven-resolver-transport-wagon-1.9.22.jar
2025-04-30 21:36:06,449 [Worker-2: Launching Executing install in E__sts_demo] INFO  o.eclipse.m2e.core.internal.Bundles - 	Entry: E:\sts-4.29.0.RELEASE\plugins\org.eclipse.m2e.maven.runtime_3.9.900.20250220-2013\jars\maven-resolver-util-1.9.22.jar
2025-04-30 21:36:06,449 [Worker-2: Launching Executing install in E__sts_demo] INFO  o.eclipse.m2e.core.internal.Bundles - 	Entry: E:\sts-4.29.0.RELEASE\plugins\org.eclipse.m2e.maven.runtime_3.9.900.20250220-2013\jars\maven-settings-3.9.9.jar
2025-04-30 21:36:06,449 [Worker-2: Launching Executing install in E__sts_demo] INFO  o.eclipse.m2e.core.internal.Bundles - 	Entry: E:\sts-4.29.0.RELEASE\plugins\org.eclipse.m2e.maven.runtime_3.9.900.20250220-2013\jars\maven-settings-builder-3.9.9.jar
2025-04-30 21:36:06,449 [Worker-2: Launching Executing install in E__sts_demo] INFO  o.eclipse.m2e.core.internal.Bundles - 	Entry: E:\sts-4.29.0.RELEASE\plugins\org.eclipse.m2e.maven.runtime_3.9.900.20250220-2013\jars\maven-shared-utils-3.4.2.jar
2025-04-30 21:36:06,449 [Worker-2: Launching Executing install in E__sts_demo] INFO  o.eclipse.m2e.core.internal.Bundles - 	Entry: E:\sts-4.29.0.RELEASE\plugins\org.eclipse.m2e.maven.runtime_3.9.900.20250220-2013\jars\org.eclipse.sisu.inject-0.9.0.M3.jar
2025-04-30 21:36:06,449 [Worker-2: Launching Executing install in E__sts_demo] INFO  o.eclipse.m2e.core.internal.Bundles - 	Entry: E:\sts-4.29.0.RELEASE\plugins\org.eclipse.m2e.maven.runtime_3.9.900.20250220-2013\jars\org.eclipse.sisu.plexus-0.9.0.M3.jar
2025-04-30 21:36:06,449 [Worker-2: Launching Executing install in E__sts_demo] INFO  o.eclipse.m2e.core.internal.Bundles - 	Entry: E:\sts-4.29.0.RELEASE\plugins\org.eclipse.m2e.maven.runtime_3.9.900.20250220-2013\jars\plexus-build-api-0.0.7.jar
2025-04-30 21:36:06,449 [Worker-2: Launching Executing install in E__sts_demo] INFO  o.eclipse.m2e.core.internal.Bundles - 	Entry: E:\sts-4.29.0.RELEASE\plugins\org.eclipse.m2e.maven.runtime_3.9.900.20250220-2013\jars\plexus-build-api-1.2.0.jar
2025-04-30 21:36:06,449 [Worker-2: Launching Executing install in E__sts_demo] INFO  o.eclipse.m2e.core.internal.Bundles - 	Entry: E:\sts-4.29.0.RELEASE\plugins\org.eclipse.m2e.maven.runtime_3.9.900.20250220-2013\jars\plexus-cipher-2.0.jar
2025-04-30 21:36:06,449 [Worker-2: Launching Executing install in E__sts_demo] INFO  o.eclipse.m2e.core.internal.Bundles - 	Entry: E:\sts-4.29.0.RELEASE\plugins\org.eclipse.m2e.maven.runtime_3.9.900.20250220-2013\jars\plexus-classworlds-2.8.0.jar
2025-04-30 21:36:06,449 [Worker-2: Launching Executing install in E__sts_demo] INFO  o.eclipse.m2e.core.internal.Bundles - 	Entry: E:\sts-4.29.0.RELEASE\plugins\org.eclipse.m2e.maven.runtime_3.9.900.20250220-2013\jars\plexus-component-annotations-2.1.0.jar
2025-04-30 21:36:06,449 [Worker-2: Launching Executing install in E__sts_demo] INFO  o.eclipse.m2e.core.internal.Bundles - 	Entry: E:\sts-4.29.0.RELEASE\plugins\org.eclipse.m2e.maven.runtime_3.9.900.20250220-2013\jars\plexus-interpolation-1.27.jar
2025-04-30 21:36:06,449 [Worker-2: Launching Executing install in E__sts_demo] INFO  o.eclipse.m2e.core.internal.Bundles - 	Entry: E:\sts-4.29.0.RELEASE\plugins\org.eclipse.m2e.maven.runtime_3.9.900.20250220-2013\jars\plexus-sec-dispatcher-2.0.jar
2025-04-30 21:36:06,449 [Worker-2: Launching Executing install in E__sts_demo] INFO  o.eclipse.m2e.core.internal.Bundles - 	Entry: E:\sts-4.29.0.RELEASE\plugins\org.eclipse.m2e.maven.runtime_3.9.900.20250220-2013\jars\plexus-utils-3.5.1.jar
2025-04-30 21:36:06,449 [Worker-2: Launching Executing install in E__sts_demo] INFO  o.eclipse.m2e.core.internal.Bundles - 	Entry: E:\sts-4.29.0.RELEASE\plugins\org.eclipse.m2e.maven.runtime_3.9.900.20250220-2013\jars\plexus-xml-3.0.1.jar
2025-04-30 21:36:06,449 [Worker-2: Launching Executing install in E__sts_demo] INFO  o.eclipse.m2e.core.internal.Bundles - 	Entry: E:\sts-4.29.0.RELEASE\plugins\org.eclipse.m2e.maven.runtime_3.9.900.20250220-2013\jars\wagon-file-3.5.3.jar
2025-04-30 21:36:06,449 [Worker-2: Launching Executing install in E__sts_demo] INFO  o.eclipse.m2e.core.internal.Bundles - 	Entry: E:\sts-4.29.0.RELEASE\plugins\org.eclipse.m2e.maven.runtime_3.9.900.20250220-2013\jars\wagon-http-3.5.3.jar
2025-04-30 21:36:06,449 [Worker-2: Launching Executing install in E__sts_demo] INFO  o.eclipse.m2e.core.internal.Bundles - 	Entry: E:\sts-4.29.0.RELEASE\plugins\org.eclipse.m2e.maven.runtime_3.9.900.20250220-2013\jars\wagon-http-shared-3.5.3.jar
2025-04-30 21:36:06,449 [Worker-2: Launching Executing install in E__sts_demo] INFO  o.eclipse.m2e.core.internal.Bundles - 	Entry: E:\sts-4.29.0.RELEASE\plugins\org.eclipse.m2e.maven.runtime_3.9.900.20250220-2013\jars\wagon-provider-api-3.5.3.jar
2025-04-30 21:36:06,449 [Worker-2: Launching Executing install in E__sts_demo] INFO  o.eclipse.m2e.core.internal.Bundles - getClasspathEntries(Bundle=com.google.guava_33.4.0.jre [29])
2025-04-30 21:36:06,450 [Worker-2: Launching Executing install in E__sts_demo] INFO  o.eclipse.m2e.core.internal.Bundles - 	Entry: E:\sts-4.29.0.RELEASE\plugins\com.google.guava_33.4.0.jre.jar
2025-04-30 21:36:06,450 [Worker-2: Launching Executing install in E__sts_demo] INFO  o.eclipse.m2e.core.internal.Bundles - getClasspathEntries(Bundle=slf4j.api_2.0.17 [608])
2025-04-30 21:36:06,450 [Worker-2: Launching Executing install in E__sts_demo] INFO  o.eclipse.m2e.core.internal.Bundles - 	Entry: E:\sts-4.29.0.RELEASE\plugins\slf4j.api_2.0.17.jar
2025-04-30 21:36:06,450 [Worker-2: Launching Executing install in E__sts_demo] INFO  o.eclipse.m2e.core.internal.Bundles - getClasspathEntries(Bundle=jakarta.inject.jakarta.inject-api_1.0.5 [45])
2025-04-30 21:36:06,450 [Worker-2: Launching Executing install in E__sts_demo] INFO  o.eclipse.m2e.core.internal.Bundles - 	Entry: E:\sts-4.29.0.RELEASE\plugins\jakarta.inject.jakarta.inject-api_1.0.5.jar
2025-04-30 21:36:06,450 [Worker-2: Launching Executing install in E__sts_demo] INFO  o.eclipse.m2e.core.internal.Bundles - getClasspathEntries(Bundle=jakarta.annotation-api_1.3.5 [41])
2025-04-30 21:36:06,450 [Worker-2: Launching Executing install in E__sts_demo] INFO  o.eclipse.m2e.core.internal.Bundles - 	Entry: E:\sts-4.29.0.RELEASE\plugins\jakarta.annotation-api_1.3.5.jar
2025-04-30 21:36:06,450 [Worker-2: Launching Executing install in E__sts_demo] INFO  o.eclipse.m2e.core.internal.Bundles - getClasspathEntries(Bundle=org.apache.commons.cli_1.9.0 [77])
2025-04-30 21:36:06,450 [Worker-2: Launching Executing install in E__sts_demo] INFO  o.eclipse.m2e.core.internal.Bundles - 	Entry: E:\sts-4.29.0.RELEASE\plugins\org.apache.commons.cli_1.9.0.jar
2025-04-30 21:36:06,450 [Worker-2: Launching Executing install in E__sts_demo] INFO  o.eclipse.m2e.core.internal.Bundles - getClasspathEntries(Bundle=org.apache.commons.commons-codec_1.16.0 [79])
2025-04-30 21:36:06,450 [Worker-2: Launching Executing install in E__sts_demo] INFO  o.eclipse.m2e.core.internal.Bundles - 	Entry: E:\sts-4.29.0.RELEASE\plugins\org.apache.commons.commons-codec_1.16.0.jar
2025-04-30 21:36:06,450 [Worker-2: Launching Executing install in E__sts_demo] INFO  o.eclipse.m2e.core.internal.Bundles - getClasspathEntries(Bundle=com.google.guava.failureaccess_1.0.2 [30])
2025-04-30 21:36:06,450 [Worker-2: Launching Executing install in E__sts_demo] INFO  o.eclipse.m2e.core.internal.Bundles - 	Entry: E:\sts-4.29.0.RELEASE\plugins\com.google.guava.failureaccess_1.0.2.jar
2025-04-30 21:36:06,451 [Worker-2: Launching Executing install in E__sts_demo] INFO  o.e.m.i.launch.MavenLaunchDelegate - Run build in "E:\sts\demo":
2025-04-30 21:36:06,451 [Worker-2: Launching Executing install in E__sts_demo] INFO  o.e.m.i.launch.MavenLaunchDelegate -  mvn  -Ppom.xml -B -Dstyle.color=always install
2025-04-30 21:36:11,649 [Worker-17: Building] INFO  o.a.m.s.f.DefaultMavenResourcesFiltering - Copying 1 resource from src\main\resources to target\classes
2025-04-30 21:36:11,650 [Worker-17: Building] INFO  o.a.m.s.f.DefaultMavenResourcesFiltering - Copying 7 resources from src\main\resources to target\classes
2025-04-30 21:36:11,660 [Worker-17: Building] INFO  o.a.m.s.f.DefaultMavenResourcesFiltering - skip non existing resourceDirectory E:\sts\demo\src\test\resources
2025-04-30 21:38:00,161 [Worker-18: Building] INFO  o.a.m.s.f.DefaultMavenResourcesFiltering - Copying 1 resource from src\main\resources to target\classes
2025-04-30 21:38:00,177 [Worker-18: Building] INFO  o.a.m.s.f.DefaultMavenResourcesFiltering - Copying 7 resources from src\main\resources to target\classes
2025-04-30 21:38:00,186 [Worker-18: Building] INFO  o.a.m.s.f.DefaultMavenResourcesFiltering - skip non existing resourceDirectory E:\sts\demo\src\test\resources
2025-04-30 21:38:10,921 [Worker-10: Building] INFO  o.a.m.s.f.DefaultMavenResourcesFiltering - Copying 1 resource from src\main\resources to target\classes
2025-04-30 21:38:10,925 [Worker-10: Building] INFO  o.a.m.s.f.DefaultMavenResourcesFiltering - Copying 7 resources from src\main\resources to target\classes
2025-04-30 21:38:10,928 [Worker-10: Building] INFO  o.a.m.s.f.DefaultMavenResourcesFiltering - skip non existing resourceDirectory E:\sts\demo\src\test\resources
2025-04-30 21:38:18,851 [Worker-10: Launching Executing clean in E__sts_demo] INFO  o.eclipse.m2e.core.internal.Bundles - getClasspathEntries(Bundle=org.eclipse.m2e.maven.runtime_3.9.900.20250220-2013 [361])
2025-04-30 21:38:18,852 [Worker-10: Launching Executing clean in E__sts_demo] INFO  o.eclipse.m2e.core.internal.Bundles - 	Entry: E:\sts-4.29.0.RELEASE\plugins\org.eclipse.m2e.maven.runtime_3.9.900.20250220-2013
2025-04-30 21:38:18,852 [Worker-10: Launching Executing clean in E__sts_demo] INFO  o.eclipse.m2e.core.internal.Bundles - 	Entry: E:\sts-4.29.0.RELEASE\plugins\org.eclipse.m2e.maven.runtime_3.9.900.20250220-2013\jars\aopalliance-1.0.jar
2025-04-30 21:38:18,852 [Worker-10: Launching Executing clean in E__sts_demo] INFO  o.eclipse.m2e.core.internal.Bundles - 	Entry: E:\sts-4.29.0.RELEASE\plugins\org.eclipse.m2e.maven.runtime_3.9.900.20250220-2013\jars\guice-5.1.0.jar
2025-04-30 21:38:18,852 [Worker-10: Launching Executing clean in E__sts_demo] INFO  o.eclipse.m2e.core.internal.Bundles - 	Entry: E:\sts-4.29.0.RELEASE\plugins\org.eclipse.m2e.maven.runtime_3.9.900.20250220-2013\jars\httpclient-4.5.14.jar
2025-04-30 21:38:18,852 [Worker-10: Launching Executing clean in E__sts_demo] INFO  o.eclipse.m2e.core.internal.Bundles - 	Entry: E:\sts-4.29.0.RELEASE\plugins\org.eclipse.m2e.maven.runtime_3.9.900.20250220-2013\jars\httpcore-4.4.16.jar
2025-04-30 21:38:18,852 [Worker-10: Launching Executing clean in E__sts_demo] INFO  o.eclipse.m2e.core.internal.Bundles - 	Entry: E:\sts-4.29.0.RELEASE\plugins\org.eclipse.m2e.maven.runtime_3.9.900.20250220-2013\jars\jansi-2.4.1.jar
2025-04-30 21:38:18,852 [Worker-10: Launching Executing clean in E__sts_demo] INFO  o.eclipse.m2e.core.internal.Bundles - 	Entry: E:\sts-4.29.0.RELEASE\plugins\org.eclipse.m2e.maven.runtime_3.9.900.20250220-2013\jars\jcl-over-slf4j-1.7.36.jar
2025-04-30 21:38:18,852 [Worker-10: Launching Executing clean in E__sts_demo] INFO  o.eclipse.m2e.core.internal.Bundles - 	Entry: E:\sts-4.29.0.RELEASE\plugins\org.eclipse.m2e.maven.runtime_3.9.900.20250220-2013\jars\maven-artifact-3.9.9.jar
2025-04-30 21:38:18,853 [Worker-10: Launching Executing clean in E__sts_demo] INFO  o.eclipse.m2e.core.internal.Bundles - 	Entry: E:\sts-4.29.0.RELEASE\plugins\org.eclipse.m2e.maven.runtime_3.9.900.20250220-2013\jars\maven-builder-support-3.9.9.jar
2025-04-30 21:38:18,853 [Worker-10: Launching Executing clean in E__sts_demo] INFO  o.eclipse.m2e.core.internal.Bundles - 	Entry: E:\sts-4.29.0.RELEASE\plugins\org.eclipse.m2e.maven.runtime_3.9.900.20250220-2013\jars\maven-compat-3.9.9.jar
2025-04-30 21:38:18,853 [Worker-10: Launching Executing clean in E__sts_demo] INFO  o.eclipse.m2e.core.internal.Bundles - 	Entry: E:\sts-4.29.0.RELEASE\plugins\org.eclipse.m2e.maven.runtime_3.9.900.20250220-2013\jars\maven-core-3.9.9.jar
2025-04-30 21:38:18,853 [Worker-10: Launching Executing clean in E__sts_demo] INFO  o.eclipse.m2e.core.internal.Bundles - 	Entry: E:\sts-4.29.0.RELEASE\plugins\org.eclipse.m2e.maven.runtime_3.9.900.20250220-2013\jars\maven-embedder-3.9.9.jar
2025-04-30 21:38:18,853 [Worker-10: Launching Executing clean in E__sts_demo] INFO  o.eclipse.m2e.core.internal.Bundles - 	Entry: E:\sts-4.29.0.RELEASE\plugins\org.eclipse.m2e.maven.runtime_3.9.900.20250220-2013\jars\maven-model-3.9.9.jar
2025-04-30 21:38:18,853 [Worker-10: Launching Executing clean in E__sts_demo] INFO  o.eclipse.m2e.core.internal.Bundles - 	Entry: E:\sts-4.29.0.RELEASE\plugins\org.eclipse.m2e.maven.runtime_3.9.900.20250220-2013\jars\maven-model-builder-3.9.9.jar
2025-04-30 21:38:18,853 [Worker-10: Launching Executing clean in E__sts_demo] INFO  o.eclipse.m2e.core.internal.Bundles - 	Entry: E:\sts-4.29.0.RELEASE\plugins\org.eclipse.m2e.maven.runtime_3.9.900.20250220-2013\jars\maven-plugin-api-3.9.9.jar
2025-04-30 21:38:18,853 [Worker-10: Launching Executing clean in E__sts_demo] INFO  o.eclipse.m2e.core.internal.Bundles - 	Entry: E:\sts-4.29.0.RELEASE\plugins\org.eclipse.m2e.maven.runtime_3.9.900.20250220-2013\jars\maven-repository-metadata-3.9.9.jar
2025-04-30 21:38:18,853 [Worker-10: Launching Executing clean in E__sts_demo] INFO  o.eclipse.m2e.core.internal.Bundles - 	Entry: E:\sts-4.29.0.RELEASE\plugins\org.eclipse.m2e.maven.runtime_3.9.900.20250220-2013\jars\maven-resolver-api-1.9.22.jar
2025-04-30 21:38:18,853 [Worker-10: Launching Executing clean in E__sts_demo] INFO  o.eclipse.m2e.core.internal.Bundles - 	Entry: E:\sts-4.29.0.RELEASE\plugins\org.eclipse.m2e.maven.runtime_3.9.900.20250220-2013\jars\maven-resolver-connector-basic-1.9.22.jar
2025-04-30 21:38:18,853 [Worker-10: Launching Executing clean in E__sts_demo] INFO  o.eclipse.m2e.core.internal.Bundles - 	Entry: E:\sts-4.29.0.RELEASE\plugins\org.eclipse.m2e.maven.runtime_3.9.900.20250220-2013\jars\maven-resolver-impl-1.9.22.jar
2025-04-30 21:38:18,853 [Worker-10: Launching Executing clean in E__sts_demo] INFO  o.eclipse.m2e.core.internal.Bundles - 	Entry: E:\sts-4.29.0.RELEASE\plugins\org.eclipse.m2e.maven.runtime_3.9.900.20250220-2013\jars\maven-resolver-named-locks-1.9.22.jar
2025-04-30 21:38:18,853 [Worker-10: Launching Executing clean in E__sts_demo] INFO  o.eclipse.m2e.core.internal.Bundles - 	Entry: E:\sts-4.29.0.RELEASE\plugins\org.eclipse.m2e.maven.runtime_3.9.900.20250220-2013\jars\maven-resolver-provider-3.9.9.jar
2025-04-30 21:38:18,853 [Worker-10: Launching Executing clean in E__sts_demo] INFO  o.eclipse.m2e.core.internal.Bundles - 	Entry: E:\sts-4.29.0.RELEASE\plugins\org.eclipse.m2e.maven.runtime_3.9.900.20250220-2013\jars\maven-resolver-spi-1.9.22.jar
2025-04-30 21:38:18,853 [Worker-10: Launching Executing clean in E__sts_demo] INFO  o.eclipse.m2e.core.internal.Bundles - 	Entry: E:\sts-4.29.0.RELEASE\plugins\org.eclipse.m2e.maven.runtime_3.9.900.20250220-2013\jars\maven-resolver-transport-file-1.9.22.jar
2025-04-30 21:38:18,854 [Worker-10: Launching Executing clean in E__sts_demo] INFO  o.eclipse.m2e.core.internal.Bundles - 	Entry: E:\sts-4.29.0.RELEASE\plugins\org.eclipse.m2e.maven.runtime_3.9.900.20250220-2013\jars\maven-resolver-transport-http-1.9.22.jar
2025-04-30 21:38:18,854 [Worker-10: Launching Executing clean in E__sts_demo] INFO  o.eclipse.m2e.core.internal.Bundles - 	Entry: E:\sts-4.29.0.RELEASE\plugins\org.eclipse.m2e.maven.runtime_3.9.900.20250220-2013\jars\maven-resolver-transport-wagon-1.9.22.jar
2025-04-30 21:38:18,854 [Worker-10: Launching Executing clean in E__sts_demo] INFO  o.eclipse.m2e.core.internal.Bundles - 	Entry: E:\sts-4.29.0.RELEASE\plugins\org.eclipse.m2e.maven.runtime_3.9.900.20250220-2013\jars\maven-resolver-util-1.9.22.jar
2025-04-30 21:38:18,854 [Worker-10: Launching Executing clean in E__sts_demo] INFO  o.eclipse.m2e.core.internal.Bundles - 	Entry: E:\sts-4.29.0.RELEASE\plugins\org.eclipse.m2e.maven.runtime_3.9.900.20250220-2013\jars\maven-settings-3.9.9.jar
2025-04-30 21:38:18,854 [Worker-10: Launching Executing clean in E__sts_demo] INFO  o.eclipse.m2e.core.internal.Bundles - 	Entry: E:\sts-4.29.0.RELEASE\plugins\org.eclipse.m2e.maven.runtime_3.9.900.20250220-2013\jars\maven-settings-builder-3.9.9.jar
2025-04-30 21:38:18,854 [Worker-10: Launching Executing clean in E__sts_demo] INFO  o.eclipse.m2e.core.internal.Bundles - 	Entry: E:\sts-4.29.0.RELEASE\plugins\org.eclipse.m2e.maven.runtime_3.9.900.20250220-2013\jars\maven-shared-utils-3.4.2.jar
2025-04-30 21:38:18,854 [Worker-10: Launching Executing clean in E__sts_demo] INFO  o.eclipse.m2e.core.internal.Bundles - 	Entry: E:\sts-4.29.0.RELEASE\plugins\org.eclipse.m2e.maven.runtime_3.9.900.20250220-2013\jars\org.eclipse.sisu.inject-0.9.0.M3.jar
2025-04-30 21:38:18,854 [Worker-10: Launching Executing clean in E__sts_demo] INFO  o.eclipse.m2e.core.internal.Bundles - 	Entry: E:\sts-4.29.0.RELEASE\plugins\org.eclipse.m2e.maven.runtime_3.9.900.20250220-2013\jars\org.eclipse.sisu.plexus-0.9.0.M3.jar
2025-04-30 21:38:18,854 [Worker-10: Launching Executing clean in E__sts_demo] INFO  o.eclipse.m2e.core.internal.Bundles - 	Entry: E:\sts-4.29.0.RELEASE\plugins\org.eclipse.m2e.maven.runtime_3.9.900.20250220-2013\jars\plexus-build-api-0.0.7.jar
2025-04-30 21:38:18,854 [Worker-10: Launching Executing clean in E__sts_demo] INFO  o.eclipse.m2e.core.internal.Bundles - 	Entry: E:\sts-4.29.0.RELEASE\plugins\org.eclipse.m2e.maven.runtime_3.9.900.20250220-2013\jars\plexus-build-api-1.2.0.jar
2025-04-30 21:38:18,854 [Worker-10: Launching Executing clean in E__sts_demo] INFO  o.eclipse.m2e.core.internal.Bundles - 	Entry: E:\sts-4.29.0.RELEASE\plugins\org.eclipse.m2e.maven.runtime_3.9.900.20250220-2013\jars\plexus-cipher-2.0.jar
2025-04-30 21:38:18,854 [Worker-10: Launching Executing clean in E__sts_demo] INFO  o.eclipse.m2e.core.internal.Bundles - 	Entry: E:\sts-4.29.0.RELEASE\plugins\org.eclipse.m2e.maven.runtime_3.9.900.20250220-2013\jars\plexus-classworlds-2.8.0.jar
2025-04-30 21:38:18,854 [Worker-10: Launching Executing clean in E__sts_demo] INFO  o.eclipse.m2e.core.internal.Bundles - 	Entry: E:\sts-4.29.0.RELEASE\plugins\org.eclipse.m2e.maven.runtime_3.9.900.20250220-2013\jars\plexus-component-annotations-2.1.0.jar
2025-04-30 21:38:18,854 [Worker-10: Launching Executing clean in E__sts_demo] INFO  o.eclipse.m2e.core.internal.Bundles - 	Entry: E:\sts-4.29.0.RELEASE\plugins\org.eclipse.m2e.maven.runtime_3.9.900.20250220-2013\jars\plexus-interpolation-1.27.jar
2025-04-30 21:38:18,854 [Worker-10: Launching Executing clean in E__sts_demo] INFO  o.eclipse.m2e.core.internal.Bundles - 	Entry: E:\sts-4.29.0.RELEASE\plugins\org.eclipse.m2e.maven.runtime_3.9.900.20250220-2013\jars\plexus-sec-dispatcher-2.0.jar
2025-04-30 21:38:18,854 [Worker-10: Launching Executing clean in E__sts_demo] INFO  o.eclipse.m2e.core.internal.Bundles - 	Entry: E:\sts-4.29.0.RELEASE\plugins\org.eclipse.m2e.maven.runtime_3.9.900.20250220-2013\jars\plexus-utils-3.5.1.jar
2025-04-30 21:38:18,854 [Worker-10: Launching Executing clean in E__sts_demo] INFO  o.eclipse.m2e.core.internal.Bundles - 	Entry: E:\sts-4.29.0.RELEASE\plugins\org.eclipse.m2e.maven.runtime_3.9.900.20250220-2013\jars\plexus-xml-3.0.1.jar
2025-04-30 21:38:18,854 [Worker-10: Launching Executing clean in E__sts_demo] INFO  o.eclipse.m2e.core.internal.Bundles - 	Entry: E:\sts-4.29.0.RELEASE\plugins\org.eclipse.m2e.maven.runtime_3.9.900.20250220-2013\jars\wagon-file-3.5.3.jar
2025-04-30 21:38:18,854 [Worker-10: Launching Executing clean in E__sts_demo] INFO  o.eclipse.m2e.core.internal.Bundles - 	Entry: E:\sts-4.29.0.RELEASE\plugins\org.eclipse.m2e.maven.runtime_3.9.900.20250220-2013\jars\wagon-http-3.5.3.jar
2025-04-30 21:38:18,854 [Worker-10: Launching Executing clean in E__sts_demo] INFO  o.eclipse.m2e.core.internal.Bundles - 	Entry: E:\sts-4.29.0.RELEASE\plugins\org.eclipse.m2e.maven.runtime_3.9.900.20250220-2013\jars\wagon-http-shared-3.5.3.jar
2025-04-30 21:38:18,854 [Worker-10: Launching Executing clean in E__sts_demo] INFO  o.eclipse.m2e.core.internal.Bundles - 	Entry: E:\sts-4.29.0.RELEASE\plugins\org.eclipse.m2e.maven.runtime_3.9.900.20250220-2013\jars\wagon-provider-api-3.5.3.jar
2025-04-30 21:38:18,855 [Worker-10: Launching Executing clean in E__sts_demo] INFO  o.eclipse.m2e.core.internal.Bundles - getClasspathEntries(Bundle=com.google.guava_33.4.0.jre [29])
2025-04-30 21:38:18,855 [Worker-10: Launching Executing clean in E__sts_demo] INFO  o.eclipse.m2e.core.internal.Bundles - 	Entry: E:\sts-4.29.0.RELEASE\plugins\com.google.guava_33.4.0.jre.jar
2025-04-30 21:38:18,855 [Worker-10: Launching Executing clean in E__sts_demo] INFO  o.eclipse.m2e.core.internal.Bundles - getClasspathEntries(Bundle=slf4j.api_2.0.17 [608])
2025-04-30 21:38:18,855 [Worker-10: Launching Executing clean in E__sts_demo] INFO  o.eclipse.m2e.core.internal.Bundles - 	Entry: E:\sts-4.29.0.RELEASE\plugins\slf4j.api_2.0.17.jar
2025-04-30 21:38:18,855 [Worker-10: Launching Executing clean in E__sts_demo] INFO  o.eclipse.m2e.core.internal.Bundles - getClasspathEntries(Bundle=jakarta.inject.jakarta.inject-api_1.0.5 [45])
2025-04-30 21:38:18,855 [Worker-10: Launching Executing clean in E__sts_demo] INFO  o.eclipse.m2e.core.internal.Bundles - 	Entry: E:\sts-4.29.0.RELEASE\plugins\jakarta.inject.jakarta.inject-api_1.0.5.jar
2025-04-30 21:38:18,855 [Worker-10: Launching Executing clean in E__sts_demo] INFO  o.eclipse.m2e.core.internal.Bundles - getClasspathEntries(Bundle=jakarta.annotation-api_1.3.5 [41])
2025-04-30 21:38:18,855 [Worker-10: Launching Executing clean in E__sts_demo] INFO  o.eclipse.m2e.core.internal.Bundles - 	Entry: E:\sts-4.29.0.RELEASE\plugins\jakarta.annotation-api_1.3.5.jar
2025-04-30 21:38:18,855 [Worker-10: Launching Executing clean in E__sts_demo] INFO  o.eclipse.m2e.core.internal.Bundles - getClasspathEntries(Bundle=org.apache.commons.cli_1.9.0 [77])
2025-04-30 21:38:18,855 [Worker-10: Launching Executing clean in E__sts_demo] INFO  o.eclipse.m2e.core.internal.Bundles - 	Entry: E:\sts-4.29.0.RELEASE\plugins\org.apache.commons.cli_1.9.0.jar
2025-04-30 21:38:18,855 [Worker-10: Launching Executing clean in E__sts_demo] INFO  o.eclipse.m2e.core.internal.Bundles - getClasspathEntries(Bundle=org.apache.commons.commons-codec_1.16.0 [79])
2025-04-30 21:38:18,855 [Worker-10: Launching Executing clean in E__sts_demo] INFO  o.eclipse.m2e.core.internal.Bundles - 	Entry: E:\sts-4.29.0.RELEASE\plugins\org.apache.commons.commons-codec_1.16.0.jar
2025-04-30 21:38:18,855 [Worker-10: Launching Executing clean in E__sts_demo] INFO  o.eclipse.m2e.core.internal.Bundles - getClasspathEntries(Bundle=com.google.guava.failureaccess_1.0.2 [30])
2025-04-30 21:38:18,855 [Worker-10: Launching Executing clean in E__sts_demo] INFO  o.eclipse.m2e.core.internal.Bundles - 	Entry: E:\sts-4.29.0.RELEASE\plugins\com.google.guava.failureaccess_1.0.2.jar
2025-04-30 21:38:18,856 [Worker-10: Launching Executing clean in E__sts_demo] INFO  o.e.m.i.launch.MavenLaunchDelegate - Run build in "E:\sts\demo":
2025-04-30 21:38:18,856 [Worker-10: Launching Executing clean in E__sts_demo] INFO  o.e.m.i.launch.MavenLaunchDelegate -  mvn  -Ppom.xml -B -Dstyle.color=always clean
2025-04-30 21:38:20,814 [Worker-19: Building] INFO  o.a.m.s.f.DefaultMavenResourcesFiltering - Copying 1 resource from src\main\resources to target\classes
2025-04-30 21:38:20,815 [Worker-19: Building] INFO  o.a.m.s.f.DefaultMavenResourcesFiltering - Copying 7 resources from src\main\resources to target\classes
2025-04-30 21:38:20,826 [Worker-19: Building] INFO  o.a.m.s.f.DefaultMavenResourcesFiltering - skip non existing resourceDirectory E:\sts\demo\src\test\resources
2025-04-30 21:38:26,198 [Worker-19: Launching Executing install in E__sts_demo] INFO  o.eclipse.m2e.core.internal.Bundles - getClasspathEntries(Bundle=org.eclipse.m2e.maven.runtime_3.9.900.20250220-2013 [361])
2025-04-30 21:38:26,198 [Worker-19: Launching Executing install in E__sts_demo] INFO  o.eclipse.m2e.core.internal.Bundles - 	Entry: E:\sts-4.29.0.RELEASE\plugins\org.eclipse.m2e.maven.runtime_3.9.900.20250220-2013
2025-04-30 21:38:26,198 [Worker-19: Launching Executing install in E__sts_demo] INFO  o.eclipse.m2e.core.internal.Bundles - 	Entry: E:\sts-4.29.0.RELEASE\plugins\org.eclipse.m2e.maven.runtime_3.9.900.20250220-2013\jars\aopalliance-1.0.jar
2025-04-30 21:38:26,199 [Worker-19: Launching Executing install in E__sts_demo] INFO  o.eclipse.m2e.core.internal.Bundles - 	Entry: E:\sts-4.29.0.RELEASE\plugins\org.eclipse.m2e.maven.runtime_3.9.900.20250220-2013\jars\guice-5.1.0.jar
2025-04-30 21:38:26,199 [Worker-19: Launching Executing install in E__sts_demo] INFO  o.eclipse.m2e.core.internal.Bundles - 	Entry: E:\sts-4.29.0.RELEASE\plugins\org.eclipse.m2e.maven.runtime_3.9.900.20250220-2013\jars\httpclient-4.5.14.jar
2025-04-30 21:38:26,199 [Worker-19: Launching Executing install in E__sts_demo] INFO  o.eclipse.m2e.core.internal.Bundles - 	Entry: E:\sts-4.29.0.RELEASE\plugins\org.eclipse.m2e.maven.runtime_3.9.900.20250220-2013\jars\httpcore-4.4.16.jar
2025-04-30 21:38:26,199 [Worker-19: Launching Executing install in E__sts_demo] INFO  o.eclipse.m2e.core.internal.Bundles - 	Entry: E:\sts-4.29.0.RELEASE\plugins\org.eclipse.m2e.maven.runtime_3.9.900.20250220-2013\jars\jansi-2.4.1.jar
2025-04-30 21:38:26,199 [Worker-19: Launching Executing install in E__sts_demo] INFO  o.eclipse.m2e.core.internal.Bundles - 	Entry: E:\sts-4.29.0.RELEASE\plugins\org.eclipse.m2e.maven.runtime_3.9.900.20250220-2013\jars\jcl-over-slf4j-1.7.36.jar
2025-04-30 21:38:26,199 [Worker-19: Launching Executing install in E__sts_demo] INFO  o.eclipse.m2e.core.internal.Bundles - 	Entry: E:\sts-4.29.0.RELEASE\plugins\org.eclipse.m2e.maven.runtime_3.9.900.20250220-2013\jars\maven-artifact-3.9.9.jar
2025-04-30 21:38:26,199 [Worker-19: Launching Executing install in E__sts_demo] INFO  o.eclipse.m2e.core.internal.Bundles - 	Entry: E:\sts-4.29.0.RELEASE\plugins\org.eclipse.m2e.maven.runtime_3.9.900.20250220-2013\jars\maven-builder-support-3.9.9.jar
2025-04-30 21:38:26,199 [Worker-19: Launching Executing install in E__sts_demo] INFO  o.eclipse.m2e.core.internal.Bundles - 	Entry: E:\sts-4.29.0.RELEASE\plugins\org.eclipse.m2e.maven.runtime_3.9.900.20250220-2013\jars\maven-compat-3.9.9.jar
2025-04-30 21:38:26,199 [Worker-19: Launching Executing install in E__sts_demo] INFO  o.eclipse.m2e.core.internal.Bundles - 	Entry: E:\sts-4.29.0.RELEASE\plugins\org.eclipse.m2e.maven.runtime_3.9.900.20250220-2013\jars\maven-core-3.9.9.jar
2025-04-30 21:38:26,199 [Worker-19: Launching Executing install in E__sts_demo] INFO  o.eclipse.m2e.core.internal.Bundles - 	Entry: E:\sts-4.29.0.RELEASE\plugins\org.eclipse.m2e.maven.runtime_3.9.900.20250220-2013\jars\maven-embedder-3.9.9.jar
2025-04-30 21:38:26,199 [Worker-19: Launching Executing install in E__sts_demo] INFO  o.eclipse.m2e.core.internal.Bundles - 	Entry: E:\sts-4.29.0.RELEASE\plugins\org.eclipse.m2e.maven.runtime_3.9.900.20250220-2013\jars\maven-model-3.9.9.jar
2025-04-30 21:38:26,199 [Worker-19: Launching Executing install in E__sts_demo] INFO  o.eclipse.m2e.core.internal.Bundles - 	Entry: E:\sts-4.29.0.RELEASE\plugins\org.eclipse.m2e.maven.runtime_3.9.900.20250220-2013\jars\maven-model-builder-3.9.9.jar
2025-04-30 21:38:26,199 [Worker-19: Launching Executing install in E__sts_demo] INFO  o.eclipse.m2e.core.internal.Bundles - 	Entry: E:\sts-4.29.0.RELEASE\plugins\org.eclipse.m2e.maven.runtime_3.9.900.20250220-2013\jars\maven-plugin-api-3.9.9.jar
2025-04-30 21:38:26,199 [Worker-19: Launching Executing install in E__sts_demo] INFO  o.eclipse.m2e.core.internal.Bundles - 	Entry: E:\sts-4.29.0.RELEASE\plugins\org.eclipse.m2e.maven.runtime_3.9.900.20250220-2013\jars\maven-repository-metadata-3.9.9.jar
2025-04-30 21:38:26,199 [Worker-19: Launching Executing install in E__sts_demo] INFO  o.eclipse.m2e.core.internal.Bundles - 	Entry: E:\sts-4.29.0.RELEASE\plugins\org.eclipse.m2e.maven.runtime_3.9.900.20250220-2013\jars\maven-resolver-api-1.9.22.jar
2025-04-30 21:38:26,199 [Worker-19: Launching Executing install in E__sts_demo] INFO  o.eclipse.m2e.core.internal.Bundles - 	Entry: E:\sts-4.29.0.RELEASE\plugins\org.eclipse.m2e.maven.runtime_3.9.900.20250220-2013\jars\maven-resolver-connector-basic-1.9.22.jar
2025-04-30 21:38:26,199 [Worker-19: Launching Executing install in E__sts_demo] INFO  o.eclipse.m2e.core.internal.Bundles - 	Entry: E:\sts-4.29.0.RELEASE\plugins\org.eclipse.m2e.maven.runtime_3.9.900.20250220-2013\jars\maven-resolver-impl-1.9.22.jar
2025-04-30 21:38:26,199 [Worker-19: Launching Executing install in E__sts_demo] INFO  o.eclipse.m2e.core.internal.Bundles - 	Entry: E:\sts-4.29.0.RELEASE\plugins\org.eclipse.m2e.maven.runtime_3.9.900.20250220-2013\jars\maven-resolver-named-locks-1.9.22.jar
2025-04-30 21:38:26,199 [Worker-19: Launching Executing install in E__sts_demo] INFO  o.eclipse.m2e.core.internal.Bundles - 	Entry: E:\sts-4.29.0.RELEASE\plugins\org.eclipse.m2e.maven.runtime_3.9.900.20250220-2013\jars\maven-resolver-provider-3.9.9.jar
2025-04-30 21:38:26,199 [Worker-19: Launching Executing install in E__sts_demo] INFO  o.eclipse.m2e.core.internal.Bundles - 	Entry: E:\sts-4.29.0.RELEASE\plugins\org.eclipse.m2e.maven.runtime_3.9.900.20250220-2013\jars\maven-resolver-spi-1.9.22.jar
2025-04-30 21:38:26,199 [Worker-19: Launching Executing install in E__sts_demo] INFO  o.eclipse.m2e.core.internal.Bundles - 	Entry: E:\sts-4.29.0.RELEASE\plugins\org.eclipse.m2e.maven.runtime_3.9.900.20250220-2013\jars\maven-resolver-transport-file-1.9.22.jar
2025-04-30 21:38:26,199 [Worker-19: Launching Executing install in E__sts_demo] INFO  o.eclipse.m2e.core.internal.Bundles - 	Entry: E:\sts-4.29.0.RELEASE\plugins\org.eclipse.m2e.maven.runtime_3.9.900.20250220-2013\jars\maven-resolver-transport-http-1.9.22.jar
2025-04-30 21:38:26,199 [Worker-19: Launching Executing install in E__sts_demo] INFO  o.eclipse.m2e.core.internal.Bundles - 	Entry: E:\sts-4.29.0.RELEASE\plugins\org.eclipse.m2e.maven.runtime_3.9.900.20250220-2013\jars\maven-resolver-transport-wagon-1.9.22.jar
2025-04-30 21:38:26,199 [Worker-19: Launching Executing install in E__sts_demo] INFO  o.eclipse.m2e.core.internal.Bundles - 	Entry: E:\sts-4.29.0.RELEASE\plugins\org.eclipse.m2e.maven.runtime_3.9.900.20250220-2013\jars\maven-resolver-util-1.9.22.jar
2025-04-30 21:38:26,199 [Worker-19: Launching Executing install in E__sts_demo] INFO  o.eclipse.m2e.core.internal.Bundles - 	Entry: E:\sts-4.29.0.RELEASE\plugins\org.eclipse.m2e.maven.runtime_3.9.900.20250220-2013\jars\maven-settings-3.9.9.jar
2025-04-30 21:38:26,199 [Worker-19: Launching Executing install in E__sts_demo] INFO  o.eclipse.m2e.core.internal.Bundles - 	Entry: E:\sts-4.29.0.RELEASE\plugins\org.eclipse.m2e.maven.runtime_3.9.900.20250220-2013\jars\maven-settings-builder-3.9.9.jar
2025-04-30 21:38:26,199 [Worker-19: Launching Executing install in E__sts_demo] INFO  o.eclipse.m2e.core.internal.Bundles - 	Entry: E:\sts-4.29.0.RELEASE\plugins\org.eclipse.m2e.maven.runtime_3.9.900.20250220-2013\jars\maven-shared-utils-3.4.2.jar
2025-04-30 21:38:26,199 [Worker-19: Launching Executing install in E__sts_demo] INFO  o.eclipse.m2e.core.internal.Bundles - 	Entry: E:\sts-4.29.0.RELEASE\plugins\org.eclipse.m2e.maven.runtime_3.9.900.20250220-2013\jars\org.eclipse.sisu.inject-0.9.0.M3.jar
2025-04-30 21:38:26,199 [Worker-19: Launching Executing install in E__sts_demo] INFO  o.eclipse.m2e.core.internal.Bundles - 	Entry: E:\sts-4.29.0.RELEASE\plugins\org.eclipse.m2e.maven.runtime_3.9.900.20250220-2013\jars\org.eclipse.sisu.plexus-0.9.0.M3.jar
2025-04-30 21:38:26,199 [Worker-19: Launching Executing install in E__sts_demo] INFO  o.eclipse.m2e.core.internal.Bundles - 	Entry: E:\sts-4.29.0.RELEASE\plugins\org.eclipse.m2e.maven.runtime_3.9.900.20250220-2013\jars\plexus-build-api-0.0.7.jar
2025-04-30 21:38:26,199 [Worker-19: Launching Executing install in E__sts_demo] INFO  o.eclipse.m2e.core.internal.Bundles - 	Entry: E:\sts-4.29.0.RELEASE\plugins\org.eclipse.m2e.maven.runtime_3.9.900.20250220-2013\jars\plexus-build-api-1.2.0.jar
2025-04-30 21:38:26,200 [Worker-19: Launching Executing install in E__sts_demo] INFO  o.eclipse.m2e.core.internal.Bundles - 	Entry: E:\sts-4.29.0.RELEASE\plugins\org.eclipse.m2e.maven.runtime_3.9.900.20250220-2013\jars\plexus-cipher-2.0.jar
2025-04-30 21:38:26,200 [Worker-19: Launching Executing install in E__sts_demo] INFO  o.eclipse.m2e.core.internal.Bundles - 	Entry: E:\sts-4.29.0.RELEASE\plugins\org.eclipse.m2e.maven.runtime_3.9.900.20250220-2013\jars\plexus-classworlds-2.8.0.jar
2025-04-30 21:38:26,200 [Worker-19: Launching Executing install in E__sts_demo] INFO  o.eclipse.m2e.core.internal.Bundles - 	Entry: E:\sts-4.29.0.RELEASE\plugins\org.eclipse.m2e.maven.runtime_3.9.900.20250220-2013\jars\plexus-component-annotations-2.1.0.jar
2025-04-30 21:38:26,200 [Worker-19: Launching Executing install in E__sts_demo] INFO  o.eclipse.m2e.core.internal.Bundles - 	Entry: E:\sts-4.29.0.RELEASE\plugins\org.eclipse.m2e.maven.runtime_3.9.900.20250220-2013\jars\plexus-interpolation-1.27.jar
2025-04-30 21:38:26,200 [Worker-19: Launching Executing install in E__sts_demo] INFO  o.eclipse.m2e.core.internal.Bundles - 	Entry: E:\sts-4.29.0.RELEASE\plugins\org.eclipse.m2e.maven.runtime_3.9.900.20250220-2013\jars\plexus-sec-dispatcher-2.0.jar
2025-04-30 21:38:26,200 [Worker-19: Launching Executing install in E__sts_demo] INFO  o.eclipse.m2e.core.internal.Bundles - 	Entry: E:\sts-4.29.0.RELEASE\plugins\org.eclipse.m2e.maven.runtime_3.9.900.20250220-2013\jars\plexus-utils-3.5.1.jar
2025-04-30 21:38:26,200 [Worker-19: Launching Executing install in E__sts_demo] INFO  o.eclipse.m2e.core.internal.Bundles - 	Entry: E:\sts-4.29.0.RELEASE\plugins\org.eclipse.m2e.maven.runtime_3.9.900.20250220-2013\jars\plexus-xml-3.0.1.jar
2025-04-30 21:38:26,200 [Worker-19: Launching Executing install in E__sts_demo] INFO  o.eclipse.m2e.core.internal.Bundles - 	Entry: E:\sts-4.29.0.RELEASE\plugins\org.eclipse.m2e.maven.runtime_3.9.900.20250220-2013\jars\wagon-file-3.5.3.jar
2025-04-30 21:38:26,200 [Worker-19: Launching Executing install in E__sts_demo] INFO  o.eclipse.m2e.core.internal.Bundles - 	Entry: E:\sts-4.29.0.RELEASE\plugins\org.eclipse.m2e.maven.runtime_3.9.900.20250220-2013\jars\wagon-http-3.5.3.jar
2025-04-30 21:38:26,200 [Worker-19: Launching Executing install in E__sts_demo] INFO  o.eclipse.m2e.core.internal.Bundles - 	Entry: E:\sts-4.29.0.RELEASE\plugins\org.eclipse.m2e.maven.runtime_3.9.900.20250220-2013\jars\wagon-http-shared-3.5.3.jar
2025-04-30 21:38:26,200 [Worker-19: Launching Executing install in E__sts_demo] INFO  o.eclipse.m2e.core.internal.Bundles - 	Entry: E:\sts-4.29.0.RELEASE\plugins\org.eclipse.m2e.maven.runtime_3.9.900.20250220-2013\jars\wagon-provider-api-3.5.3.jar
2025-04-30 21:38:26,200 [Worker-19: Launching Executing install in E__sts_demo] INFO  o.eclipse.m2e.core.internal.Bundles - getClasspathEntries(Bundle=com.google.guava_33.4.0.jre [29])
2025-04-30 21:38:26,200 [Worker-19: Launching Executing install in E__sts_demo] INFO  o.eclipse.m2e.core.internal.Bundles - 	Entry: E:\sts-4.29.0.RELEASE\plugins\com.google.guava_33.4.0.jre.jar
2025-04-30 21:38:26,200 [Worker-19: Launching Executing install in E__sts_demo] INFO  o.eclipse.m2e.core.internal.Bundles - getClasspathEntries(Bundle=slf4j.api_2.0.17 [608])
2025-04-30 21:38:26,200 [Worker-19: Launching Executing install in E__sts_demo] INFO  o.eclipse.m2e.core.internal.Bundles - 	Entry: E:\sts-4.29.0.RELEASE\plugins\slf4j.api_2.0.17.jar
2025-04-30 21:38:26,200 [Worker-19: Launching Executing install in E__sts_demo] INFO  o.eclipse.m2e.core.internal.Bundles - getClasspathEntries(Bundle=jakarta.inject.jakarta.inject-api_1.0.5 [45])
2025-04-30 21:38:26,200 [Worker-19: Launching Executing install in E__sts_demo] INFO  o.eclipse.m2e.core.internal.Bundles - 	Entry: E:\sts-4.29.0.RELEASE\plugins\jakarta.inject.jakarta.inject-api_1.0.5.jar
2025-04-30 21:38:26,200 [Worker-19: Launching Executing install in E__sts_demo] INFO  o.eclipse.m2e.core.internal.Bundles - getClasspathEntries(Bundle=jakarta.annotation-api_1.3.5 [41])
2025-04-30 21:38:26,201 [Worker-19: Launching Executing install in E__sts_demo] INFO  o.eclipse.m2e.core.internal.Bundles - 	Entry: E:\sts-4.29.0.RELEASE\plugins\jakarta.annotation-api_1.3.5.jar
2025-04-30 21:38:26,201 [Worker-19: Launching Executing install in E__sts_demo] INFO  o.eclipse.m2e.core.internal.Bundles - getClasspathEntries(Bundle=org.apache.commons.cli_1.9.0 [77])
2025-04-30 21:38:26,201 [Worker-19: Launching Executing install in E__sts_demo] INFO  o.eclipse.m2e.core.internal.Bundles - 	Entry: E:\sts-4.29.0.RELEASE\plugins\org.apache.commons.cli_1.9.0.jar
2025-04-30 21:38:26,201 [Worker-19: Launching Executing install in E__sts_demo] INFO  o.eclipse.m2e.core.internal.Bundles - getClasspathEntries(Bundle=org.apache.commons.commons-codec_1.16.0 [79])
2025-04-30 21:38:26,201 [Worker-19: Launching Executing install in E__sts_demo] INFO  o.eclipse.m2e.core.internal.Bundles - 	Entry: E:\sts-4.29.0.RELEASE\plugins\org.apache.commons.commons-codec_1.16.0.jar
2025-04-30 21:38:26,201 [Worker-19: Launching Executing install in E__sts_demo] INFO  o.eclipse.m2e.core.internal.Bundles - getClasspathEntries(Bundle=com.google.guava.failureaccess_1.0.2 [30])
2025-04-30 21:38:26,201 [Worker-19: Launching Executing install in E__sts_demo] INFO  o.eclipse.m2e.core.internal.Bundles - 	Entry: E:\sts-4.29.0.RELEASE\plugins\com.google.guava.failureaccess_1.0.2.jar
2025-04-30 21:38:26,201 [Worker-19: Launching Executing install in E__sts_demo] INFO  o.e.m.i.launch.MavenLaunchDelegate - Run build in "E:\sts\demo":
2025-04-30 21:38:26,202 [Worker-19: Launching Executing install in E__sts_demo] INFO  o.e.m.i.launch.MavenLaunchDelegate -  mvn  -Ppom.xml -B -Dstyle.color=always install
2025-04-30 21:38:31,169 [Worker-17: Building] INFO  o.a.m.s.f.DefaultMavenResourcesFiltering - Copying 1 resource from src\main\resources to target\classes
2025-04-30 21:38:31,170 [Worker-17: Building] INFO  o.a.m.s.f.DefaultMavenResourcesFiltering - Copying 7 resources from src\main\resources to target\classes
2025-04-30 21:38:31,182 [Worker-17: Building] INFO  o.a.m.s.f.DefaultMavenResourcesFiltering - skip non existing resourceDirectory E:\sts\demo\src\test\resources
2025-04-30 21:39:22,891 [Worker-9: Building] ERROR o.e.m.c.i.p.r.ProjectRegistryManager - Could not read pom.xml
org.eclipse.core.runtime.CoreException: Could not read pom.xml
	at org.eclipse.m2e.core.internal.IMavenToolbox.readModel(IMavenToolbox.java:245)
	at org.eclipse.m2e.core.internal.project.registry.ProjectRegistryManager.refreshPhase2(ProjectRegistryManager.java:591)
	at org.eclipse.m2e.core.internal.project.registry.ProjectRegistryManager.refresh(ProjectRegistryManager.java:491)
	at org.eclipse.m2e.core.internal.project.registry.ProjectRegistryManager.refresh(ProjectRegistryManager.java:370)
	at org.eclipse.m2e.core.internal.project.registry.ProjectRegistryManager.refresh(ProjectRegistryManager.java:322)
	at org.eclipse.m2e.core.internal.builder.MavenBuilder$BuildMethod.getProjectFacade(MavenBuilder.java:146)
	at org.eclipse.m2e.core.internal.builder.MavenBuilder$BuildMethod.lambda$0(MavenBuilder.java:84)
	at org.eclipse.m2e.core.internal.embedder.MavenExecutionContext.executeBare(MavenExecutionContext.java:458)
	at org.eclipse.m2e.core.internal.embedder.MavenExecutionContext.execute(MavenExecutionContext.java:339)
	at org.eclipse.m2e.core.internal.embedder.MavenExecutionContext.execute(MavenExecutionContext.java:278)
	at org.eclipse.m2e.core.internal.builder.MavenBuilder$BuildMethod.execute(MavenBuilder.java:83)
	at org.eclipse.m2e.core.internal.builder.MavenBuilder.build(MavenBuilder.java:192)
	at org.eclipse.core.internal.events.BuildManager$2.run(BuildManager.java:1077)
	at org.eclipse.core.runtime.SafeRunner.run(SafeRunner.java:47)
	at org.eclipse.core.internal.events.BuildManager.basicBuild(BuildManager.java:296)
	at org.eclipse.core.internal.events.BuildManager.basicBuild(BuildManager.java:352)
	at org.eclipse.core.internal.events.BuildManager$1.run(BuildManager.java:441)
	at org.eclipse.core.runtime.SafeRunner.run(SafeRunner.java:47)
	at org.eclipse.core.internal.events.BuildManager.basicBuild(BuildManager.java:444)
	at org.eclipse.core.internal.events.BuildManager.basicBuildLoop(BuildManager.java:555)
	at org.eclipse.core.internal.events.BuildManager.basicBuildLoop(BuildManager.java:503)
	at org.eclipse.core.internal.events.BuildManager.build(BuildManager.java:585)
	at org.eclipse.core.internal.events.AutoBuildJob.doBuild(AutoBuildJob.java:207)
	at org.eclipse.core.internal.events.AutoBuildJob.run(AutoBuildJob.java:300)
	at org.eclipse.core.internal.jobs.Worker.run(Worker.java:63)
Caused by: org.apache.maven.model.io.ModelParseException: only whitespace content allowed before start tag and not \ (position: START_DOCUMENT seen \... @1:2) 
	at org.apache.maven.model.io.DefaultModelReader.read(DefaultModelReader.java:96)
	at org.apache.maven.model.io.DefaultModelReader.read(DefaultModelReader.java:74)
	at org.eclipse.m2e.core.internal.IMavenToolbox.readModel(IMavenToolbox.java:243)
	... 24 common frames omitted
Caused by: org.codehaus.plexus.util.xml.pull.XmlPullParserException: only whitespace content allowed before start tag and not \ (position: START_DOCUMENT seen \... @1:2) 
	at org.codehaus.plexus.util.xml.pull.MXParser.parseProlog(MXParser.java:1933)
	at org.codehaus.plexus.util.xml.pull.MXParser.nextImpl(MXParser.java:1757)
	at org.codehaus.plexus.util.xml.pull.MXParser.next(MXParser.java:1375)
	at org.apache.maven.model.io.xpp3.MavenXpp3Reader.read(MavenXpp3Reader.java:627)
	at org.apache.maven.model.io.xpp3.MavenXpp3Reader.read(MavenXpp3Reader.java:654)
	at org.apache.maven.model.io.DefaultModelReader.read(DefaultModelReader.java:93)
	... 26 common frames omitted
2025-04-30 21:39:24,158 [Worker-19: Building] ERROR o.e.m.c.i.p.r.ProjectRegistryManager - Could not read pom.xml
org.eclipse.core.runtime.CoreException: Could not read pom.xml
	at org.eclipse.m2e.core.internal.IMavenToolbox.readModel(IMavenToolbox.java:245)
	at org.eclipse.m2e.core.internal.project.registry.ProjectRegistryManager.refreshPhase2(ProjectRegistryManager.java:591)
	at org.eclipse.m2e.core.internal.project.registry.ProjectRegistryManager.refresh(ProjectRegistryManager.java:491)
	at org.eclipse.m2e.core.internal.project.registry.ProjectRegistryManager.refresh(ProjectRegistryManager.java:370)
	at org.eclipse.m2e.core.internal.project.registry.ProjectRegistryManager.refresh(ProjectRegistryManager.java:322)
	at org.eclipse.m2e.core.internal.builder.MavenBuilder$BuildMethod.getProjectFacade(MavenBuilder.java:146)
	at org.eclipse.m2e.core.internal.builder.MavenBuilder$BuildMethod.lambda$0(MavenBuilder.java:84)
	at org.eclipse.m2e.core.internal.embedder.MavenExecutionContext.executeBare(MavenExecutionContext.java:458)
	at org.eclipse.m2e.core.internal.embedder.MavenExecutionContext.execute(MavenExecutionContext.java:339)
	at org.eclipse.m2e.core.internal.embedder.MavenExecutionContext.execute(MavenExecutionContext.java:278)
	at org.eclipse.m2e.core.internal.builder.MavenBuilder$BuildMethod.execute(MavenBuilder.java:83)
	at org.eclipse.m2e.core.internal.builder.MavenBuilder.build(MavenBuilder.java:192)
	at org.eclipse.core.internal.events.BuildManager$2.run(BuildManager.java:1077)
	at org.eclipse.core.runtime.SafeRunner.run(SafeRunner.java:47)
	at org.eclipse.core.internal.events.BuildManager.basicBuild(BuildManager.java:296)
	at org.eclipse.core.internal.events.BuildManager.basicBuild(BuildManager.java:352)
	at org.eclipse.core.internal.events.BuildManager$1.run(BuildManager.java:441)
	at org.eclipse.core.runtime.SafeRunner.run(SafeRunner.java:47)
	at org.eclipse.core.internal.events.BuildManager.basicBuild(BuildManager.java:444)
	at org.eclipse.core.internal.events.BuildManager.basicBuildLoop(BuildManager.java:555)
	at org.eclipse.core.internal.events.BuildManager.basicBuildLoop(BuildManager.java:503)
	at org.eclipse.core.internal.events.BuildManager.build(BuildManager.java:585)
	at org.eclipse.core.internal.events.AutoBuildJob.doBuild(AutoBuildJob.java:207)
	at org.eclipse.core.internal.events.AutoBuildJob.run(AutoBuildJob.java:300)
	at org.eclipse.core.internal.jobs.Worker.run(Worker.java:63)
Caused by: org.apache.maven.model.io.ModelParseException: only whitespace content allowed before start tag and not \ (position: START_DOCUMENT seen \... @1:2) 
	at org.apache.maven.model.io.DefaultModelReader.read(DefaultModelReader.java:96)
	at org.apache.maven.model.io.DefaultModelReader.read(DefaultModelReader.java:74)
	at org.eclipse.m2e.core.internal.IMavenToolbox.readModel(IMavenToolbox.java:243)
	... 24 common frames omitted
Caused by: org.codehaus.plexus.util.xml.pull.XmlPullParserException: only whitespace content allowed before start tag and not \ (position: START_DOCUMENT seen \... @1:2) 
	at org.codehaus.plexus.util.xml.pull.MXParser.parseProlog(MXParser.java:1933)
	at org.codehaus.plexus.util.xml.pull.MXParser.nextImpl(MXParser.java:1757)
	at org.codehaus.plexus.util.xml.pull.MXParser.next(MXParser.java:1375)
	at org.apache.maven.model.io.xpp3.MavenXpp3Reader.read(MavenXpp3Reader.java:627)
	at org.apache.maven.model.io.xpp3.MavenXpp3Reader.read(MavenXpp3Reader.java:654)
	at org.apache.maven.model.io.DefaultModelReader.read(DefaultModelReader.java:93)
	... 26 common frames omitted
2025-04-30 21:39:32,226 [Worker-17: Launching Executing clean in E__sts_demo] INFO  o.eclipse.m2e.core.internal.Bundles - getClasspathEntries(Bundle=org.eclipse.m2e.maven.runtime_3.9.900.20250220-2013 [361])
2025-04-30 21:39:32,226 [Worker-17: Launching Executing clean in E__sts_demo] INFO  o.eclipse.m2e.core.internal.Bundles - 	Entry: E:\sts-4.29.0.RELEASE\plugins\org.eclipse.m2e.maven.runtime_3.9.900.20250220-2013
2025-04-30 21:39:32,227 [Worker-17: Launching Executing clean in E__sts_demo] INFO  o.eclipse.m2e.core.internal.Bundles - 	Entry: E:\sts-4.29.0.RELEASE\plugins\org.eclipse.m2e.maven.runtime_3.9.900.20250220-2013\jars\aopalliance-1.0.jar
2025-04-30 21:39:32,227 [Worker-17: Launching Executing clean in E__sts_demo] INFO  o.eclipse.m2e.core.internal.Bundles - 	Entry: E:\sts-4.29.0.RELEASE\plugins\org.eclipse.m2e.maven.runtime_3.9.900.20250220-2013\jars\guice-5.1.0.jar
2025-04-30 21:39:32,227 [Worker-17: Launching Executing clean in E__sts_demo] INFO  o.eclipse.m2e.core.internal.Bundles - 	Entry: E:\sts-4.29.0.RELEASE\plugins\org.eclipse.m2e.maven.runtime_3.9.900.20250220-2013\jars\httpclient-4.5.14.jar
2025-04-30 21:39:32,227 [Worker-17: Launching Executing clean in E__sts_demo] INFO  o.eclipse.m2e.core.internal.Bundles - 	Entry: E:\sts-4.29.0.RELEASE\plugins\org.eclipse.m2e.maven.runtime_3.9.900.20250220-2013\jars\httpcore-4.4.16.jar
2025-04-30 21:39:32,227 [Worker-17: Launching Executing clean in E__sts_demo] INFO  o.eclipse.m2e.core.internal.Bundles - 	Entry: E:\sts-4.29.0.RELEASE\plugins\org.eclipse.m2e.maven.runtime_3.9.900.20250220-2013\jars\jansi-2.4.1.jar
2025-04-30 21:39:32,227 [Worker-17: Launching Executing clean in E__sts_demo] INFO  o.eclipse.m2e.core.internal.Bundles - 	Entry: E:\sts-4.29.0.RELEASE\plugins\org.eclipse.m2e.maven.runtime_3.9.900.20250220-2013\jars\jcl-over-slf4j-1.7.36.jar
2025-04-30 21:39:32,227 [Worker-17: Launching Executing clean in E__sts_demo] INFO  o.eclipse.m2e.core.internal.Bundles - 	Entry: E:\sts-4.29.0.RELEASE\plugins\org.eclipse.m2e.maven.runtime_3.9.900.20250220-2013\jars\maven-artifact-3.9.9.jar
2025-04-30 21:39:32,227 [Worker-17: Launching Executing clean in E__sts_demo] INFO  o.eclipse.m2e.core.internal.Bundles - 	Entry: E:\sts-4.29.0.RELEASE\plugins\org.eclipse.m2e.maven.runtime_3.9.900.20250220-2013\jars\maven-builder-support-3.9.9.jar
2025-04-30 21:39:32,227 [Worker-17: Launching Executing clean in E__sts_demo] INFO  o.eclipse.m2e.core.internal.Bundles - 	Entry: E:\sts-4.29.0.RELEASE\plugins\org.eclipse.m2e.maven.runtime_3.9.900.20250220-2013\jars\maven-compat-3.9.9.jar
2025-04-30 21:39:32,227 [Worker-17: Launching Executing clean in E__sts_demo] INFO  o.eclipse.m2e.core.internal.Bundles - 	Entry: E:\sts-4.29.0.RELEASE\plugins\org.eclipse.m2e.maven.runtime_3.9.900.20250220-2013\jars\maven-core-3.9.9.jar
2025-04-30 21:39:32,227 [Worker-17: Launching Executing clean in E__sts_demo] INFO  o.eclipse.m2e.core.internal.Bundles - 	Entry: E:\sts-4.29.0.RELEASE\plugins\org.eclipse.m2e.maven.runtime_3.9.900.20250220-2013\jars\maven-embedder-3.9.9.jar
2025-04-30 21:39:32,227 [Worker-17: Launching Executing clean in E__sts_demo] INFO  o.eclipse.m2e.core.internal.Bundles - 	Entry: E:\sts-4.29.0.RELEASE\plugins\org.eclipse.m2e.maven.runtime_3.9.900.20250220-2013\jars\maven-model-3.9.9.jar
2025-04-30 21:39:32,227 [Worker-17: Launching Executing clean in E__sts_demo] INFO  o.eclipse.m2e.core.internal.Bundles - 	Entry: E:\sts-4.29.0.RELEASE\plugins\org.eclipse.m2e.maven.runtime_3.9.900.20250220-2013\jars\maven-model-builder-3.9.9.jar
2025-04-30 21:39:32,227 [Worker-17: Launching Executing clean in E__sts_demo] INFO  o.eclipse.m2e.core.internal.Bundles - 	Entry: E:\sts-4.29.0.RELEASE\plugins\org.eclipse.m2e.maven.runtime_3.9.900.20250220-2013\jars\maven-plugin-api-3.9.9.jar
2025-04-30 21:39:32,227 [Worker-17: Launching Executing clean in E__sts_demo] INFO  o.eclipse.m2e.core.internal.Bundles - 	Entry: E:\sts-4.29.0.RELEASE\plugins\org.eclipse.m2e.maven.runtime_3.9.900.20250220-2013\jars\maven-repository-metadata-3.9.9.jar
2025-04-30 21:39:32,227 [Worker-17: Launching Executing clean in E__sts_demo] INFO  o.eclipse.m2e.core.internal.Bundles - 	Entry: E:\sts-4.29.0.RELEASE\plugins\org.eclipse.m2e.maven.runtime_3.9.900.20250220-2013\jars\maven-resolver-api-1.9.22.jar
2025-04-30 21:39:32,227 [Worker-17: Launching Executing clean in E__sts_demo] INFO  o.eclipse.m2e.core.internal.Bundles - 	Entry: E:\sts-4.29.0.RELEASE\plugins\org.eclipse.m2e.maven.runtime_3.9.900.20250220-2013\jars\maven-resolver-connector-basic-1.9.22.jar
2025-04-30 21:39:32,227 [Worker-17: Launching Executing clean in E__sts_demo] INFO  o.eclipse.m2e.core.internal.Bundles - 	Entry: E:\sts-4.29.0.RELEASE\plugins\org.eclipse.m2e.maven.runtime_3.9.900.20250220-2013\jars\maven-resolver-impl-1.9.22.jar
2025-04-30 21:39:32,227 [Worker-17: Launching Executing clean in E__sts_demo] INFO  o.eclipse.m2e.core.internal.Bundles - 	Entry: E:\sts-4.29.0.RELEASE\plugins\org.eclipse.m2e.maven.runtime_3.9.900.20250220-2013\jars\maven-resolver-named-locks-1.9.22.jar
2025-04-30 21:39:32,227 [Worker-17: Launching Executing clean in E__sts_demo] INFO  o.eclipse.m2e.core.internal.Bundles - 	Entry: E:\sts-4.29.0.RELEASE\plugins\org.eclipse.m2e.maven.runtime_3.9.900.20250220-2013\jars\maven-resolver-provider-3.9.9.jar
2025-04-30 21:39:32,227 [Worker-17: Launching Executing clean in E__sts_demo] INFO  o.eclipse.m2e.core.internal.Bundles - 	Entry: E:\sts-4.29.0.RELEASE\plugins\org.eclipse.m2e.maven.runtime_3.9.900.20250220-2013\jars\maven-resolver-spi-1.9.22.jar
2025-04-30 21:39:32,227 [Worker-17: Launching Executing clean in E__sts_demo] INFO  o.eclipse.m2e.core.internal.Bundles - 	Entry: E:\sts-4.29.0.RELEASE\plugins\org.eclipse.m2e.maven.runtime_3.9.900.20250220-2013\jars\maven-resolver-transport-file-1.9.22.jar
2025-04-30 21:39:32,227 [Worker-17: Launching Executing clean in E__sts_demo] INFO  o.eclipse.m2e.core.internal.Bundles - 	Entry: E:\sts-4.29.0.RELEASE\plugins\org.eclipse.m2e.maven.runtime_3.9.900.20250220-2013\jars\maven-resolver-transport-http-1.9.22.jar
2025-04-30 21:39:32,227 [Worker-17: Launching Executing clean in E__sts_demo] INFO  o.eclipse.m2e.core.internal.Bundles - 	Entry: E:\sts-4.29.0.RELEASE\plugins\org.eclipse.m2e.maven.runtime_3.9.900.20250220-2013\jars\maven-resolver-transport-wagon-1.9.22.jar
2025-04-30 21:39:32,227 [Worker-17: Launching Executing clean in E__sts_demo] INFO  o.eclipse.m2e.core.internal.Bundles - 	Entry: E:\sts-4.29.0.RELEASE\plugins\org.eclipse.m2e.maven.runtime_3.9.900.20250220-2013\jars\maven-resolver-util-1.9.22.jar
2025-04-30 21:39:32,227 [Worker-17: Launching Executing clean in E__sts_demo] INFO  o.eclipse.m2e.core.internal.Bundles - 	Entry: E:\sts-4.29.0.RELEASE\plugins\org.eclipse.m2e.maven.runtime_3.9.900.20250220-2013\jars\maven-settings-3.9.9.jar
2025-04-30 21:39:32,227 [Worker-17: Launching Executing clean in E__sts_demo] INFO  o.eclipse.m2e.core.internal.Bundles - 	Entry: E:\sts-4.29.0.RELEASE\plugins\org.eclipse.m2e.maven.runtime_3.9.900.20250220-2013\jars\maven-settings-builder-3.9.9.jar
2025-04-30 21:39:32,227 [Worker-17: Launching Executing clean in E__sts_demo] INFO  o.eclipse.m2e.core.internal.Bundles - 	Entry: E:\sts-4.29.0.RELEASE\plugins\org.eclipse.m2e.maven.runtime_3.9.900.20250220-2013\jars\maven-shared-utils-3.4.2.jar
2025-04-30 21:39:32,227 [Worker-17: Launching Executing clean in E__sts_demo] INFO  o.eclipse.m2e.core.internal.Bundles - 	Entry: E:\sts-4.29.0.RELEASE\plugins\org.eclipse.m2e.maven.runtime_3.9.900.20250220-2013\jars\org.eclipse.sisu.inject-0.9.0.M3.jar
2025-04-30 21:39:32,228 [Worker-17: Launching Executing clean in E__sts_demo] INFO  o.eclipse.m2e.core.internal.Bundles - 	Entry: E:\sts-4.29.0.RELEASE\plugins\org.eclipse.m2e.maven.runtime_3.9.900.20250220-2013\jars\org.eclipse.sisu.plexus-0.9.0.M3.jar
2025-04-30 21:39:32,228 [Worker-17: Launching Executing clean in E__sts_demo] INFO  o.eclipse.m2e.core.internal.Bundles - 	Entry: E:\sts-4.29.0.RELEASE\plugins\org.eclipse.m2e.maven.runtime_3.9.900.20250220-2013\jars\plexus-build-api-0.0.7.jar
2025-04-30 21:39:32,228 [Worker-17: Launching Executing clean in E__sts_demo] INFO  o.eclipse.m2e.core.internal.Bundles - 	Entry: E:\sts-4.29.0.RELEASE\plugins\org.eclipse.m2e.maven.runtime_3.9.900.20250220-2013\jars\plexus-build-api-1.2.0.jar
2025-04-30 21:39:32,228 [Worker-17: Launching Executing clean in E__sts_demo] INFO  o.eclipse.m2e.core.internal.Bundles - 	Entry: E:\sts-4.29.0.RELEASE\plugins\org.eclipse.m2e.maven.runtime_3.9.900.20250220-2013\jars\plexus-cipher-2.0.jar
2025-04-30 21:39:32,228 [Worker-17: Launching Executing clean in E__sts_demo] INFO  o.eclipse.m2e.core.internal.Bundles - 	Entry: E:\sts-4.29.0.RELEASE\plugins\org.eclipse.m2e.maven.runtime_3.9.900.20250220-2013\jars\plexus-classworlds-2.8.0.jar
2025-04-30 21:39:32,228 [Worker-17: Launching Executing clean in E__sts_demo] INFO  o.eclipse.m2e.core.internal.Bundles - 	Entry: E:\sts-4.29.0.RELEASE\plugins\org.eclipse.m2e.maven.runtime_3.9.900.20250220-2013\jars\plexus-component-annotations-2.1.0.jar
2025-04-30 21:39:32,228 [Worker-17: Launching Executing clean in E__sts_demo] INFO  o.eclipse.m2e.core.internal.Bundles - 	Entry: E:\sts-4.29.0.RELEASE\plugins\org.eclipse.m2e.maven.runtime_3.9.900.20250220-2013\jars\plexus-interpolation-1.27.jar
2025-04-30 21:39:32,228 [Worker-17: Launching Executing clean in E__sts_demo] INFO  o.eclipse.m2e.core.internal.Bundles - 	Entry: E:\sts-4.29.0.RELEASE\plugins\org.eclipse.m2e.maven.runtime_3.9.900.20250220-2013\jars\plexus-sec-dispatcher-2.0.jar
2025-04-30 21:39:32,228 [Worker-17: Launching Executing clean in E__sts_demo] INFO  o.eclipse.m2e.core.internal.Bundles - 	Entry: E:\sts-4.29.0.RELEASE\plugins\org.eclipse.m2e.maven.runtime_3.9.900.20250220-2013\jars\plexus-utils-3.5.1.jar
2025-04-30 21:39:32,228 [Worker-17: Launching Executing clean in E__sts_demo] INFO  o.eclipse.m2e.core.internal.Bundles - 	Entry: E:\sts-4.29.0.RELEASE\plugins\org.eclipse.m2e.maven.runtime_3.9.900.20250220-2013\jars\plexus-xml-3.0.1.jar
2025-04-30 21:39:32,228 [Worker-17: Launching Executing clean in E__sts_demo] INFO  o.eclipse.m2e.core.internal.Bundles - 	Entry: E:\sts-4.29.0.RELEASE\plugins\org.eclipse.m2e.maven.runtime_3.9.900.20250220-2013\jars\wagon-file-3.5.3.jar
2025-04-30 21:39:32,228 [Worker-17: Launching Executing clean in E__sts_demo] INFO  o.eclipse.m2e.core.internal.Bundles - 	Entry: E:\sts-4.29.0.RELEASE\plugins\org.eclipse.m2e.maven.runtime_3.9.900.20250220-2013\jars\wagon-http-3.5.3.jar
2025-04-30 21:39:32,228 [Worker-17: Launching Executing clean in E__sts_demo] INFO  o.eclipse.m2e.core.internal.Bundles - 	Entry: E:\sts-4.29.0.RELEASE\plugins\org.eclipse.m2e.maven.runtime_3.9.900.20250220-2013\jars\wagon-http-shared-3.5.3.jar
2025-04-30 21:39:32,228 [Worker-17: Launching Executing clean in E__sts_demo] INFO  o.eclipse.m2e.core.internal.Bundles - 	Entry: E:\sts-4.29.0.RELEASE\plugins\org.eclipse.m2e.maven.runtime_3.9.900.20250220-2013\jars\wagon-provider-api-3.5.3.jar
2025-04-30 21:39:32,229 [Worker-17: Launching Executing clean in E__sts_demo] INFO  o.eclipse.m2e.core.internal.Bundles - getClasspathEntries(Bundle=com.google.guava_33.4.0.jre [29])
2025-04-30 21:39:32,229 [Worker-17: Launching Executing clean in E__sts_demo] INFO  o.eclipse.m2e.core.internal.Bundles - 	Entry: E:\sts-4.29.0.RELEASE\plugins\com.google.guava_33.4.0.jre.jar
2025-04-30 21:39:32,229 [Worker-17: Launching Executing clean in E__sts_demo] INFO  o.eclipse.m2e.core.internal.Bundles - getClasspathEntries(Bundle=slf4j.api_2.0.17 [608])
2025-04-30 21:39:32,229 [Worker-17: Launching Executing clean in E__sts_demo] INFO  o.eclipse.m2e.core.internal.Bundles - 	Entry: E:\sts-4.29.0.RELEASE\plugins\slf4j.api_2.0.17.jar
2025-04-30 21:39:32,229 [Worker-17: Launching Executing clean in E__sts_demo] INFO  o.eclipse.m2e.core.internal.Bundles - getClasspathEntries(Bundle=jakarta.inject.jakarta.inject-api_1.0.5 [45])
2025-04-30 21:39:32,229 [Worker-17: Launching Executing clean in E__sts_demo] INFO  o.eclipse.m2e.core.internal.Bundles - 	Entry: E:\sts-4.29.0.RELEASE\plugins\jakarta.inject.jakarta.inject-api_1.0.5.jar
2025-04-30 21:39:32,229 [Worker-17: Launching Executing clean in E__sts_demo] INFO  o.eclipse.m2e.core.internal.Bundles - getClasspathEntries(Bundle=jakarta.annotation-api_1.3.5 [41])
2025-04-30 21:39:32,229 [Worker-17: Launching Executing clean in E__sts_demo] INFO  o.eclipse.m2e.core.internal.Bundles - 	Entry: E:\sts-4.29.0.RELEASE\plugins\jakarta.annotation-api_1.3.5.jar
2025-04-30 21:39:32,229 [Worker-17: Launching Executing clean in E__sts_demo] INFO  o.eclipse.m2e.core.internal.Bundles - getClasspathEntries(Bundle=org.apache.commons.cli_1.9.0 [77])
2025-04-30 21:39:32,229 [Worker-17: Launching Executing clean in E__sts_demo] INFO  o.eclipse.m2e.core.internal.Bundles - 	Entry: E:\sts-4.29.0.RELEASE\plugins\org.apache.commons.cli_1.9.0.jar
2025-04-30 21:39:32,229 [Worker-17: Launching Executing clean in E__sts_demo] INFO  o.eclipse.m2e.core.internal.Bundles - getClasspathEntries(Bundle=org.apache.commons.commons-codec_1.16.0 [79])
2025-04-30 21:39:32,229 [Worker-17: Launching Executing clean in E__sts_demo] INFO  o.eclipse.m2e.core.internal.Bundles - 	Entry: E:\sts-4.29.0.RELEASE\plugins\org.apache.commons.commons-codec_1.16.0.jar
2025-04-30 21:39:32,229 [Worker-17: Launching Executing clean in E__sts_demo] INFO  o.eclipse.m2e.core.internal.Bundles - getClasspathEntries(Bundle=com.google.guava.failureaccess_1.0.2 [30])
2025-04-30 21:39:32,230 [Worker-17: Launching Executing clean in E__sts_demo] INFO  o.eclipse.m2e.core.internal.Bundles - 	Entry: E:\sts-4.29.0.RELEASE\plugins\com.google.guava.failureaccess_1.0.2.jar
2025-04-30 21:39:32,230 [Worker-17: Launching Executing clean in E__sts_demo] INFO  o.e.m.i.launch.MavenLaunchDelegate - Run build in "E:\sts\demo":
2025-04-30 21:39:32,230 [Worker-17: Launching Executing clean in E__sts_demo] INFO  o.e.m.i.launch.MavenLaunchDelegate -  mvn  -B -Dstyle.color=always clean
2025-04-30 21:39:32,235 [Worker-17: Launching Executing clean in E__sts_demo] ERROR o.e.m.c.i.p.r.ProjectRegistryManager - Failed to read Maven project: Some problems were encountered while processing the POMs:
[FATAL] Non-parseable POM E:\sts\demo\pom.xml: only whitespace content allowed before start tag and not \ (position: START_DOCUMENT seen \... @1:2)  @ line 1, column 2

org.apache.maven.project.ProjectBuildingException: Some problems were encountered while processing the POMs:
[FATAL] Non-parseable POM E:\sts\demo\pom.xml: only whitespace content allowed before start tag and not \ (position: START_DOCUMENT seen \... @1:2)  @ line 1, column 2

	at org.eclipse.m2e.core.internal.IMavenToolbox.readMavenProjects(IMavenToolbox.java:140)
	at org.eclipse.m2e.core.internal.project.registry.ProjectRegistryManager.lambda$22(ProjectRegistryManager.java:943)
	at org.eclipse.m2e.core.internal.embedder.MavenExecutionContext.executeBare(MavenExecutionContext.java:458)
	at org.eclipse.m2e.core.internal.embedder.MavenExecutionContext.execute(MavenExecutionContext.java:339)
	at org.eclipse.m2e.core.internal.embedder.MavenExecutionContext.execute(MavenExecutionContext.java:278)
	at org.eclipse.m2e.core.internal.project.registry.ProjectRegistryManager.readProjectsWithDependencies(ProjectRegistryManager.java:939)
	at org.eclipse.m2e.core.internal.project.registry.ProjectRegistryManager.create(ProjectRegistryManager.java:219)
	at org.eclipse.m2e.core.internal.project.registry.MavenProjectManager.create(MavenProjectManager.java:105)
	at org.eclipse.m2e.internal.launch.MavenLaunchDelegate.readEnforcedJavaVersion(MavenLaunchDelegate.java:251)
	at org.eclipse.m2e.internal.launch.MavenLaunchDelegate.getVMInstall(MavenLaunchDelegate.java:224)
	at org.eclipse.jdt.launching.AbstractJavaLaunchConfigurationDelegate.getBootpathExt(AbstractJavaLaunchConfigurationDelegate.java:363)
	at org.eclipse.jdt.launching.AbstractJavaLaunchConfigurationDelegate.getVMSpecificAttributesMap(AbstractJavaLaunchConfigurationDelegate.java:679)
	at org.eclipse.jdt.launching.JavaLaunchDelegate.getVMRunnerConfiguration(JavaLaunchDelegate.java:92)
	at org.eclipse.jdt.launching.JavaLaunchDelegate.launch(JavaLaunchDelegate.java:160)
	at org.eclipse.m2e.internal.launch.MavenLaunchDelegate.launch(MavenLaunchDelegate.java:133)
	at org.eclipse.debug.internal.core.LaunchConfiguration.launch(LaunchConfiguration.java:777)
	at org.eclipse.debug.internal.core.LaunchConfiguration.launch(LaunchConfiguration.java:688)
	at org.eclipse.debug.internal.ui.DebugUIPlugin.buildAndLaunch(DebugUIPlugin.java:1052)
	at org.eclipse.debug.internal.ui.DebugUIPlugin$1.run(DebugUIPlugin.java:1255)
	at org.eclipse.core.internal.jobs.Worker.run(Worker.java:63)
2025-04-30 21:39:32,240 [Worker-17: Launching Executing clean in E__sts_demo] ERROR o.e.m.c.i.p.r.ProjectRegistryManager - Failed to read Maven project: Some problems were encountered while processing the POMs:
[FATAL] Non-parseable POM E:\sts\demo\pom.xml: only whitespace content allowed before start tag and not \ (position: START_DOCUMENT seen \... @1:2)  @ line 1, column 2

org.apache.maven.project.ProjectBuildingException: Some problems were encountered while processing the POMs:
[FATAL] Non-parseable POM E:\sts\demo\pom.xml: only whitespace content allowed before start tag and not \ (position: START_DOCUMENT seen \... @1:2)  @ line 1, column 2

	at org.eclipse.m2e.core.internal.IMavenToolbox.readMavenProjects(IMavenToolbox.java:140)
	at org.eclipse.m2e.core.internal.project.registry.ProjectRegistryManager.lambda$22(ProjectRegistryManager.java:943)
	at org.eclipse.m2e.core.internal.embedder.MavenExecutionContext.executeBare(MavenExecutionContext.java:458)
	at org.eclipse.m2e.core.internal.embedder.MavenExecutionContext.execute(MavenExecutionContext.java:339)
	at org.eclipse.m2e.core.internal.embedder.MavenExecutionContext.execute(MavenExecutionContext.java:278)
	at org.eclipse.m2e.core.internal.project.registry.ProjectRegistryManager.readProjectsWithDependencies(ProjectRegistryManager.java:939)
	at org.eclipse.m2e.core.internal.project.registry.ProjectRegistryManager.create(ProjectRegistryManager.java:219)
	at org.eclipse.m2e.core.internal.project.registry.MavenProjectManager.create(MavenProjectManager.java:105)
	at org.eclipse.m2e.internal.launch.MavenLaunchDelegate.readEnforcedJavaVersion(MavenLaunchDelegate.java:251)
	at org.eclipse.m2e.internal.launch.MavenLaunchDelegate.getVMInstall(MavenLaunchDelegate.java:224)
	at org.eclipse.jdt.launching.AbstractJavaLaunchConfigurationDelegate.verifyVMInstall(AbstractJavaLaunchConfigurationDelegate.java:203)
	at org.eclipse.jdt.launching.AbstractJavaLaunchConfigurationDelegate.getVMRunner(AbstractJavaLaunchConfigurationDelegate.java:1052)
	at org.eclipse.m2e.internal.launch.MavenLaunchDelegate.getVMRunner(MavenLaunchDelegate.java:154)
	at org.eclipse.jdt.launching.JavaLaunchDelegate.launch(JavaLaunchDelegate.java:175)
	at org.eclipse.m2e.internal.launch.MavenLaunchDelegate.launch(MavenLaunchDelegate.java:133)
	at org.eclipse.debug.internal.core.LaunchConfiguration.launch(LaunchConfiguration.java:777)
	at org.eclipse.debug.internal.core.LaunchConfiguration.launch(LaunchConfiguration.java:688)
	at org.eclipse.debug.internal.ui.DebugUIPlugin.buildAndLaunch(DebugUIPlugin.java:1052)
	at org.eclipse.debug.internal.ui.DebugUIPlugin$1.run(DebugUIPlugin.java:1255)
	at org.eclipse.core.internal.jobs.Worker.run(Worker.java:63)
2025-04-30 21:39:51,036 [Worker-17: Building] INFO  o.e.m.c.i.l.LifecycleMappingFactory - Using org.eclipse.m2e.jdt.JarLifecycleMapping lifecycle mapping for MavenProject: com.example:dem:0.0.1-SNAPSHOT @ E:\sts\demo\pom.xml.
2025-04-30 21:39:51,424 [Worker-17: Building] INFO  o.a.m.s.f.DefaultMavenResourcesFiltering - Copying 1 resource from src\main\resources to target\classes
2025-04-30 21:39:51,442 [Worker-17: Building] INFO  o.a.m.s.f.DefaultMavenResourcesFiltering - Copying 7 resources from src\main\resources to target\classes
2025-04-30 21:39:51,460 [Worker-17: Building] INFO  o.a.m.s.f.DefaultMavenResourcesFiltering - skip non existing resourceDirectory E:\sts\demo\src\test\resources
2025-04-30 21:39:52,768 [Worker-18: Building] INFO  o.a.m.s.f.DefaultMavenResourcesFiltering - Copying 1 resource from src\main\resources to target\classes
2025-04-30 21:39:52,770 [Worker-18: Building] INFO  o.a.m.s.f.DefaultMavenResourcesFiltering - Copying 7 resources from src\main\resources to target\classes
2025-04-30 21:39:52,787 [Worker-18: Building] INFO  o.a.m.s.f.DefaultMavenResourcesFiltering - skip non existing resourceDirectory E:\sts\demo\src\test\resources
2025-04-30 21:40:02,564 [Worker-17: Launching Executing clean in E__sts_demo] INFO  o.eclipse.m2e.core.internal.Bundles - getClasspathEntries(Bundle=org.eclipse.m2e.maven.runtime_3.9.900.20250220-2013 [361])
2025-04-30 21:40:02,565 [Worker-17: Launching Executing clean in E__sts_demo] INFO  o.eclipse.m2e.core.internal.Bundles - 	Entry: E:\sts-4.29.0.RELEASE\plugins\org.eclipse.m2e.maven.runtime_3.9.900.20250220-2013
2025-04-30 21:40:02,565 [Worker-17: Launching Executing clean in E__sts_demo] INFO  o.eclipse.m2e.core.internal.Bundles - 	Entry: E:\sts-4.29.0.RELEASE\plugins\org.eclipse.m2e.maven.runtime_3.9.900.20250220-2013\jars\aopalliance-1.0.jar
2025-04-30 21:40:02,565 [Worker-17: Launching Executing clean in E__sts_demo] INFO  o.eclipse.m2e.core.internal.Bundles - 	Entry: E:\sts-4.29.0.RELEASE\plugins\org.eclipse.m2e.maven.runtime_3.9.900.20250220-2013\jars\guice-5.1.0.jar
2025-04-30 21:40:02,565 [Worker-17: Launching Executing clean in E__sts_demo] INFO  o.eclipse.m2e.core.internal.Bundles - 	Entry: E:\sts-4.29.0.RELEASE\plugins\org.eclipse.m2e.maven.runtime_3.9.900.20250220-2013\jars\httpclient-4.5.14.jar
2025-04-30 21:40:02,565 [Worker-17: Launching Executing clean in E__sts_demo] INFO  o.eclipse.m2e.core.internal.Bundles - 	Entry: E:\sts-4.29.0.RELEASE\plugins\org.eclipse.m2e.maven.runtime_3.9.900.20250220-2013\jars\httpcore-4.4.16.jar
2025-04-30 21:40:02,565 [Worker-17: Launching Executing clean in E__sts_demo] INFO  o.eclipse.m2e.core.internal.Bundles - 	Entry: E:\sts-4.29.0.RELEASE\plugins\org.eclipse.m2e.maven.runtime_3.9.900.20250220-2013\jars\jansi-2.4.1.jar
2025-04-30 21:40:02,565 [Worker-17: Launching Executing clean in E__sts_demo] INFO  o.eclipse.m2e.core.internal.Bundles - 	Entry: E:\sts-4.29.0.RELEASE\plugins\org.eclipse.m2e.maven.runtime_3.9.900.20250220-2013\jars\jcl-over-slf4j-1.7.36.jar
2025-04-30 21:40:02,566 [Worker-17: Launching Executing clean in E__sts_demo] INFO  o.eclipse.m2e.core.internal.Bundles - 	Entry: E:\sts-4.29.0.RELEASE\plugins\org.eclipse.m2e.maven.runtime_3.9.900.20250220-2013\jars\maven-artifact-3.9.9.jar
2025-04-30 21:40:02,566 [Worker-17: Launching Executing clean in E__sts_demo] INFO  o.eclipse.m2e.core.internal.Bundles - 	Entry: E:\sts-4.29.0.RELEASE\plugins\org.eclipse.m2e.maven.runtime_3.9.900.20250220-2013\jars\maven-builder-support-3.9.9.jar
2025-04-30 21:40:02,566 [Worker-17: Launching Executing clean in E__sts_demo] INFO  o.eclipse.m2e.core.internal.Bundles - 	Entry: E:\sts-4.29.0.RELEASE\plugins\org.eclipse.m2e.maven.runtime_3.9.900.20250220-2013\jars\maven-compat-3.9.9.jar
2025-04-30 21:40:02,566 [Worker-17: Launching Executing clean in E__sts_demo] INFO  o.eclipse.m2e.core.internal.Bundles - 	Entry: E:\sts-4.29.0.RELEASE\plugins\org.eclipse.m2e.maven.runtime_3.9.900.20250220-2013\jars\maven-core-3.9.9.jar
2025-04-30 21:40:02,566 [Worker-17: Launching Executing clean in E__sts_demo] INFO  o.eclipse.m2e.core.internal.Bundles - 	Entry: E:\sts-4.29.0.RELEASE\plugins\org.eclipse.m2e.maven.runtime_3.9.900.20250220-2013\jars\maven-embedder-3.9.9.jar
2025-04-30 21:40:02,566 [Worker-17: Launching Executing clean in E__sts_demo] INFO  o.eclipse.m2e.core.internal.Bundles - 	Entry: E:\sts-4.29.0.RELEASE\plugins\org.eclipse.m2e.maven.runtime_3.9.900.20250220-2013\jars\maven-model-3.9.9.jar
2025-04-30 21:40:02,566 [Worker-17: Launching Executing clean in E__sts_demo] INFO  o.eclipse.m2e.core.internal.Bundles - 	Entry: E:\sts-4.29.0.RELEASE\plugins\org.eclipse.m2e.maven.runtime_3.9.900.20250220-2013\jars\maven-model-builder-3.9.9.jar
2025-04-30 21:40:02,566 [Worker-17: Launching Executing clean in E__sts_demo] INFO  o.eclipse.m2e.core.internal.Bundles - 	Entry: E:\sts-4.29.0.RELEASE\plugins\org.eclipse.m2e.maven.runtime_3.9.900.20250220-2013\jars\maven-plugin-api-3.9.9.jar
2025-04-30 21:40:02,566 [Worker-17: Launching Executing clean in E__sts_demo] INFO  o.eclipse.m2e.core.internal.Bundles - 	Entry: E:\sts-4.29.0.RELEASE\plugins\org.eclipse.m2e.maven.runtime_3.9.900.20250220-2013\jars\maven-repository-metadata-3.9.9.jar
2025-04-30 21:40:02,566 [Worker-17: Launching Executing clean in E__sts_demo] INFO  o.eclipse.m2e.core.internal.Bundles - 	Entry: E:\sts-4.29.0.RELEASE\plugins\org.eclipse.m2e.maven.runtime_3.9.900.20250220-2013\jars\maven-resolver-api-1.9.22.jar
2025-04-30 21:40:02,566 [Worker-17: Launching Executing clean in E__sts_demo] INFO  o.eclipse.m2e.core.internal.Bundles - 	Entry: E:\sts-4.29.0.RELEASE\plugins\org.eclipse.m2e.maven.runtime_3.9.900.20250220-2013\jars\maven-resolver-connector-basic-1.9.22.jar
2025-04-30 21:40:02,566 [Worker-17: Launching Executing clean in E__sts_demo] INFO  o.eclipse.m2e.core.internal.Bundles - 	Entry: E:\sts-4.29.0.RELEASE\plugins\org.eclipse.m2e.maven.runtime_3.9.900.20250220-2013\jars\maven-resolver-impl-1.9.22.jar
2025-04-30 21:40:02,567 [Worker-17: Launching Executing clean in E__sts_demo] INFO  o.eclipse.m2e.core.internal.Bundles - 	Entry: E:\sts-4.29.0.RELEASE\plugins\org.eclipse.m2e.maven.runtime_3.9.900.20250220-2013\jars\maven-resolver-named-locks-1.9.22.jar
2025-04-30 21:40:02,567 [Worker-17: Launching Executing clean in E__sts_demo] INFO  o.eclipse.m2e.core.internal.Bundles - 	Entry: E:\sts-4.29.0.RELEASE\plugins\org.eclipse.m2e.maven.runtime_3.9.900.20250220-2013\jars\maven-resolver-provider-3.9.9.jar
2025-04-30 21:40:02,567 [Worker-17: Launching Executing clean in E__sts_demo] INFO  o.eclipse.m2e.core.internal.Bundles - 	Entry: E:\sts-4.29.0.RELEASE\plugins\org.eclipse.m2e.maven.runtime_3.9.900.20250220-2013\jars\maven-resolver-spi-1.9.22.jar
2025-04-30 21:40:02,567 [Worker-17: Launching Executing clean in E__sts_demo] INFO  o.eclipse.m2e.core.internal.Bundles - 	Entry: E:\sts-4.29.0.RELEASE\plugins\org.eclipse.m2e.maven.runtime_3.9.900.20250220-2013\jars\maven-resolver-transport-file-1.9.22.jar
2025-04-30 21:40:02,567 [Worker-17: Launching Executing clean in E__sts_demo] INFO  o.eclipse.m2e.core.internal.Bundles - 	Entry: E:\sts-4.29.0.RELEASE\plugins\org.eclipse.m2e.maven.runtime_3.9.900.20250220-2013\jars\maven-resolver-transport-http-1.9.22.jar
2025-04-30 21:40:02,567 [Worker-17: Launching Executing clean in E__sts_demo] INFO  o.eclipse.m2e.core.internal.Bundles - 	Entry: E:\sts-4.29.0.RELEASE\plugins\org.eclipse.m2e.maven.runtime_3.9.900.20250220-2013\jars\maven-resolver-transport-wagon-1.9.22.jar
2025-04-30 21:40:02,567 [Worker-17: Launching Executing clean in E__sts_demo] INFO  o.eclipse.m2e.core.internal.Bundles - 	Entry: E:\sts-4.29.0.RELEASE\plugins\org.eclipse.m2e.maven.runtime_3.9.900.20250220-2013\jars\maven-resolver-util-1.9.22.jar
2025-04-30 21:40:02,567 [Worker-17: Launching Executing clean in E__sts_demo] INFO  o.eclipse.m2e.core.internal.Bundles - 	Entry: E:\sts-4.29.0.RELEASE\plugins\org.eclipse.m2e.maven.runtime_3.9.900.20250220-2013\jars\maven-settings-3.9.9.jar
2025-04-30 21:40:02,567 [Worker-17: Launching Executing clean in E__sts_demo] INFO  o.eclipse.m2e.core.internal.Bundles - 	Entry: E:\sts-4.29.0.RELEASE\plugins\org.eclipse.m2e.maven.runtime_3.9.900.20250220-2013\jars\maven-settings-builder-3.9.9.jar
2025-04-30 21:40:02,567 [Worker-17: Launching Executing clean in E__sts_demo] INFO  o.eclipse.m2e.core.internal.Bundles - 	Entry: E:\sts-4.29.0.RELEASE\plugins\org.eclipse.m2e.maven.runtime_3.9.900.20250220-2013\jars\maven-shared-utils-3.4.2.jar
2025-04-30 21:40:02,567 [Worker-17: Launching Executing clean in E__sts_demo] INFO  o.eclipse.m2e.core.internal.Bundles - 	Entry: E:\sts-4.29.0.RELEASE\plugins\org.eclipse.m2e.maven.runtime_3.9.900.20250220-2013\jars\org.eclipse.sisu.inject-0.9.0.M3.jar
2025-04-30 21:40:02,567 [Worker-17: Launching Executing clean in E__sts_demo] INFO  o.eclipse.m2e.core.internal.Bundles - 	Entry: E:\sts-4.29.0.RELEASE\plugins\org.eclipse.m2e.maven.runtime_3.9.900.20250220-2013\jars\org.eclipse.sisu.plexus-0.9.0.M3.jar
2025-04-30 21:40:02,567 [Worker-17: Launching Executing clean in E__sts_demo] INFO  o.eclipse.m2e.core.internal.Bundles - 	Entry: E:\sts-4.29.0.RELEASE\plugins\org.eclipse.m2e.maven.runtime_3.9.900.20250220-2013\jars\plexus-build-api-0.0.7.jar
2025-04-30 21:40:02,567 [Worker-17: Launching Executing clean in E__sts_demo] INFO  o.eclipse.m2e.core.internal.Bundles - 	Entry: E:\sts-4.29.0.RELEASE\plugins\org.eclipse.m2e.maven.runtime_3.9.900.20250220-2013\jars\plexus-build-api-1.2.0.jar
2025-04-30 21:40:02,567 [Worker-17: Launching Executing clean in E__sts_demo] INFO  o.eclipse.m2e.core.internal.Bundles - 	Entry: E:\sts-4.29.0.RELEASE\plugins\org.eclipse.m2e.maven.runtime_3.9.900.20250220-2013\jars\plexus-cipher-2.0.jar
2025-04-30 21:40:02,567 [Worker-17: Launching Executing clean in E__sts_demo] INFO  o.eclipse.m2e.core.internal.Bundles - 	Entry: E:\sts-4.29.0.RELEASE\plugins\org.eclipse.m2e.maven.runtime_3.9.900.20250220-2013\jars\plexus-classworlds-2.8.0.jar
2025-04-30 21:40:02,568 [Worker-17: Launching Executing clean in E__sts_demo] INFO  o.eclipse.m2e.core.internal.Bundles - 	Entry: E:\sts-4.29.0.RELEASE\plugins\org.eclipse.m2e.maven.runtime_3.9.900.20250220-2013\jars\plexus-component-annotations-2.1.0.jar
2025-04-30 21:40:02,568 [Worker-17: Launching Executing clean in E__sts_demo] INFO  o.eclipse.m2e.core.internal.Bundles - 	Entry: E:\sts-4.29.0.RELEASE\plugins\org.eclipse.m2e.maven.runtime_3.9.900.20250220-2013\jars\plexus-interpolation-1.27.jar
2025-04-30 21:40:02,568 [Worker-17: Launching Executing clean in E__sts_demo] INFO  o.eclipse.m2e.core.internal.Bundles - 	Entry: E:\sts-4.29.0.RELEASE\plugins\org.eclipse.m2e.maven.runtime_3.9.900.20250220-2013\jars\plexus-sec-dispatcher-2.0.jar
2025-04-30 21:40:02,568 [Worker-17: Launching Executing clean in E__sts_demo] INFO  o.eclipse.m2e.core.internal.Bundles - 	Entry: E:\sts-4.29.0.RELEASE\plugins\org.eclipse.m2e.maven.runtime_3.9.900.20250220-2013\jars\plexus-utils-3.5.1.jar
2025-04-30 21:40:02,568 [Worker-17: Launching Executing clean in E__sts_demo] INFO  o.eclipse.m2e.core.internal.Bundles - 	Entry: E:\sts-4.29.0.RELEASE\plugins\org.eclipse.m2e.maven.runtime_3.9.900.20250220-2013\jars\plexus-xml-3.0.1.jar
2025-04-30 21:40:02,568 [Worker-17: Launching Executing clean in E__sts_demo] INFO  o.eclipse.m2e.core.internal.Bundles - 	Entry: E:\sts-4.29.0.RELEASE\plugins\org.eclipse.m2e.maven.runtime_3.9.900.20250220-2013\jars\wagon-file-3.5.3.jar
2025-04-30 21:40:02,568 [Worker-17: Launching Executing clean in E__sts_demo] INFO  o.eclipse.m2e.core.internal.Bundles - 	Entry: E:\sts-4.29.0.RELEASE\plugins\org.eclipse.m2e.maven.runtime_3.9.900.20250220-2013\jars\wagon-http-3.5.3.jar
2025-04-30 21:40:02,568 [Worker-17: Launching Executing clean in E__sts_demo] INFO  o.eclipse.m2e.core.internal.Bundles - 	Entry: E:\sts-4.29.0.RELEASE\plugins\org.eclipse.m2e.maven.runtime_3.9.900.20250220-2013\jars\wagon-http-shared-3.5.3.jar
2025-04-30 21:40:02,568 [Worker-17: Launching Executing clean in E__sts_demo] INFO  o.eclipse.m2e.core.internal.Bundles - 	Entry: E:\sts-4.29.0.RELEASE\plugins\org.eclipse.m2e.maven.runtime_3.9.900.20250220-2013\jars\wagon-provider-api-3.5.3.jar
2025-04-30 21:40:02,568 [Worker-17: Launching Executing clean in E__sts_demo] INFO  o.eclipse.m2e.core.internal.Bundles - getClasspathEntries(Bundle=com.google.guava_33.4.0.jre [29])
2025-04-30 21:40:02,568 [Worker-17: Launching Executing clean in E__sts_demo] INFO  o.eclipse.m2e.core.internal.Bundles - 	Entry: E:\sts-4.29.0.RELEASE\plugins\com.google.guava_33.4.0.jre.jar
2025-04-30 21:40:02,568 [Worker-17: Launching Executing clean in E__sts_demo] INFO  o.eclipse.m2e.core.internal.Bundles - getClasspathEntries(Bundle=slf4j.api_2.0.17 [608])
2025-04-30 21:40:02,568 [Worker-17: Launching Executing clean in E__sts_demo] INFO  o.eclipse.m2e.core.internal.Bundles - 	Entry: E:\sts-4.29.0.RELEASE\plugins\slf4j.api_2.0.17.jar
2025-04-30 21:40:02,568 [Worker-17: Launching Executing clean in E__sts_demo] INFO  o.eclipse.m2e.core.internal.Bundles - getClasspathEntries(Bundle=jakarta.inject.jakarta.inject-api_1.0.5 [45])
2025-04-30 21:40:02,568 [Worker-17: Launching Executing clean in E__sts_demo] INFO  o.eclipse.m2e.core.internal.Bundles - 	Entry: E:\sts-4.29.0.RELEASE\plugins\jakarta.inject.jakarta.inject-api_1.0.5.jar
2025-04-30 21:40:02,568 [Worker-17: Launching Executing clean in E__sts_demo] INFO  o.eclipse.m2e.core.internal.Bundles - getClasspathEntries(Bundle=jakarta.annotation-api_1.3.5 [41])
2025-04-30 21:40:02,568 [Worker-17: Launching Executing clean in E__sts_demo] INFO  o.eclipse.m2e.core.internal.Bundles - 	Entry: E:\sts-4.29.0.RELEASE\plugins\jakarta.annotation-api_1.3.5.jar
2025-04-30 21:40:02,568 [Worker-17: Launching Executing clean in E__sts_demo] INFO  o.eclipse.m2e.core.internal.Bundles - getClasspathEntries(Bundle=org.apache.commons.cli_1.9.0 [77])
2025-04-30 21:40:02,568 [Worker-17: Launching Executing clean in E__sts_demo] INFO  o.eclipse.m2e.core.internal.Bundles - 	Entry: E:\sts-4.29.0.RELEASE\plugins\org.apache.commons.cli_1.9.0.jar
2025-04-30 21:40:02,568 [Worker-17: Launching Executing clean in E__sts_demo] INFO  o.eclipse.m2e.core.internal.Bundles - getClasspathEntries(Bundle=org.apache.commons.commons-codec_1.16.0 [79])
2025-04-30 21:40:02,568 [Worker-17: Launching Executing clean in E__sts_demo] INFO  o.eclipse.m2e.core.internal.Bundles - 	Entry: E:\sts-4.29.0.RELEASE\plugins\org.apache.commons.commons-codec_1.16.0.jar
2025-04-30 21:40:02,568 [Worker-17: Launching Executing clean in E__sts_demo] INFO  o.eclipse.m2e.core.internal.Bundles - getClasspathEntries(Bundle=com.google.guava.failureaccess_1.0.2 [30])
2025-04-30 21:40:02,568 [Worker-17: Launching Executing clean in E__sts_demo] INFO  o.eclipse.m2e.core.internal.Bundles - 	Entry: E:\sts-4.29.0.RELEASE\plugins\com.google.guava.failureaccess_1.0.2.jar
2025-04-30 21:40:02,569 [Worker-17: Launching Executing clean in E__sts_demo] INFO  o.e.m.i.launch.MavenLaunchDelegate - Run build in "E:\sts\demo":
2025-04-30 21:40:02,569 [Worker-17: Launching Executing clean in E__sts_demo] INFO  o.e.m.i.launch.MavenLaunchDelegate -  mvn  -Ppom.xml -B -Dstyle.color=always clean
2025-04-30 21:40:04,612 [Worker-18: Building] INFO  o.a.m.s.f.DefaultMavenResourcesFiltering - Copying 1 resource from src\main\resources to target\classes
2025-04-30 21:40:04,613 [Worker-18: Building] INFO  o.a.m.s.f.DefaultMavenResourcesFiltering - Copying 7 resources from src\main\resources to target\classes
2025-04-30 21:40:04,622 [Worker-18: Building] INFO  o.a.m.s.f.DefaultMavenResourcesFiltering - skip non existing resourceDirectory E:\sts\demo\src\test\resources
2025-04-30 21:40:09,281 [Worker-20: Launching Executing install in E__sts_demo] INFO  o.eclipse.m2e.core.internal.Bundles - getClasspathEntries(Bundle=org.eclipse.m2e.maven.runtime_3.9.900.20250220-2013 [361])
2025-04-30 21:40:09,281 [Worker-20: Launching Executing install in E__sts_demo] INFO  o.eclipse.m2e.core.internal.Bundles - 	Entry: E:\sts-4.29.0.RELEASE\plugins\org.eclipse.m2e.maven.runtime_3.9.900.20250220-2013
2025-04-30 21:40:09,282 [Worker-20: Launching Executing install in E__sts_demo] INFO  o.eclipse.m2e.core.internal.Bundles - 	Entry: E:\sts-4.29.0.RELEASE\plugins\org.eclipse.m2e.maven.runtime_3.9.900.20250220-2013\jars\aopalliance-1.0.jar
2025-04-30 21:40:09,282 [Worker-20: Launching Executing install in E__sts_demo] INFO  o.eclipse.m2e.core.internal.Bundles - 	Entry: E:\sts-4.29.0.RELEASE\plugins\org.eclipse.m2e.maven.runtime_3.9.900.20250220-2013\jars\guice-5.1.0.jar
2025-04-30 21:40:09,282 [Worker-20: Launching Executing install in E__sts_demo] INFO  o.eclipse.m2e.core.internal.Bundles - 	Entry: E:\sts-4.29.0.RELEASE\plugins\org.eclipse.m2e.maven.runtime_3.9.900.20250220-2013\jars\httpclient-4.5.14.jar
2025-04-30 21:40:09,282 [Worker-20: Launching Executing install in E__sts_demo] INFO  o.eclipse.m2e.core.internal.Bundles - 	Entry: E:\sts-4.29.0.RELEASE\plugins\org.eclipse.m2e.maven.runtime_3.9.900.20250220-2013\jars\httpcore-4.4.16.jar
2025-04-30 21:40:09,282 [Worker-20: Launching Executing install in E__sts_demo] INFO  o.eclipse.m2e.core.internal.Bundles - 	Entry: E:\sts-4.29.0.RELEASE\plugins\org.eclipse.m2e.maven.runtime_3.9.900.20250220-2013\jars\jansi-2.4.1.jar
2025-04-30 21:40:09,282 [Worker-20: Launching Executing install in E__sts_demo] INFO  o.eclipse.m2e.core.internal.Bundles - 	Entry: E:\sts-4.29.0.RELEASE\plugins\org.eclipse.m2e.maven.runtime_3.9.900.20250220-2013\jars\jcl-over-slf4j-1.7.36.jar
2025-04-30 21:40:09,282 [Worker-20: Launching Executing install in E__sts_demo] INFO  o.eclipse.m2e.core.internal.Bundles - 	Entry: E:\sts-4.29.0.RELEASE\plugins\org.eclipse.m2e.maven.runtime_3.9.900.20250220-2013\jars\maven-artifact-3.9.9.jar
2025-04-30 21:40:09,282 [Worker-20: Launching Executing install in E__sts_demo] INFO  o.eclipse.m2e.core.internal.Bundles - 	Entry: E:\sts-4.29.0.RELEASE\plugins\org.eclipse.m2e.maven.runtime_3.9.900.20250220-2013\jars\maven-builder-support-3.9.9.jar
2025-04-30 21:40:09,282 [Worker-20: Launching Executing install in E__sts_demo] INFO  o.eclipse.m2e.core.internal.Bundles - 	Entry: E:\sts-4.29.0.RELEASE\plugins\org.eclipse.m2e.maven.runtime_3.9.900.20250220-2013\jars\maven-compat-3.9.9.jar
2025-04-30 21:40:09,282 [Worker-20: Launching Executing install in E__sts_demo] INFO  o.eclipse.m2e.core.internal.Bundles - 	Entry: E:\sts-4.29.0.RELEASE\plugins\org.eclipse.m2e.maven.runtime_3.9.900.20250220-2013\jars\maven-core-3.9.9.jar
2025-04-30 21:40:09,282 [Worker-20: Launching Executing install in E__sts_demo] INFO  o.eclipse.m2e.core.internal.Bundles - 	Entry: E:\sts-4.29.0.RELEASE\plugins\org.eclipse.m2e.maven.runtime_3.9.900.20250220-2013\jars\maven-embedder-3.9.9.jar
2025-04-30 21:40:09,282 [Worker-20: Launching Executing install in E__sts_demo] INFO  o.eclipse.m2e.core.internal.Bundles - 	Entry: E:\sts-4.29.0.RELEASE\plugins\org.eclipse.m2e.maven.runtime_3.9.900.20250220-2013\jars\maven-model-3.9.9.jar
2025-04-30 21:40:09,282 [Worker-20: Launching Executing install in E__sts_demo] INFO  o.eclipse.m2e.core.internal.Bundles - 	Entry: E:\sts-4.29.0.RELEASE\plugins\org.eclipse.m2e.maven.runtime_3.9.900.20250220-2013\jars\maven-model-builder-3.9.9.jar
2025-04-30 21:40:09,282 [Worker-20: Launching Executing install in E__sts_demo] INFO  o.eclipse.m2e.core.internal.Bundles - 	Entry: E:\sts-4.29.0.RELEASE\plugins\org.eclipse.m2e.maven.runtime_3.9.900.20250220-2013\jars\maven-plugin-api-3.9.9.jar
2025-04-30 21:40:09,282 [Worker-20: Launching Executing install in E__sts_demo] INFO  o.eclipse.m2e.core.internal.Bundles - 	Entry: E:\sts-4.29.0.RELEASE\plugins\org.eclipse.m2e.maven.runtime_3.9.900.20250220-2013\jars\maven-repository-metadata-3.9.9.jar
2025-04-30 21:40:09,282 [Worker-20: Launching Executing install in E__sts_demo] INFO  o.eclipse.m2e.core.internal.Bundles - 	Entry: E:\sts-4.29.0.RELEASE\plugins\org.eclipse.m2e.maven.runtime_3.9.900.20250220-2013\jars\maven-resolver-api-1.9.22.jar
2025-04-30 21:40:09,282 [Worker-20: Launching Executing install in E__sts_demo] INFO  o.eclipse.m2e.core.internal.Bundles - 	Entry: E:\sts-4.29.0.RELEASE\plugins\org.eclipse.m2e.maven.runtime_3.9.900.20250220-2013\jars\maven-resolver-connector-basic-1.9.22.jar
2025-04-30 21:40:09,282 [Worker-20: Launching Executing install in E__sts_demo] INFO  o.eclipse.m2e.core.internal.Bundles - 	Entry: E:\sts-4.29.0.RELEASE\plugins\org.eclipse.m2e.maven.runtime_3.9.900.20250220-2013\jars\maven-resolver-impl-1.9.22.jar
2025-04-30 21:40:09,282 [Worker-20: Launching Executing install in E__sts_demo] INFO  o.eclipse.m2e.core.internal.Bundles - 	Entry: E:\sts-4.29.0.RELEASE\plugins\org.eclipse.m2e.maven.runtime_3.9.900.20250220-2013\jars\maven-resolver-named-locks-1.9.22.jar
2025-04-30 21:40:09,283 [Worker-20: Launching Executing install in E__sts_demo] INFO  o.eclipse.m2e.core.internal.Bundles - 	Entry: E:\sts-4.29.0.RELEASE\plugins\org.eclipse.m2e.maven.runtime_3.9.900.20250220-2013\jars\maven-resolver-provider-3.9.9.jar
2025-04-30 21:40:09,283 [Worker-20: Launching Executing install in E__sts_demo] INFO  o.eclipse.m2e.core.internal.Bundles - 	Entry: E:\sts-4.29.0.RELEASE\plugins\org.eclipse.m2e.maven.runtime_3.9.900.20250220-2013\jars\maven-resolver-spi-1.9.22.jar
2025-04-30 21:40:09,283 [Worker-20: Launching Executing install in E__sts_demo] INFO  o.eclipse.m2e.core.internal.Bundles - 	Entry: E:\sts-4.29.0.RELEASE\plugins\org.eclipse.m2e.maven.runtime_3.9.900.20250220-2013\jars\maven-resolver-transport-file-1.9.22.jar
2025-04-30 21:40:09,283 [Worker-20: Launching Executing install in E__sts_demo] INFO  o.eclipse.m2e.core.internal.Bundles - 	Entry: E:\sts-4.29.0.RELEASE\plugins\org.eclipse.m2e.maven.runtime_3.9.900.20250220-2013\jars\maven-resolver-transport-http-1.9.22.jar
2025-04-30 21:40:09,283 [Worker-20: Launching Executing install in E__sts_demo] INFO  o.eclipse.m2e.core.internal.Bundles - 	Entry: E:\sts-4.29.0.RELEASE\plugins\org.eclipse.m2e.maven.runtime_3.9.900.20250220-2013\jars\maven-resolver-transport-wagon-1.9.22.jar
2025-04-30 21:40:09,283 [Worker-20: Launching Executing install in E__sts_demo] INFO  o.eclipse.m2e.core.internal.Bundles - 	Entry: E:\sts-4.29.0.RELEASE\plugins\org.eclipse.m2e.maven.runtime_3.9.900.20250220-2013\jars\maven-resolver-util-1.9.22.jar
2025-04-30 21:40:09,283 [Worker-20: Launching Executing install in E__sts_demo] INFO  o.eclipse.m2e.core.internal.Bundles - 	Entry: E:\sts-4.29.0.RELEASE\plugins\org.eclipse.m2e.maven.runtime_3.9.900.20250220-2013\jars\maven-settings-3.9.9.jar
2025-04-30 21:40:09,283 [Worker-20: Launching Executing install in E__sts_demo] INFO  o.eclipse.m2e.core.internal.Bundles - 	Entry: E:\sts-4.29.0.RELEASE\plugins\org.eclipse.m2e.maven.runtime_3.9.900.20250220-2013\jars\maven-settings-builder-3.9.9.jar
2025-04-30 21:40:09,283 [Worker-20: Launching Executing install in E__sts_demo] INFO  o.eclipse.m2e.core.internal.Bundles - 	Entry: E:\sts-4.29.0.RELEASE\plugins\org.eclipse.m2e.maven.runtime_3.9.900.20250220-2013\jars\maven-shared-utils-3.4.2.jar
2025-04-30 21:40:09,283 [Worker-20: Launching Executing install in E__sts_demo] INFO  o.eclipse.m2e.core.internal.Bundles - 	Entry: E:\sts-4.29.0.RELEASE\plugins\org.eclipse.m2e.maven.runtime_3.9.900.20250220-2013\jars\org.eclipse.sisu.inject-0.9.0.M3.jar
2025-04-30 21:40:09,283 [Worker-20: Launching Executing install in E__sts_demo] INFO  o.eclipse.m2e.core.internal.Bundles - 	Entry: E:\sts-4.29.0.RELEASE\plugins\org.eclipse.m2e.maven.runtime_3.9.900.20250220-2013\jars\org.eclipse.sisu.plexus-0.9.0.M3.jar
2025-04-30 21:40:09,283 [Worker-20: Launching Executing install in E__sts_demo] INFO  o.eclipse.m2e.core.internal.Bundles - 	Entry: E:\sts-4.29.0.RELEASE\plugins\org.eclipse.m2e.maven.runtime_3.9.900.20250220-2013\jars\plexus-build-api-0.0.7.jar
2025-04-30 21:40:09,283 [Worker-20: Launching Executing install in E__sts_demo] INFO  o.eclipse.m2e.core.internal.Bundles - 	Entry: E:\sts-4.29.0.RELEASE\plugins\org.eclipse.m2e.maven.runtime_3.9.900.20250220-2013\jars\plexus-build-api-1.2.0.jar
2025-04-30 21:40:09,283 [Worker-20: Launching Executing install in E__sts_demo] INFO  o.eclipse.m2e.core.internal.Bundles - 	Entry: E:\sts-4.29.0.RELEASE\plugins\org.eclipse.m2e.maven.runtime_3.9.900.20250220-2013\jars\plexus-cipher-2.0.jar
2025-04-30 21:40:09,283 [Worker-20: Launching Executing install in E__sts_demo] INFO  o.eclipse.m2e.core.internal.Bundles - 	Entry: E:\sts-4.29.0.RELEASE\plugins\org.eclipse.m2e.maven.runtime_3.9.900.20250220-2013\jars\plexus-classworlds-2.8.0.jar
2025-04-30 21:40:09,283 [Worker-20: Launching Executing install in E__sts_demo] INFO  o.eclipse.m2e.core.internal.Bundles - 	Entry: E:\sts-4.29.0.RELEASE\plugins\org.eclipse.m2e.maven.runtime_3.9.900.20250220-2013\jars\plexus-component-annotations-2.1.0.jar
2025-04-30 21:40:09,283 [Worker-20: Launching Executing install in E__sts_demo] INFO  o.eclipse.m2e.core.internal.Bundles - 	Entry: E:\sts-4.29.0.RELEASE\plugins\org.eclipse.m2e.maven.runtime_3.9.900.20250220-2013\jars\plexus-interpolation-1.27.jar
2025-04-30 21:40:09,283 [Worker-20: Launching Executing install in E__sts_demo] INFO  o.eclipse.m2e.core.internal.Bundles - 	Entry: E:\sts-4.29.0.RELEASE\plugins\org.eclipse.m2e.maven.runtime_3.9.900.20250220-2013\jars\plexus-sec-dispatcher-2.0.jar
2025-04-30 21:40:09,283 [Worker-20: Launching Executing install in E__sts_demo] INFO  o.eclipse.m2e.core.internal.Bundles - 	Entry: E:\sts-4.29.0.RELEASE\plugins\org.eclipse.m2e.maven.runtime_3.9.900.20250220-2013\jars\plexus-utils-3.5.1.jar
2025-04-30 21:40:09,283 [Worker-20: Launching Executing install in E__sts_demo] INFO  o.eclipse.m2e.core.internal.Bundles - 	Entry: E:\sts-4.29.0.RELEASE\plugins\org.eclipse.m2e.maven.runtime_3.9.900.20250220-2013\jars\plexus-xml-3.0.1.jar
2025-04-30 21:40:09,283 [Worker-20: Launching Executing install in E__sts_demo] INFO  o.eclipse.m2e.core.internal.Bundles - 	Entry: E:\sts-4.29.0.RELEASE\plugins\org.eclipse.m2e.maven.runtime_3.9.900.20250220-2013\jars\wagon-file-3.5.3.jar
2025-04-30 21:40:09,283 [Worker-20: Launching Executing install in E__sts_demo] INFO  o.eclipse.m2e.core.internal.Bundles - 	Entry: E:\sts-4.29.0.RELEASE\plugins\org.eclipse.m2e.maven.runtime_3.9.900.20250220-2013\jars\wagon-http-3.5.3.jar
2025-04-30 21:40:09,283 [Worker-20: Launching Executing install in E__sts_demo] INFO  o.eclipse.m2e.core.internal.Bundles - 	Entry: E:\sts-4.29.0.RELEASE\plugins\org.eclipse.m2e.maven.runtime_3.9.900.20250220-2013\jars\wagon-http-shared-3.5.3.jar
2025-04-30 21:40:09,283 [Worker-20: Launching Executing install in E__sts_demo] INFO  o.eclipse.m2e.core.internal.Bundles - 	Entry: E:\sts-4.29.0.RELEASE\plugins\org.eclipse.m2e.maven.runtime_3.9.900.20250220-2013\jars\wagon-provider-api-3.5.3.jar
2025-04-30 21:40:09,284 [Worker-20: Launching Executing install in E__sts_demo] INFO  o.eclipse.m2e.core.internal.Bundles - getClasspathEntries(Bundle=com.google.guava_33.4.0.jre [29])
2025-04-30 21:40:09,284 [Worker-20: Launching Executing install in E__sts_demo] INFO  o.eclipse.m2e.core.internal.Bundles - 	Entry: E:\sts-4.29.0.RELEASE\plugins\com.google.guava_33.4.0.jre.jar
2025-04-30 21:40:09,284 [Worker-20: Launching Executing install in E__sts_demo] INFO  o.eclipse.m2e.core.internal.Bundles - getClasspathEntries(Bundle=slf4j.api_2.0.17 [608])
2025-04-30 21:40:09,284 [Worker-20: Launching Executing install in E__sts_demo] INFO  o.eclipse.m2e.core.internal.Bundles - 	Entry: E:\sts-4.29.0.RELEASE\plugins\slf4j.api_2.0.17.jar
2025-04-30 21:40:09,284 [Worker-20: Launching Executing install in E__sts_demo] INFO  o.eclipse.m2e.core.internal.Bundles - getClasspathEntries(Bundle=jakarta.inject.jakarta.inject-api_1.0.5 [45])
2025-04-30 21:40:09,284 [Worker-20: Launching Executing install in E__sts_demo] INFO  o.eclipse.m2e.core.internal.Bundles - 	Entry: E:\sts-4.29.0.RELEASE\plugins\jakarta.inject.jakarta.inject-api_1.0.5.jar
2025-04-30 21:40:09,284 [Worker-20: Launching Executing install in E__sts_demo] INFO  o.eclipse.m2e.core.internal.Bundles - getClasspathEntries(Bundle=jakarta.annotation-api_1.3.5 [41])
2025-04-30 21:40:09,284 [Worker-20: Launching Executing install in E__sts_demo] INFO  o.eclipse.m2e.core.internal.Bundles - 	Entry: E:\sts-4.29.0.RELEASE\plugins\jakarta.annotation-api_1.3.5.jar
2025-04-30 21:40:09,284 [Worker-20: Launching Executing install in E__sts_demo] INFO  o.eclipse.m2e.core.internal.Bundles - getClasspathEntries(Bundle=org.apache.commons.cli_1.9.0 [77])
2025-04-30 21:40:09,284 [Worker-20: Launching Executing install in E__sts_demo] INFO  o.eclipse.m2e.core.internal.Bundles - 	Entry: E:\sts-4.29.0.RELEASE\plugins\org.apache.commons.cli_1.9.0.jar
2025-04-30 21:40:09,284 [Worker-20: Launching Executing install in E__sts_demo] INFO  o.eclipse.m2e.core.internal.Bundles - getClasspathEntries(Bundle=org.apache.commons.commons-codec_1.16.0 [79])
2025-04-30 21:40:09,284 [Worker-20: Launching Executing install in E__sts_demo] INFO  o.eclipse.m2e.core.internal.Bundles - 	Entry: E:\sts-4.29.0.RELEASE\plugins\org.apache.commons.commons-codec_1.16.0.jar
2025-04-30 21:40:09,284 [Worker-20: Launching Executing install in E__sts_demo] INFO  o.eclipse.m2e.core.internal.Bundles - getClasspathEntries(Bundle=com.google.guava.failureaccess_1.0.2 [30])
2025-04-30 21:40:09,284 [Worker-20: Launching Executing install in E__sts_demo] INFO  o.eclipse.m2e.core.internal.Bundles - 	Entry: E:\sts-4.29.0.RELEASE\plugins\com.google.guava.failureaccess_1.0.2.jar
2025-04-30 21:40:09,285 [Worker-20: Launching Executing install in E__sts_demo] INFO  o.e.m.i.launch.MavenLaunchDelegate - Run build in "E:\sts\demo":
2025-04-30 21:40:09,285 [Worker-20: Launching Executing install in E__sts_demo] INFO  o.e.m.i.launch.MavenLaunchDelegate -  mvn  -Ppom.xml -B -Dstyle.color=always install
2025-04-30 21:40:14,651 [Worker-20: Building] INFO  o.a.m.s.f.DefaultMavenResourcesFiltering - Copying 1 resource from src\main\resources to target\classes
2025-04-30 21:40:14,653 [Worker-20: Building] INFO  o.a.m.s.f.DefaultMavenResourcesFiltering - Copying 7 resources from src\main\resources to target\classes
2025-04-30 21:40:14,681 [Worker-20: Building] INFO  o.a.m.s.f.DefaultMavenResourcesFiltering - skip non existing resourceDirectory E:\sts\demo\src\test\resources
2025-04-30 21:41:25,809 [Worker-18: Building] INFO  o.e.m.c.i.l.LifecycleMappingFactory - Using org.eclipse.m2e.jdt.JarLifecycleMapping lifecycle mapping for MavenProject: com.example:dem:0.0.1-SNAPSHOT @ E:\sts\demo\pom.xml.
2025-04-30 21:41:26,164 [Worker-18: Building] INFO  o.a.m.s.f.DefaultMavenResourcesFiltering - Copying 0 resource from src\main\resources to target\classes
2025-04-30 21:41:26,164 [Worker-18: Building] INFO  o.a.m.s.f.DefaultMavenResourcesFiltering - Copying 0 resource from src\main\resources to target\classes
2025-04-30 21:41:26,167 [Worker-18: Building] INFO  o.a.m.s.f.DefaultMavenResourcesFiltering - skip non existing resourceDirectory E:\sts\demo\src\test\resources
2025-04-30 21:41:45,422 [Worker-18: Launching Executing install in E__sts_demo] INFO  o.eclipse.m2e.core.internal.Bundles - getClasspathEntries(Bundle=org.eclipse.m2e.maven.runtime_3.9.900.20250220-2013 [361])
2025-04-30 21:41:45,422 [Worker-18: Launching Executing install in E__sts_demo] INFO  o.eclipse.m2e.core.internal.Bundles - 	Entry: E:\sts-4.29.0.RELEASE\plugins\org.eclipse.m2e.maven.runtime_3.9.900.20250220-2013
2025-04-30 21:41:45,422 [Worker-18: Launching Executing install in E__sts_demo] INFO  o.eclipse.m2e.core.internal.Bundles - 	Entry: E:\sts-4.29.0.RELEASE\plugins\org.eclipse.m2e.maven.runtime_3.9.900.20250220-2013\jars\aopalliance-1.0.jar
2025-04-30 21:41:45,422 [Worker-18: Launching Executing install in E__sts_demo] INFO  o.eclipse.m2e.core.internal.Bundles - 	Entry: E:\sts-4.29.0.RELEASE\plugins\org.eclipse.m2e.maven.runtime_3.9.900.20250220-2013\jars\guice-5.1.0.jar
2025-04-30 21:41:45,422 [Worker-18: Launching Executing install in E__sts_demo] INFO  o.eclipse.m2e.core.internal.Bundles - 	Entry: E:\sts-4.29.0.RELEASE\plugins\org.eclipse.m2e.maven.runtime_3.9.900.20250220-2013\jars\httpclient-4.5.14.jar
2025-04-30 21:41:45,422 [Worker-18: Launching Executing install in E__sts_demo] INFO  o.eclipse.m2e.core.internal.Bundles - 	Entry: E:\sts-4.29.0.RELEASE\plugins\org.eclipse.m2e.maven.runtime_3.9.900.20250220-2013\jars\httpcore-4.4.16.jar
2025-04-30 21:41:45,422 [Worker-18: Launching Executing install in E__sts_demo] INFO  o.eclipse.m2e.core.internal.Bundles - 	Entry: E:\sts-4.29.0.RELEASE\plugins\org.eclipse.m2e.maven.runtime_3.9.900.20250220-2013\jars\jansi-2.4.1.jar
2025-04-30 21:41:45,422 [Worker-18: Launching Executing install in E__sts_demo] INFO  o.eclipse.m2e.core.internal.Bundles - 	Entry: E:\sts-4.29.0.RELEASE\plugins\org.eclipse.m2e.maven.runtime_3.9.900.20250220-2013\jars\jcl-over-slf4j-1.7.36.jar
2025-04-30 21:41:45,422 [Worker-18: Launching Executing install in E__sts_demo] INFO  o.eclipse.m2e.core.internal.Bundles - 	Entry: E:\sts-4.29.0.RELEASE\plugins\org.eclipse.m2e.maven.runtime_3.9.900.20250220-2013\jars\maven-artifact-3.9.9.jar
2025-04-30 21:41:45,422 [Worker-18: Launching Executing install in E__sts_demo] INFO  o.eclipse.m2e.core.internal.Bundles - 	Entry: E:\sts-4.29.0.RELEASE\plugins\org.eclipse.m2e.maven.runtime_3.9.900.20250220-2013\jars\maven-builder-support-3.9.9.jar
2025-04-30 21:41:45,422 [Worker-18: Launching Executing install in E__sts_demo] INFO  o.eclipse.m2e.core.internal.Bundles - 	Entry: E:\sts-4.29.0.RELEASE\plugins\org.eclipse.m2e.maven.runtime_3.9.900.20250220-2013\jars\maven-compat-3.9.9.jar
2025-04-30 21:41:45,422 [Worker-18: Launching Executing install in E__sts_demo] INFO  o.eclipse.m2e.core.internal.Bundles - 	Entry: E:\sts-4.29.0.RELEASE\plugins\org.eclipse.m2e.maven.runtime_3.9.900.20250220-2013\jars\maven-core-3.9.9.jar
2025-04-30 21:41:45,422 [Worker-18: Launching Executing install in E__sts_demo] INFO  o.eclipse.m2e.core.internal.Bundles - 	Entry: E:\sts-4.29.0.RELEASE\plugins\org.eclipse.m2e.maven.runtime_3.9.900.20250220-2013\jars\maven-embedder-3.9.9.jar
2025-04-30 21:41:45,422 [Worker-18: Launching Executing install in E__sts_demo] INFO  o.eclipse.m2e.core.internal.Bundles - 	Entry: E:\sts-4.29.0.RELEASE\plugins\org.eclipse.m2e.maven.runtime_3.9.900.20250220-2013\jars\maven-model-3.9.9.jar
2025-04-30 21:41:45,422 [Worker-18: Launching Executing install in E__sts_demo] INFO  o.eclipse.m2e.core.internal.Bundles - 	Entry: E:\sts-4.29.0.RELEASE\plugins\org.eclipse.m2e.maven.runtime_3.9.900.20250220-2013\jars\maven-model-builder-3.9.9.jar
2025-04-30 21:41:45,422 [Worker-18: Launching Executing install in E__sts_demo] INFO  o.eclipse.m2e.core.internal.Bundles - 	Entry: E:\sts-4.29.0.RELEASE\plugins\org.eclipse.m2e.maven.runtime_3.9.900.20250220-2013\jars\maven-plugin-api-3.9.9.jar
2025-04-30 21:41:45,422 [Worker-18: Launching Executing install in E__sts_demo] INFO  o.eclipse.m2e.core.internal.Bundles - 	Entry: E:\sts-4.29.0.RELEASE\plugins\org.eclipse.m2e.maven.runtime_3.9.900.20250220-2013\jars\maven-repository-metadata-3.9.9.jar
2025-04-30 21:41:45,422 [Worker-18: Launching Executing install in E__sts_demo] INFO  o.eclipse.m2e.core.internal.Bundles - 	Entry: E:\sts-4.29.0.RELEASE\plugins\org.eclipse.m2e.maven.runtime_3.9.900.20250220-2013\jars\maven-resolver-api-1.9.22.jar
2025-04-30 21:41:45,422 [Worker-18: Launching Executing install in E__sts_demo] INFO  o.eclipse.m2e.core.internal.Bundles - 	Entry: E:\sts-4.29.0.RELEASE\plugins\org.eclipse.m2e.maven.runtime_3.9.900.20250220-2013\jars\maven-resolver-connector-basic-1.9.22.jar
2025-04-30 21:41:45,422 [Worker-18: Launching Executing install in E__sts_demo] INFO  o.eclipse.m2e.core.internal.Bundles - 	Entry: E:\sts-4.29.0.RELEASE\plugins\org.eclipse.m2e.maven.runtime_3.9.900.20250220-2013\jars\maven-resolver-impl-1.9.22.jar
2025-04-30 21:41:45,422 [Worker-18: Launching Executing install in E__sts_demo] INFO  o.eclipse.m2e.core.internal.Bundles - 	Entry: E:\sts-4.29.0.RELEASE\plugins\org.eclipse.m2e.maven.runtime_3.9.900.20250220-2013\jars\maven-resolver-named-locks-1.9.22.jar
2025-04-30 21:41:45,422 [Worker-18: Launching Executing install in E__sts_demo] INFO  o.eclipse.m2e.core.internal.Bundles - 	Entry: E:\sts-4.29.0.RELEASE\plugins\org.eclipse.m2e.maven.runtime_3.9.900.20250220-2013\jars\maven-resolver-provider-3.9.9.jar
2025-04-30 21:41:45,422 [Worker-18: Launching Executing install in E__sts_demo] INFO  o.eclipse.m2e.core.internal.Bundles - 	Entry: E:\sts-4.29.0.RELEASE\plugins\org.eclipse.m2e.maven.runtime_3.9.900.20250220-2013\jars\maven-resolver-spi-1.9.22.jar
2025-04-30 21:41:45,422 [Worker-18: Launching Executing install in E__sts_demo] INFO  o.eclipse.m2e.core.internal.Bundles - 	Entry: E:\sts-4.29.0.RELEASE\plugins\org.eclipse.m2e.maven.runtime_3.9.900.20250220-2013\jars\maven-resolver-transport-file-1.9.22.jar
2025-04-30 21:41:45,422 [Worker-18: Launching Executing install in E__sts_demo] INFO  o.eclipse.m2e.core.internal.Bundles - 	Entry: E:\sts-4.29.0.RELEASE\plugins\org.eclipse.m2e.maven.runtime_3.9.900.20250220-2013\jars\maven-resolver-transport-http-1.9.22.jar
2025-04-30 21:41:45,422 [Worker-18: Launching Executing install in E__sts_demo] INFO  o.eclipse.m2e.core.internal.Bundles - 	Entry: E:\sts-4.29.0.RELEASE\plugins\org.eclipse.m2e.maven.runtime_3.9.900.20250220-2013\jars\maven-resolver-transport-wagon-1.9.22.jar
2025-04-30 21:41:45,423 [Worker-18: Launching Executing install in E__sts_demo] INFO  o.eclipse.m2e.core.internal.Bundles - 	Entry: E:\sts-4.29.0.RELEASE\plugins\org.eclipse.m2e.maven.runtime_3.9.900.20250220-2013\jars\maven-resolver-util-1.9.22.jar
2025-04-30 21:41:45,423 [Worker-18: Launching Executing install in E__sts_demo] INFO  o.eclipse.m2e.core.internal.Bundles - 	Entry: E:\sts-4.29.0.RELEASE\plugins\org.eclipse.m2e.maven.runtime_3.9.900.20250220-2013\jars\maven-settings-3.9.9.jar
2025-04-30 21:41:45,423 [Worker-18: Launching Executing install in E__sts_demo] INFO  o.eclipse.m2e.core.internal.Bundles - 	Entry: E:\sts-4.29.0.RELEASE\plugins\org.eclipse.m2e.maven.runtime_3.9.900.20250220-2013\jars\maven-settings-builder-3.9.9.jar
2025-04-30 21:41:45,423 [Worker-18: Launching Executing install in E__sts_demo] INFO  o.eclipse.m2e.core.internal.Bundles - 	Entry: E:\sts-4.29.0.RELEASE\plugins\org.eclipse.m2e.maven.runtime_3.9.900.20250220-2013\jars\maven-shared-utils-3.4.2.jar
2025-04-30 21:41:45,423 [Worker-18: Launching Executing install in E__sts_demo] INFO  o.eclipse.m2e.core.internal.Bundles - 	Entry: E:\sts-4.29.0.RELEASE\plugins\org.eclipse.m2e.maven.runtime_3.9.900.20250220-2013\jars\org.eclipse.sisu.inject-0.9.0.M3.jar
2025-04-30 21:41:45,423 [Worker-18: Launching Executing install in E__sts_demo] INFO  o.eclipse.m2e.core.internal.Bundles - 	Entry: E:\sts-4.29.0.RELEASE\plugins\org.eclipse.m2e.maven.runtime_3.9.900.20250220-2013\jars\org.eclipse.sisu.plexus-0.9.0.M3.jar
2025-04-30 21:41:45,423 [Worker-18: Launching Executing install in E__sts_demo] INFO  o.eclipse.m2e.core.internal.Bundles - 	Entry: E:\sts-4.29.0.RELEASE\plugins\org.eclipse.m2e.maven.runtime_3.9.900.20250220-2013\jars\plexus-build-api-0.0.7.jar
2025-04-30 21:41:45,423 [Worker-18: Launching Executing install in E__sts_demo] INFO  o.eclipse.m2e.core.internal.Bundles - 	Entry: E:\sts-4.29.0.RELEASE\plugins\org.eclipse.m2e.maven.runtime_3.9.900.20250220-2013\jars\plexus-build-api-1.2.0.jar
2025-04-30 21:41:45,423 [Worker-18: Launching Executing install in E__sts_demo] INFO  o.eclipse.m2e.core.internal.Bundles - 	Entry: E:\sts-4.29.0.RELEASE\plugins\org.eclipse.m2e.maven.runtime_3.9.900.20250220-2013\jars\plexus-cipher-2.0.jar
2025-04-30 21:41:45,423 [Worker-18: Launching Executing install in E__sts_demo] INFO  o.eclipse.m2e.core.internal.Bundles - 	Entry: E:\sts-4.29.0.RELEASE\plugins\org.eclipse.m2e.maven.runtime_3.9.900.20250220-2013\jars\plexus-classworlds-2.8.0.jar
2025-04-30 21:41:45,423 [Worker-18: Launching Executing install in E__sts_demo] INFO  o.eclipse.m2e.core.internal.Bundles - 	Entry: E:\sts-4.29.0.RELEASE\plugins\org.eclipse.m2e.maven.runtime_3.9.900.20250220-2013\jars\plexus-component-annotations-2.1.0.jar
2025-04-30 21:41:45,423 [Worker-18: Launching Executing install in E__sts_demo] INFO  o.eclipse.m2e.core.internal.Bundles - 	Entry: E:\sts-4.29.0.RELEASE\plugins\org.eclipse.m2e.maven.runtime_3.9.900.20250220-2013\jars\plexus-interpolation-1.27.jar
2025-04-30 21:41:45,423 [Worker-18: Launching Executing install in E__sts_demo] INFO  o.eclipse.m2e.core.internal.Bundles - 	Entry: E:\sts-4.29.0.RELEASE\plugins\org.eclipse.m2e.maven.runtime_3.9.900.20250220-2013\jars\plexus-sec-dispatcher-2.0.jar
2025-04-30 21:41:45,423 [Worker-18: Launching Executing install in E__sts_demo] INFO  o.eclipse.m2e.core.internal.Bundles - 	Entry: E:\sts-4.29.0.RELEASE\plugins\org.eclipse.m2e.maven.runtime_3.9.900.20250220-2013\jars\plexus-utils-3.5.1.jar
2025-04-30 21:41:45,423 [Worker-18: Launching Executing install in E__sts_demo] INFO  o.eclipse.m2e.core.internal.Bundles - 	Entry: E:\sts-4.29.0.RELEASE\plugins\org.eclipse.m2e.maven.runtime_3.9.900.20250220-2013\jars\plexus-xml-3.0.1.jar
2025-04-30 21:41:45,423 [Worker-18: Launching Executing install in E__sts_demo] INFO  o.eclipse.m2e.core.internal.Bundles - 	Entry: E:\sts-4.29.0.RELEASE\plugins\org.eclipse.m2e.maven.runtime_3.9.900.20250220-2013\jars\wagon-file-3.5.3.jar
2025-04-30 21:41:45,423 [Worker-18: Launching Executing install in E__sts_demo] INFO  o.eclipse.m2e.core.internal.Bundles - 	Entry: E:\sts-4.29.0.RELEASE\plugins\org.eclipse.m2e.maven.runtime_3.9.900.20250220-2013\jars\wagon-http-3.5.3.jar
2025-04-30 21:41:45,423 [Worker-18: Launching Executing install in E__sts_demo] INFO  o.eclipse.m2e.core.internal.Bundles - 	Entry: E:\sts-4.29.0.RELEASE\plugins\org.eclipse.m2e.maven.runtime_3.9.900.20250220-2013\jars\wagon-http-shared-3.5.3.jar
2025-04-30 21:41:45,423 [Worker-18: Launching Executing install in E__sts_demo] INFO  o.eclipse.m2e.core.internal.Bundles - 	Entry: E:\sts-4.29.0.RELEASE\plugins\org.eclipse.m2e.maven.runtime_3.9.900.20250220-2013\jars\wagon-provider-api-3.5.3.jar
2025-04-30 21:41:45,423 [Worker-18: Launching Executing install in E__sts_demo] INFO  o.eclipse.m2e.core.internal.Bundles - getClasspathEntries(Bundle=com.google.guava_33.4.0.jre [29])
2025-04-30 21:41:45,423 [Worker-18: Launching Executing install in E__sts_demo] INFO  o.eclipse.m2e.core.internal.Bundles - 	Entry: E:\sts-4.29.0.RELEASE\plugins\com.google.guava_33.4.0.jre.jar
2025-04-30 21:41:45,423 [Worker-18: Launching Executing install in E__sts_demo] INFO  o.eclipse.m2e.core.internal.Bundles - getClasspathEntries(Bundle=slf4j.api_2.0.17 [608])
2025-04-30 21:41:45,423 [Worker-18: Launching Executing install in E__sts_demo] INFO  o.eclipse.m2e.core.internal.Bundles - 	Entry: E:\sts-4.29.0.RELEASE\plugins\slf4j.api_2.0.17.jar
2025-04-30 21:41:45,423 [Worker-18: Launching Executing install in E__sts_demo] INFO  o.eclipse.m2e.core.internal.Bundles - getClasspathEntries(Bundle=jakarta.inject.jakarta.inject-api_1.0.5 [45])
2025-04-30 21:41:45,423 [Worker-18: Launching Executing install in E__sts_demo] INFO  o.eclipse.m2e.core.internal.Bundles - 	Entry: E:\sts-4.29.0.RELEASE\plugins\jakarta.inject.jakarta.inject-api_1.0.5.jar
2025-04-30 21:41:45,423 [Worker-18: Launching Executing install in E__sts_demo] INFO  o.eclipse.m2e.core.internal.Bundles - getClasspathEntries(Bundle=jakarta.annotation-api_1.3.5 [41])
2025-04-30 21:41:45,423 [Worker-18: Launching Executing install in E__sts_demo] INFO  o.eclipse.m2e.core.internal.Bundles - 	Entry: E:\sts-4.29.0.RELEASE\plugins\jakarta.annotation-api_1.3.5.jar
2025-04-30 21:41:45,423 [Worker-18: Launching Executing install in E__sts_demo] INFO  o.eclipse.m2e.core.internal.Bundles - getClasspathEntries(Bundle=org.apache.commons.cli_1.9.0 [77])
2025-04-30 21:41:45,423 [Worker-18: Launching Executing install in E__sts_demo] INFO  o.eclipse.m2e.core.internal.Bundles - 	Entry: E:\sts-4.29.0.RELEASE\plugins\org.apache.commons.cli_1.9.0.jar
2025-04-30 21:41:45,423 [Worker-18: Launching Executing install in E__sts_demo] INFO  o.eclipse.m2e.core.internal.Bundles - getClasspathEntries(Bundle=org.apache.commons.commons-codec_1.16.0 [79])
2025-04-30 21:41:45,423 [Worker-18: Launching Executing install in E__sts_demo] INFO  o.eclipse.m2e.core.internal.Bundles - 	Entry: E:\sts-4.29.0.RELEASE\plugins\org.apache.commons.commons-codec_1.16.0.jar
2025-04-30 21:41:45,424 [Worker-18: Launching Executing install in E__sts_demo] INFO  o.eclipse.m2e.core.internal.Bundles - getClasspathEntries(Bundle=com.google.guava.failureaccess_1.0.2 [30])
2025-04-30 21:41:45,424 [Worker-18: Launching Executing install in E__sts_demo] INFO  o.eclipse.m2e.core.internal.Bundles - 	Entry: E:\sts-4.29.0.RELEASE\plugins\com.google.guava.failureaccess_1.0.2.jar
2025-04-30 21:41:45,424 [Worker-18: Launching Executing install in E__sts_demo] INFO  o.e.m.i.launch.MavenLaunchDelegate - Run build in "E:\sts\demo":
2025-04-30 21:41:45,424 [Worker-18: Launching Executing install in E__sts_demo] INFO  o.e.m.i.launch.MavenLaunchDelegate -  mvn  -Ppom.xml -B -Dstyle.color=always install
2025-04-30 21:43:27,699 [Worker-19: Launching Executing generate-sources in E__sts_demo] INFO  o.eclipse.m2e.core.internal.Bundles - getClasspathEntries(Bundle=org.eclipse.m2e.maven.runtime_3.9.900.20250220-2013 [361])
2025-04-30 21:43:27,699 [Worker-19: Launching Executing generate-sources in E__sts_demo] INFO  o.eclipse.m2e.core.internal.Bundles - 	Entry: E:\sts-4.29.0.RELEASE\plugins\org.eclipse.m2e.maven.runtime_3.9.900.20250220-2013
2025-04-30 21:43:27,699 [Worker-19: Launching Executing generate-sources in E__sts_demo] INFO  o.eclipse.m2e.core.internal.Bundles - 	Entry: E:\sts-4.29.0.RELEASE\plugins\org.eclipse.m2e.maven.runtime_3.9.900.20250220-2013\jars\aopalliance-1.0.jar
2025-04-30 21:43:27,699 [Worker-19: Launching Executing generate-sources in E__sts_demo] INFO  o.eclipse.m2e.core.internal.Bundles - 	Entry: E:\sts-4.29.0.RELEASE\plugins\org.eclipse.m2e.maven.runtime_3.9.900.20250220-2013\jars\guice-5.1.0.jar
2025-04-30 21:43:27,699 [Worker-19: Launching Executing generate-sources in E__sts_demo] INFO  o.eclipse.m2e.core.internal.Bundles - 	Entry: E:\sts-4.29.0.RELEASE\plugins\org.eclipse.m2e.maven.runtime_3.9.900.20250220-2013\jars\httpclient-4.5.14.jar
2025-04-30 21:43:27,699 [Worker-19: Launching Executing generate-sources in E__sts_demo] INFO  o.eclipse.m2e.core.internal.Bundles - 	Entry: E:\sts-4.29.0.RELEASE\plugins\org.eclipse.m2e.maven.runtime_3.9.900.20250220-2013\jars\httpcore-4.4.16.jar
2025-04-30 21:43:27,699 [Worker-19: Launching Executing generate-sources in E__sts_demo] INFO  o.eclipse.m2e.core.internal.Bundles - 	Entry: E:\sts-4.29.0.RELEASE\plugins\org.eclipse.m2e.maven.runtime_3.9.900.20250220-2013\jars\jansi-2.4.1.jar
2025-04-30 21:43:27,699 [Worker-19: Launching Executing generate-sources in E__sts_demo] INFO  o.eclipse.m2e.core.internal.Bundles - 	Entry: E:\sts-4.29.0.RELEASE\plugins\org.eclipse.m2e.maven.runtime_3.9.900.20250220-2013\jars\jcl-over-slf4j-1.7.36.jar
2025-04-30 21:43:27,699 [Worker-19: Launching Executing generate-sources in E__sts_demo] INFO  o.eclipse.m2e.core.internal.Bundles - 	Entry: E:\sts-4.29.0.RELEASE\plugins\org.eclipse.m2e.maven.runtime_3.9.900.20250220-2013\jars\maven-artifact-3.9.9.jar
2025-04-30 21:43:27,699 [Worker-19: Launching Executing generate-sources in E__sts_demo] INFO  o.eclipse.m2e.core.internal.Bundles - 	Entry: E:\sts-4.29.0.RELEASE\plugins\org.eclipse.m2e.maven.runtime_3.9.900.20250220-2013\jars\maven-builder-support-3.9.9.jar
2025-04-30 21:43:27,699 [Worker-19: Launching Executing generate-sources in E__sts_demo] INFO  o.eclipse.m2e.core.internal.Bundles - 	Entry: E:\sts-4.29.0.RELEASE\plugins\org.eclipse.m2e.maven.runtime_3.9.900.20250220-2013\jars\maven-compat-3.9.9.jar
2025-04-30 21:43:27,699 [Worker-19: Launching Executing generate-sources in E__sts_demo] INFO  o.eclipse.m2e.core.internal.Bundles - 	Entry: E:\sts-4.29.0.RELEASE\plugins\org.eclipse.m2e.maven.runtime_3.9.900.20250220-2013\jars\maven-core-3.9.9.jar
2025-04-30 21:43:27,699 [Worker-19: Launching Executing generate-sources in E__sts_demo] INFO  o.eclipse.m2e.core.internal.Bundles - 	Entry: E:\sts-4.29.0.RELEASE\plugins\org.eclipse.m2e.maven.runtime_3.9.900.20250220-2013\jars\maven-embedder-3.9.9.jar
2025-04-30 21:43:27,699 [Worker-19: Launching Executing generate-sources in E__sts_demo] INFO  o.eclipse.m2e.core.internal.Bundles - 	Entry: E:\sts-4.29.0.RELEASE\plugins\org.eclipse.m2e.maven.runtime_3.9.900.20250220-2013\jars\maven-model-3.9.9.jar
2025-04-30 21:43:27,699 [Worker-19: Launching Executing generate-sources in E__sts_demo] INFO  o.eclipse.m2e.core.internal.Bundles - 	Entry: E:\sts-4.29.0.RELEASE\plugins\org.eclipse.m2e.maven.runtime_3.9.900.20250220-2013\jars\maven-model-builder-3.9.9.jar
2025-04-30 21:43:27,699 [Worker-19: Launching Executing generate-sources in E__sts_demo] INFO  o.eclipse.m2e.core.internal.Bundles - 	Entry: E:\sts-4.29.0.RELEASE\plugins\org.eclipse.m2e.maven.runtime_3.9.900.20250220-2013\jars\maven-plugin-api-3.9.9.jar
2025-04-30 21:43:27,699 [Worker-19: Launching Executing generate-sources in E__sts_demo] INFO  o.eclipse.m2e.core.internal.Bundles - 	Entry: E:\sts-4.29.0.RELEASE\plugins\org.eclipse.m2e.maven.runtime_3.9.900.20250220-2013\jars\maven-repository-metadata-3.9.9.jar
2025-04-30 21:43:27,699 [Worker-19: Launching Executing generate-sources in E__sts_demo] INFO  o.eclipse.m2e.core.internal.Bundles - 	Entry: E:\sts-4.29.0.RELEASE\plugins\org.eclipse.m2e.maven.runtime_3.9.900.20250220-2013\jars\maven-resolver-api-1.9.22.jar
2025-04-30 21:43:27,699 [Worker-19: Launching Executing generate-sources in E__sts_demo] INFO  o.eclipse.m2e.core.internal.Bundles - 	Entry: E:\sts-4.29.0.RELEASE\plugins\org.eclipse.m2e.maven.runtime_3.9.900.20250220-2013\jars\maven-resolver-connector-basic-1.9.22.jar
2025-04-30 21:43:27,699 [Worker-19: Launching Executing generate-sources in E__sts_demo] INFO  o.eclipse.m2e.core.internal.Bundles - 	Entry: E:\sts-4.29.0.RELEASE\plugins\org.eclipse.m2e.maven.runtime_3.9.900.20250220-2013\jars\maven-resolver-impl-1.9.22.jar
2025-04-30 21:43:27,699 [Worker-19: Launching Executing generate-sources in E__sts_demo] INFO  o.eclipse.m2e.core.internal.Bundles - 	Entry: E:\sts-4.29.0.RELEASE\plugins\org.eclipse.m2e.maven.runtime_3.9.900.20250220-2013\jars\maven-resolver-named-locks-1.9.22.jar
2025-04-30 21:43:27,699 [Worker-19: Launching Executing generate-sources in E__sts_demo] INFO  o.eclipse.m2e.core.internal.Bundles - 	Entry: E:\sts-4.29.0.RELEASE\plugins\org.eclipse.m2e.maven.runtime_3.9.900.20250220-2013\jars\maven-resolver-provider-3.9.9.jar
2025-04-30 21:43:27,699 [Worker-19: Launching Executing generate-sources in E__sts_demo] INFO  o.eclipse.m2e.core.internal.Bundles - 	Entry: E:\sts-4.29.0.RELEASE\plugins\org.eclipse.m2e.maven.runtime_3.9.900.20250220-2013\jars\maven-resolver-spi-1.9.22.jar
2025-04-30 21:43:27,699 [Worker-19: Launching Executing generate-sources in E__sts_demo] INFO  o.eclipse.m2e.core.internal.Bundles - 	Entry: E:\sts-4.29.0.RELEASE\plugins\org.eclipse.m2e.maven.runtime_3.9.900.20250220-2013\jars\maven-resolver-transport-file-1.9.22.jar
2025-04-30 21:43:27,700 [Worker-19: Launching Executing generate-sources in E__sts_demo] INFO  o.eclipse.m2e.core.internal.Bundles - 	Entry: E:\sts-4.29.0.RELEASE\plugins\org.eclipse.m2e.maven.runtime_3.9.900.20250220-2013\jars\maven-resolver-transport-http-1.9.22.jar
2025-04-30 21:43:27,700 [Worker-19: Launching Executing generate-sources in E__sts_demo] INFO  o.eclipse.m2e.core.internal.Bundles - 	Entry: E:\sts-4.29.0.RELEASE\plugins\org.eclipse.m2e.maven.runtime_3.9.900.20250220-2013\jars\maven-resolver-transport-wagon-1.9.22.jar
2025-04-30 21:43:27,700 [Worker-19: Launching Executing generate-sources in E__sts_demo] INFO  o.eclipse.m2e.core.internal.Bundles - 	Entry: E:\sts-4.29.0.RELEASE\plugins\org.eclipse.m2e.maven.runtime_3.9.900.20250220-2013\jars\maven-resolver-util-1.9.22.jar
2025-04-30 21:43:27,700 [Worker-19: Launching Executing generate-sources in E__sts_demo] INFO  o.eclipse.m2e.core.internal.Bundles - 	Entry: E:\sts-4.29.0.RELEASE\plugins\org.eclipse.m2e.maven.runtime_3.9.900.20250220-2013\jars\maven-settings-3.9.9.jar
2025-04-30 21:43:27,700 [Worker-19: Launching Executing generate-sources in E__sts_demo] INFO  o.eclipse.m2e.core.internal.Bundles - 	Entry: E:\sts-4.29.0.RELEASE\plugins\org.eclipse.m2e.maven.runtime_3.9.900.20250220-2013\jars\maven-settings-builder-3.9.9.jar
2025-04-30 21:43:27,700 [Worker-19: Launching Executing generate-sources in E__sts_demo] INFO  o.eclipse.m2e.core.internal.Bundles - 	Entry: E:\sts-4.29.0.RELEASE\plugins\org.eclipse.m2e.maven.runtime_3.9.900.20250220-2013\jars\maven-shared-utils-3.4.2.jar
2025-04-30 21:43:27,700 [Worker-19: Launching Executing generate-sources in E__sts_demo] INFO  o.eclipse.m2e.core.internal.Bundles - 	Entry: E:\sts-4.29.0.RELEASE\plugins\org.eclipse.m2e.maven.runtime_3.9.900.20250220-2013\jars\org.eclipse.sisu.inject-0.9.0.M3.jar
2025-04-30 21:43:27,700 [Worker-19: Launching Executing generate-sources in E__sts_demo] INFO  o.eclipse.m2e.core.internal.Bundles - 	Entry: E:\sts-4.29.0.RELEASE\plugins\org.eclipse.m2e.maven.runtime_3.9.900.20250220-2013\jars\org.eclipse.sisu.plexus-0.9.0.M3.jar
2025-04-30 21:43:27,700 [Worker-19: Launching Executing generate-sources in E__sts_demo] INFO  o.eclipse.m2e.core.internal.Bundles - 	Entry: E:\sts-4.29.0.RELEASE\plugins\org.eclipse.m2e.maven.runtime_3.9.900.20250220-2013\jars\plexus-build-api-0.0.7.jar
2025-04-30 21:43:27,700 [Worker-19: Launching Executing generate-sources in E__sts_demo] INFO  o.eclipse.m2e.core.internal.Bundles - 	Entry: E:\sts-4.29.0.RELEASE\plugins\org.eclipse.m2e.maven.runtime_3.9.900.20250220-2013\jars\plexus-build-api-1.2.0.jar
2025-04-30 21:43:27,700 [Worker-19: Launching Executing generate-sources in E__sts_demo] INFO  o.eclipse.m2e.core.internal.Bundles - 	Entry: E:\sts-4.29.0.RELEASE\plugins\org.eclipse.m2e.maven.runtime_3.9.900.20250220-2013\jars\plexus-cipher-2.0.jar
2025-04-30 21:43:27,700 [Worker-19: Launching Executing generate-sources in E__sts_demo] INFO  o.eclipse.m2e.core.internal.Bundles - 	Entry: E:\sts-4.29.0.RELEASE\plugins\org.eclipse.m2e.maven.runtime_3.9.900.20250220-2013\jars\plexus-classworlds-2.8.0.jar
2025-04-30 21:43:27,700 [Worker-19: Launching Executing generate-sources in E__sts_demo] INFO  o.eclipse.m2e.core.internal.Bundles - 	Entry: E:\sts-4.29.0.RELEASE\plugins\org.eclipse.m2e.maven.runtime_3.9.900.20250220-2013\jars\plexus-component-annotations-2.1.0.jar
2025-04-30 21:43:27,700 [Worker-19: Launching Executing generate-sources in E__sts_demo] INFO  o.eclipse.m2e.core.internal.Bundles - 	Entry: E:\sts-4.29.0.RELEASE\plugins\org.eclipse.m2e.maven.runtime_3.9.900.20250220-2013\jars\plexus-interpolation-1.27.jar
2025-04-30 21:43:27,700 [Worker-19: Launching Executing generate-sources in E__sts_demo] INFO  o.eclipse.m2e.core.internal.Bundles - 	Entry: E:\sts-4.29.0.RELEASE\plugins\org.eclipse.m2e.maven.runtime_3.9.900.20250220-2013\jars\plexus-sec-dispatcher-2.0.jar
2025-04-30 21:43:27,700 [Worker-19: Launching Executing generate-sources in E__sts_demo] INFO  o.eclipse.m2e.core.internal.Bundles - 	Entry: E:\sts-4.29.0.RELEASE\plugins\org.eclipse.m2e.maven.runtime_3.9.900.20250220-2013\jars\plexus-utils-3.5.1.jar
2025-04-30 21:43:27,700 [Worker-19: Launching Executing generate-sources in E__sts_demo] INFO  o.eclipse.m2e.core.internal.Bundles - 	Entry: E:\sts-4.29.0.RELEASE\plugins\org.eclipse.m2e.maven.runtime_3.9.900.20250220-2013\jars\plexus-xml-3.0.1.jar
2025-04-30 21:43:27,700 [Worker-19: Launching Executing generate-sources in E__sts_demo] INFO  o.eclipse.m2e.core.internal.Bundles - 	Entry: E:\sts-4.29.0.RELEASE\plugins\org.eclipse.m2e.maven.runtime_3.9.900.20250220-2013\jars\wagon-file-3.5.3.jar
2025-04-30 21:43:27,700 [Worker-19: Launching Executing generate-sources in E__sts_demo] INFO  o.eclipse.m2e.core.internal.Bundles - 	Entry: E:\sts-4.29.0.RELEASE\plugins\org.eclipse.m2e.maven.runtime_3.9.900.20250220-2013\jars\wagon-http-3.5.3.jar
2025-04-30 21:43:27,700 [Worker-19: Launching Executing generate-sources in E__sts_demo] INFO  o.eclipse.m2e.core.internal.Bundles - 	Entry: E:\sts-4.29.0.RELEASE\plugins\org.eclipse.m2e.maven.runtime_3.9.900.20250220-2013\jars\wagon-http-shared-3.5.3.jar
2025-04-30 21:43:27,700 [Worker-19: Launching Executing generate-sources in E__sts_demo] INFO  o.eclipse.m2e.core.internal.Bundles - 	Entry: E:\sts-4.29.0.RELEASE\plugins\org.eclipse.m2e.maven.runtime_3.9.900.20250220-2013\jars\wagon-provider-api-3.5.3.jar
2025-04-30 21:43:27,700 [Worker-19: Launching Executing generate-sources in E__sts_demo] INFO  o.eclipse.m2e.core.internal.Bundles - getClasspathEntries(Bundle=com.google.guava_33.4.0.jre [29])
2025-04-30 21:43:27,700 [Worker-19: Launching Executing generate-sources in E__sts_demo] INFO  o.eclipse.m2e.core.internal.Bundles - 	Entry: E:\sts-4.29.0.RELEASE\plugins\com.google.guava_33.4.0.jre.jar
2025-04-30 21:43:27,700 [Worker-19: Launching Executing generate-sources in E__sts_demo] INFO  o.eclipse.m2e.core.internal.Bundles - getClasspathEntries(Bundle=slf4j.api_2.0.17 [608])
2025-04-30 21:43:27,700 [Worker-19: Launching Executing generate-sources in E__sts_demo] INFO  o.eclipse.m2e.core.internal.Bundles - 	Entry: E:\sts-4.29.0.RELEASE\plugins\slf4j.api_2.0.17.jar
2025-04-30 21:43:27,700 [Worker-19: Launching Executing generate-sources in E__sts_demo] INFO  o.eclipse.m2e.core.internal.Bundles - getClasspathEntries(Bundle=jakarta.inject.jakarta.inject-api_1.0.5 [45])
2025-04-30 21:43:27,700 [Worker-19: Launching Executing generate-sources in E__sts_demo] INFO  o.eclipse.m2e.core.internal.Bundles - 	Entry: E:\sts-4.29.0.RELEASE\plugins\jakarta.inject.jakarta.inject-api_1.0.5.jar
2025-04-30 21:43:27,700 [Worker-19: Launching Executing generate-sources in E__sts_demo] INFO  o.eclipse.m2e.core.internal.Bundles - getClasspathEntries(Bundle=jakarta.annotation-api_1.3.5 [41])
2025-04-30 21:43:27,700 [Worker-19: Launching Executing generate-sources in E__sts_demo] INFO  o.eclipse.m2e.core.internal.Bundles - 	Entry: E:\sts-4.29.0.RELEASE\plugins\jakarta.annotation-api_1.3.5.jar
2025-04-30 21:43:27,700 [Worker-19: Launching Executing generate-sources in E__sts_demo] INFO  o.eclipse.m2e.core.internal.Bundles - getClasspathEntries(Bundle=org.apache.commons.cli_1.9.0 [77])
2025-04-30 21:43:27,700 [Worker-19: Launching Executing generate-sources in E__sts_demo] INFO  o.eclipse.m2e.core.internal.Bundles - 	Entry: E:\sts-4.29.0.RELEASE\plugins\org.apache.commons.cli_1.9.0.jar
2025-04-30 21:43:27,700 [Worker-19: Launching Executing generate-sources in E__sts_demo] INFO  o.eclipse.m2e.core.internal.Bundles - getClasspathEntries(Bundle=org.apache.commons.commons-codec_1.16.0 [79])
2025-04-30 21:43:27,701 [Worker-19: Launching Executing generate-sources in E__sts_demo] INFO  o.eclipse.m2e.core.internal.Bundles - 	Entry: E:\sts-4.29.0.RELEASE\plugins\org.apache.commons.commons-codec_1.16.0.jar
2025-04-30 21:43:27,701 [Worker-19: Launching Executing generate-sources in E__sts_demo] INFO  o.eclipse.m2e.core.internal.Bundles - getClasspathEntries(Bundle=com.google.guava.failureaccess_1.0.2 [30])
2025-04-30 21:43:27,701 [Worker-19: Launching Executing generate-sources in E__sts_demo] INFO  o.eclipse.m2e.core.internal.Bundles - 	Entry: E:\sts-4.29.0.RELEASE\plugins\com.google.guava.failureaccess_1.0.2.jar
2025-04-30 21:43:27,701 [Worker-19: Launching Executing generate-sources in E__sts_demo] INFO  o.e.m.i.launch.MavenLaunchDelegate - Run build in "E:\sts\demo":
2025-04-30 21:43:27,701 [Worker-19: Launching Executing generate-sources in E__sts_demo] INFO  o.e.m.i.launch.MavenLaunchDelegate -  mvn  -Ppom.xml -B -Dstyle.color=always generate-sources
2025-04-30 21:43:33,190 [Worker-19: Launching Executing install in E__sts_demo] INFO  o.eclipse.m2e.core.internal.Bundles - getClasspathEntries(Bundle=org.eclipse.m2e.maven.runtime_3.9.900.20250220-2013 [361])
2025-04-30 21:43:33,191 [Worker-19: Launching Executing install in E__sts_demo] INFO  o.eclipse.m2e.core.internal.Bundles - 	Entry: E:\sts-4.29.0.RELEASE\plugins\org.eclipse.m2e.maven.runtime_3.9.900.20250220-2013
2025-04-30 21:43:33,191 [Worker-19: Launching Executing install in E__sts_demo] INFO  o.eclipse.m2e.core.internal.Bundles - 	Entry: E:\sts-4.29.0.RELEASE\plugins\org.eclipse.m2e.maven.runtime_3.9.900.20250220-2013\jars\aopalliance-1.0.jar
2025-04-30 21:43:33,191 [Worker-19: Launching Executing install in E__sts_demo] INFO  o.eclipse.m2e.core.internal.Bundles - 	Entry: E:\sts-4.29.0.RELEASE\plugins\org.eclipse.m2e.maven.runtime_3.9.900.20250220-2013\jars\guice-5.1.0.jar
2025-04-30 21:43:33,191 [Worker-19: Launching Executing install in E__sts_demo] INFO  o.eclipse.m2e.core.internal.Bundles - 	Entry: E:\sts-4.29.0.RELEASE\plugins\org.eclipse.m2e.maven.runtime_3.9.900.20250220-2013\jars\httpclient-4.5.14.jar
2025-04-30 21:43:33,191 [Worker-19: Launching Executing install in E__sts_demo] INFO  o.eclipse.m2e.core.internal.Bundles - 	Entry: E:\sts-4.29.0.RELEASE\plugins\org.eclipse.m2e.maven.runtime_3.9.900.20250220-2013\jars\httpcore-4.4.16.jar
2025-04-30 21:43:33,191 [Worker-19: Launching Executing install in E__sts_demo] INFO  o.eclipse.m2e.core.internal.Bundles - 	Entry: E:\sts-4.29.0.RELEASE\plugins\org.eclipse.m2e.maven.runtime_3.9.900.20250220-2013\jars\jansi-2.4.1.jar
2025-04-30 21:43:33,191 [Worker-19: Launching Executing install in E__sts_demo] INFO  o.eclipse.m2e.core.internal.Bundles - 	Entry: E:\sts-4.29.0.RELEASE\plugins\org.eclipse.m2e.maven.runtime_3.9.900.20250220-2013\jars\jcl-over-slf4j-1.7.36.jar
2025-04-30 21:43:33,191 [Worker-19: Launching Executing install in E__sts_demo] INFO  o.eclipse.m2e.core.internal.Bundles - 	Entry: E:\sts-4.29.0.RELEASE\plugins\org.eclipse.m2e.maven.runtime_3.9.900.20250220-2013\jars\maven-artifact-3.9.9.jar
2025-04-30 21:43:33,191 [Worker-19: Launching Executing install in E__sts_demo] INFO  o.eclipse.m2e.core.internal.Bundles - 	Entry: E:\sts-4.29.0.RELEASE\plugins\org.eclipse.m2e.maven.runtime_3.9.900.20250220-2013\jars\maven-builder-support-3.9.9.jar
2025-04-30 21:43:33,191 [Worker-19: Launching Executing install in E__sts_demo] INFO  o.eclipse.m2e.core.internal.Bundles - 	Entry: E:\sts-4.29.0.RELEASE\plugins\org.eclipse.m2e.maven.runtime_3.9.900.20250220-2013\jars\maven-compat-3.9.9.jar
2025-04-30 21:43:33,191 [Worker-19: Launching Executing install in E__sts_demo] INFO  o.eclipse.m2e.core.internal.Bundles - 	Entry: E:\sts-4.29.0.RELEASE\plugins\org.eclipse.m2e.maven.runtime_3.9.900.20250220-2013\jars\maven-core-3.9.9.jar
2025-04-30 21:43:33,191 [Worker-19: Launching Executing install in E__sts_demo] INFO  o.eclipse.m2e.core.internal.Bundles - 	Entry: E:\sts-4.29.0.RELEASE\plugins\org.eclipse.m2e.maven.runtime_3.9.900.20250220-2013\jars\maven-embedder-3.9.9.jar
2025-04-30 21:43:33,191 [Worker-19: Launching Executing install in E__sts_demo] INFO  o.eclipse.m2e.core.internal.Bundles - 	Entry: E:\sts-4.29.0.RELEASE\plugins\org.eclipse.m2e.maven.runtime_3.9.900.20250220-2013\jars\maven-model-3.9.9.jar
2025-04-30 21:43:33,191 [Worker-19: Launching Executing install in E__sts_demo] INFO  o.eclipse.m2e.core.internal.Bundles - 	Entry: E:\sts-4.29.0.RELEASE\plugins\org.eclipse.m2e.maven.runtime_3.9.900.20250220-2013\jars\maven-model-builder-3.9.9.jar
2025-04-30 21:43:33,191 [Worker-19: Launching Executing install in E__sts_demo] INFO  o.eclipse.m2e.core.internal.Bundles - 	Entry: E:\sts-4.29.0.RELEASE\plugins\org.eclipse.m2e.maven.runtime_3.9.900.20250220-2013\jars\maven-plugin-api-3.9.9.jar
2025-04-30 21:43:33,192 [Worker-19: Launching Executing install in E__sts_demo] INFO  o.eclipse.m2e.core.internal.Bundles - 	Entry: E:\sts-4.29.0.RELEASE\plugins\org.eclipse.m2e.maven.runtime_3.9.900.20250220-2013\jars\maven-repository-metadata-3.9.9.jar
2025-04-30 21:43:33,192 [Worker-19: Launching Executing install in E__sts_demo] INFO  o.eclipse.m2e.core.internal.Bundles - 	Entry: E:\sts-4.29.0.RELEASE\plugins\org.eclipse.m2e.maven.runtime_3.9.900.20250220-2013\jars\maven-resolver-api-1.9.22.jar
2025-04-30 21:43:33,192 [Worker-19: Launching Executing install in E__sts_demo] INFO  o.eclipse.m2e.core.internal.Bundles - 	Entry: E:\sts-4.29.0.RELEASE\plugins\org.eclipse.m2e.maven.runtime_3.9.900.20250220-2013\jars\maven-resolver-connector-basic-1.9.22.jar
2025-04-30 21:43:33,192 [Worker-19: Launching Executing install in E__sts_demo] INFO  o.eclipse.m2e.core.internal.Bundles - 	Entry: E:\sts-4.29.0.RELEASE\plugins\org.eclipse.m2e.maven.runtime_3.9.900.20250220-2013\jars\maven-resolver-impl-1.9.22.jar
2025-04-30 21:43:33,192 [Worker-19: Launching Executing install in E__sts_demo] INFO  o.eclipse.m2e.core.internal.Bundles - 	Entry: E:\sts-4.29.0.RELEASE\plugins\org.eclipse.m2e.maven.runtime_3.9.900.20250220-2013\jars\maven-resolver-named-locks-1.9.22.jar
2025-04-30 21:43:33,192 [Worker-19: Launching Executing install in E__sts_demo] INFO  o.eclipse.m2e.core.internal.Bundles - 	Entry: E:\sts-4.29.0.RELEASE\plugins\org.eclipse.m2e.maven.runtime_3.9.900.20250220-2013\jars\maven-resolver-provider-3.9.9.jar
2025-04-30 21:43:33,192 [Worker-19: Launching Executing install in E__sts_demo] INFO  o.eclipse.m2e.core.internal.Bundles - 	Entry: E:\sts-4.29.0.RELEASE\plugins\org.eclipse.m2e.maven.runtime_3.9.900.20250220-2013\jars\maven-resolver-spi-1.9.22.jar
2025-04-30 21:43:33,192 [Worker-19: Launching Executing install in E__sts_demo] INFO  o.eclipse.m2e.core.internal.Bundles - 	Entry: E:\sts-4.29.0.RELEASE\plugins\org.eclipse.m2e.maven.runtime_3.9.900.20250220-2013\jars\maven-resolver-transport-file-1.9.22.jar
2025-04-30 21:43:33,192 [Worker-19: Launching Executing install in E__sts_demo] INFO  o.eclipse.m2e.core.internal.Bundles - 	Entry: E:\sts-4.29.0.RELEASE\plugins\org.eclipse.m2e.maven.runtime_3.9.900.20250220-2013\jars\maven-resolver-transport-http-1.9.22.jar
2025-04-30 21:43:33,192 [Worker-19: Launching Executing install in E__sts_demo] INFO  o.eclipse.m2e.core.internal.Bundles - 	Entry: E:\sts-4.29.0.RELEASE\plugins\org.eclipse.m2e.maven.runtime_3.9.900.20250220-2013\jars\maven-resolver-transport-wagon-1.9.22.jar
2025-04-30 21:43:33,192 [Worker-19: Launching Executing install in E__sts_demo] INFO  o.eclipse.m2e.core.internal.Bundles - 	Entry: E:\sts-4.29.0.RELEASE\plugins\org.eclipse.m2e.maven.runtime_3.9.900.20250220-2013\jars\maven-resolver-util-1.9.22.jar
2025-04-30 21:43:33,193 [Worker-19: Launching Executing install in E__sts_demo] INFO  o.eclipse.m2e.core.internal.Bundles - 	Entry: E:\sts-4.29.0.RELEASE\plugins\org.eclipse.m2e.maven.runtime_3.9.900.20250220-2013\jars\maven-settings-3.9.9.jar
2025-04-30 21:43:33,193 [Worker-19: Launching Executing install in E__sts_demo] INFO  o.eclipse.m2e.core.internal.Bundles - 	Entry: E:\sts-4.29.0.RELEASE\plugins\org.eclipse.m2e.maven.runtime_3.9.900.20250220-2013\jars\maven-settings-builder-3.9.9.jar
2025-04-30 21:43:33,193 [Worker-19: Launching Executing install in E__sts_demo] INFO  o.eclipse.m2e.core.internal.Bundles - 	Entry: E:\sts-4.29.0.RELEASE\plugins\org.eclipse.m2e.maven.runtime_3.9.900.20250220-2013\jars\maven-shared-utils-3.4.2.jar
2025-04-30 21:43:33,193 [Worker-19: Launching Executing install in E__sts_demo] INFO  o.eclipse.m2e.core.internal.Bundles - 	Entry: E:\sts-4.29.0.RELEASE\plugins\org.eclipse.m2e.maven.runtime_3.9.900.20250220-2013\jars\org.eclipse.sisu.inject-0.9.0.M3.jar
2025-04-30 21:43:33,193 [Worker-19: Launching Executing install in E__sts_demo] INFO  o.eclipse.m2e.core.internal.Bundles - 	Entry: E:\sts-4.29.0.RELEASE\plugins\org.eclipse.m2e.maven.runtime_3.9.900.20250220-2013\jars\org.eclipse.sisu.plexus-0.9.0.M3.jar
2025-04-30 21:43:33,193 [Worker-19: Launching Executing install in E__sts_demo] INFO  o.eclipse.m2e.core.internal.Bundles - 	Entry: E:\sts-4.29.0.RELEASE\plugins\org.eclipse.m2e.maven.runtime_3.9.900.20250220-2013\jars\plexus-build-api-0.0.7.jar
2025-04-30 21:43:33,193 [Worker-19: Launching Executing install in E__sts_demo] INFO  o.eclipse.m2e.core.internal.Bundles - 	Entry: E:\sts-4.29.0.RELEASE\plugins\org.eclipse.m2e.maven.runtime_3.9.900.20250220-2013\jars\plexus-build-api-1.2.0.jar
2025-04-30 21:43:33,193 [Worker-19: Launching Executing install in E__sts_demo] INFO  o.eclipse.m2e.core.internal.Bundles - 	Entry: E:\sts-4.29.0.RELEASE\plugins\org.eclipse.m2e.maven.runtime_3.9.900.20250220-2013\jars\plexus-cipher-2.0.jar
2025-04-30 21:43:33,193 [Worker-19: Launching Executing install in E__sts_demo] INFO  o.eclipse.m2e.core.internal.Bundles - 	Entry: E:\sts-4.29.0.RELEASE\plugins\org.eclipse.m2e.maven.runtime_3.9.900.20250220-2013\jars\plexus-classworlds-2.8.0.jar
2025-04-30 21:43:33,193 [Worker-19: Launching Executing install in E__sts_demo] INFO  o.eclipse.m2e.core.internal.Bundles - 	Entry: E:\sts-4.29.0.RELEASE\plugins\org.eclipse.m2e.maven.runtime_3.9.900.20250220-2013\jars\plexus-component-annotations-2.1.0.jar
2025-04-30 21:43:33,193 [Worker-19: Launching Executing install in E__sts_demo] INFO  o.eclipse.m2e.core.internal.Bundles - 	Entry: E:\sts-4.29.0.RELEASE\plugins\org.eclipse.m2e.maven.runtime_3.9.900.20250220-2013\jars\plexus-interpolation-1.27.jar
2025-04-30 21:43:33,193 [Worker-19: Launching Executing install in E__sts_demo] INFO  o.eclipse.m2e.core.internal.Bundles - 	Entry: E:\sts-4.29.0.RELEASE\plugins\org.eclipse.m2e.maven.runtime_3.9.900.20250220-2013\jars\plexus-sec-dispatcher-2.0.jar
2025-04-30 21:43:33,194 [Worker-19: Launching Executing install in E__sts_demo] INFO  o.eclipse.m2e.core.internal.Bundles - 	Entry: E:\sts-4.29.0.RELEASE\plugins\org.eclipse.m2e.maven.runtime_3.9.900.20250220-2013\jars\plexus-utils-3.5.1.jar
2025-04-30 21:43:33,194 [Worker-19: Launching Executing install in E__sts_demo] INFO  o.eclipse.m2e.core.internal.Bundles - 	Entry: E:\sts-4.29.0.RELEASE\plugins\org.eclipse.m2e.maven.runtime_3.9.900.20250220-2013\jars\plexus-xml-3.0.1.jar
2025-04-30 21:43:33,194 [Worker-19: Launching Executing install in E__sts_demo] INFO  o.eclipse.m2e.core.internal.Bundles - 	Entry: E:\sts-4.29.0.RELEASE\plugins\org.eclipse.m2e.maven.runtime_3.9.900.20250220-2013\jars\wagon-file-3.5.3.jar
2025-04-30 21:43:33,194 [Worker-19: Launching Executing install in E__sts_demo] INFO  o.eclipse.m2e.core.internal.Bundles - 	Entry: E:\sts-4.29.0.RELEASE\plugins\org.eclipse.m2e.maven.runtime_3.9.900.20250220-2013\jars\wagon-http-3.5.3.jar
2025-04-30 21:43:33,194 [Worker-19: Launching Executing install in E__sts_demo] INFO  o.eclipse.m2e.core.internal.Bundles - 	Entry: E:\sts-4.29.0.RELEASE\plugins\org.eclipse.m2e.maven.runtime_3.9.900.20250220-2013\jars\wagon-http-shared-3.5.3.jar
2025-04-30 21:43:33,194 [Worker-19: Launching Executing install in E__sts_demo] INFO  o.eclipse.m2e.core.internal.Bundles - 	Entry: E:\sts-4.29.0.RELEASE\plugins\org.eclipse.m2e.maven.runtime_3.9.900.20250220-2013\jars\wagon-provider-api-3.5.3.jar
2025-04-30 21:43:33,194 [Worker-19: Launching Executing install in E__sts_demo] INFO  o.eclipse.m2e.core.internal.Bundles - getClasspathEntries(Bundle=com.google.guava_33.4.0.jre [29])
2025-04-30 21:43:33,194 [Worker-19: Launching Executing install in E__sts_demo] INFO  o.eclipse.m2e.core.internal.Bundles - 	Entry: E:\sts-4.29.0.RELEASE\plugins\com.google.guava_33.4.0.jre.jar
2025-04-30 21:43:33,194 [Worker-19: Launching Executing install in E__sts_demo] INFO  o.eclipse.m2e.core.internal.Bundles - getClasspathEntries(Bundle=slf4j.api_2.0.17 [608])
2025-04-30 21:43:33,194 [Worker-19: Launching Executing install in E__sts_demo] INFO  o.eclipse.m2e.core.internal.Bundles - 	Entry: E:\sts-4.29.0.RELEASE\plugins\slf4j.api_2.0.17.jar
2025-04-30 21:43:33,194 [Worker-19: Launching Executing install in E__sts_demo] INFO  o.eclipse.m2e.core.internal.Bundles - getClasspathEntries(Bundle=jakarta.inject.jakarta.inject-api_1.0.5 [45])
2025-04-30 21:43:33,194 [Worker-19: Launching Executing install in E__sts_demo] INFO  o.eclipse.m2e.core.internal.Bundles - 	Entry: E:\sts-4.29.0.RELEASE\plugins\jakarta.inject.jakarta.inject-api_1.0.5.jar
2025-04-30 21:43:33,194 [Worker-19: Launching Executing install in E__sts_demo] INFO  o.eclipse.m2e.core.internal.Bundles - getClasspathEntries(Bundle=jakarta.annotation-api_1.3.5 [41])
2025-04-30 21:43:33,194 [Worker-19: Launching Executing install in E__sts_demo] INFO  o.eclipse.m2e.core.internal.Bundles - 	Entry: E:\sts-4.29.0.RELEASE\plugins\jakarta.annotation-api_1.3.5.jar
2025-04-30 21:43:33,194 [Worker-19: Launching Executing install in E__sts_demo] INFO  o.eclipse.m2e.core.internal.Bundles - getClasspathEntries(Bundle=org.apache.commons.cli_1.9.0 [77])
2025-04-30 21:43:33,195 [Worker-19: Launching Executing install in E__sts_demo] INFO  o.eclipse.m2e.core.internal.Bundles - 	Entry: E:\sts-4.29.0.RELEASE\plugins\org.apache.commons.cli_1.9.0.jar
2025-04-30 21:43:33,195 [Worker-19: Launching Executing install in E__sts_demo] INFO  o.eclipse.m2e.core.internal.Bundles - getClasspathEntries(Bundle=org.apache.commons.commons-codec_1.16.0 [79])
2025-04-30 21:43:33,195 [Worker-19: Launching Executing install in E__sts_demo] INFO  o.eclipse.m2e.core.internal.Bundles - 	Entry: E:\sts-4.29.0.RELEASE\plugins\org.apache.commons.commons-codec_1.16.0.jar
2025-04-30 21:43:33,195 [Worker-19: Launching Executing install in E__sts_demo] INFO  o.eclipse.m2e.core.internal.Bundles - getClasspathEntries(Bundle=com.google.guava.failureaccess_1.0.2 [30])
2025-04-30 21:43:33,195 [Worker-19: Launching Executing install in E__sts_demo] INFO  o.eclipse.m2e.core.internal.Bundles - 	Entry: E:\sts-4.29.0.RELEASE\plugins\com.google.guava.failureaccess_1.0.2.jar
2025-04-30 21:43:33,195 [Worker-19: Launching Executing install in E__sts_demo] INFO  o.e.m.i.launch.MavenLaunchDelegate - Run build in "E:\sts\demo":
2025-04-30 21:43:33,196 [Worker-19: Launching Executing install in E__sts_demo] INFO  o.e.m.i.launch.MavenLaunchDelegate -  mvn  -Ppom.xml -B -Dstyle.color=always install
2025-04-30 21:44:15,243 [Worker-21: Building] INFO  o.a.m.s.f.DefaultMavenResourcesFiltering - Copying 1 resource from src\main\resources to target\classes
2025-04-30 21:44:15,253 [Worker-21: Building] INFO  o.a.m.s.f.DefaultMavenResourcesFiltering - Copying 7 resources from src\main\resources to target\classes
2025-04-30 21:44:15,256 [Worker-21: Building] INFO  o.a.m.s.f.DefaultMavenResourcesFiltering - skip non existing resourceDirectory E:\sts\demo\src\test\resources
2025-04-30 21:44:36,108 [Worker-24: Building] INFO  o.a.m.s.f.DefaultMavenResourcesFiltering - Copying 0 resource from src\main\resources to target\classes
2025-04-30 21:44:36,109 [Worker-24: Building] INFO  o.a.m.s.f.DefaultMavenResourcesFiltering - Copying 0 resource from src\main\resources to target\classes
2025-04-30 21:44:36,111 [Worker-24: Building] INFO  o.a.m.s.f.DefaultMavenResourcesFiltering - skip non existing resourceDirectory E:\sts\demo\src\test\resources
2025-04-30 21:44:45,926 [Worker-19: Launching Executing clean in E__sts_demo] INFO  o.eclipse.m2e.core.internal.Bundles - getClasspathEntries(Bundle=org.eclipse.m2e.maven.runtime_3.9.900.20250220-2013 [361])
2025-04-30 21:44:45,927 [Worker-19: Launching Executing clean in E__sts_demo] INFO  o.eclipse.m2e.core.internal.Bundles - 	Entry: E:\sts-4.29.0.RELEASE\plugins\org.eclipse.m2e.maven.runtime_3.9.900.20250220-2013
2025-04-30 21:44:45,927 [Worker-19: Launching Executing clean in E__sts_demo] INFO  o.eclipse.m2e.core.internal.Bundles - 	Entry: E:\sts-4.29.0.RELEASE\plugins\org.eclipse.m2e.maven.runtime_3.9.900.20250220-2013\jars\aopalliance-1.0.jar
2025-04-30 21:44:45,927 [Worker-19: Launching Executing clean in E__sts_demo] INFO  o.eclipse.m2e.core.internal.Bundles - 	Entry: E:\sts-4.29.0.RELEASE\plugins\org.eclipse.m2e.maven.runtime_3.9.900.20250220-2013\jars\guice-5.1.0.jar
2025-04-30 21:44:45,927 [Worker-19: Launching Executing clean in E__sts_demo] INFO  o.eclipse.m2e.core.internal.Bundles - 	Entry: E:\sts-4.29.0.RELEASE\plugins\org.eclipse.m2e.maven.runtime_3.9.900.20250220-2013\jars\httpclient-4.5.14.jar
2025-04-30 21:44:45,927 [Worker-19: Launching Executing clean in E__sts_demo] INFO  o.eclipse.m2e.core.internal.Bundles - 	Entry: E:\sts-4.29.0.RELEASE\plugins\org.eclipse.m2e.maven.runtime_3.9.900.20250220-2013\jars\httpcore-4.4.16.jar
2025-04-30 21:44:45,927 [Worker-19: Launching Executing clean in E__sts_demo] INFO  o.eclipse.m2e.core.internal.Bundles - 	Entry: E:\sts-4.29.0.RELEASE\plugins\org.eclipse.m2e.maven.runtime_3.9.900.20250220-2013\jars\jansi-2.4.1.jar
2025-04-30 21:44:45,927 [Worker-19: Launching Executing clean in E__sts_demo] INFO  o.eclipse.m2e.core.internal.Bundles - 	Entry: E:\sts-4.29.0.RELEASE\plugins\org.eclipse.m2e.maven.runtime_3.9.900.20250220-2013\jars\jcl-over-slf4j-1.7.36.jar
2025-04-30 21:44:45,927 [Worker-19: Launching Executing clean in E__sts_demo] INFO  o.eclipse.m2e.core.internal.Bundles - 	Entry: E:\sts-4.29.0.RELEASE\plugins\org.eclipse.m2e.maven.runtime_3.9.900.20250220-2013\jars\maven-artifact-3.9.9.jar
2025-04-30 21:44:45,927 [Worker-19: Launching Executing clean in E__sts_demo] INFO  o.eclipse.m2e.core.internal.Bundles - 	Entry: E:\sts-4.29.0.RELEASE\plugins\org.eclipse.m2e.maven.runtime_3.9.900.20250220-2013\jars\maven-builder-support-3.9.9.jar
2025-04-30 21:44:45,927 [Worker-19: Launching Executing clean in E__sts_demo] INFO  o.eclipse.m2e.core.internal.Bundles - 	Entry: E:\sts-4.29.0.RELEASE\plugins\org.eclipse.m2e.maven.runtime_3.9.900.20250220-2013\jars\maven-compat-3.9.9.jar
2025-04-30 21:44:45,927 [Worker-19: Launching Executing clean in E__sts_demo] INFO  o.eclipse.m2e.core.internal.Bundles - 	Entry: E:\sts-4.29.0.RELEASE\plugins\org.eclipse.m2e.maven.runtime_3.9.900.20250220-2013\jars\maven-core-3.9.9.jar
2025-04-30 21:44:45,927 [Worker-19: Launching Executing clean in E__sts_demo] INFO  o.eclipse.m2e.core.internal.Bundles - 	Entry: E:\sts-4.29.0.RELEASE\plugins\org.eclipse.m2e.maven.runtime_3.9.900.20250220-2013\jars\maven-embedder-3.9.9.jar
2025-04-30 21:44:45,927 [Worker-19: Launching Executing clean in E__sts_demo] INFO  o.eclipse.m2e.core.internal.Bundles - 	Entry: E:\sts-4.29.0.RELEASE\plugins\org.eclipse.m2e.maven.runtime_3.9.900.20250220-2013\jars\maven-model-3.9.9.jar
2025-04-30 21:44:45,927 [Worker-19: Launching Executing clean in E__sts_demo] INFO  o.eclipse.m2e.core.internal.Bundles - 	Entry: E:\sts-4.29.0.RELEASE\plugins\org.eclipse.m2e.maven.runtime_3.9.900.20250220-2013\jars\maven-model-builder-3.9.9.jar
2025-04-30 21:44:45,927 [Worker-19: Launching Executing clean in E__sts_demo] INFO  o.eclipse.m2e.core.internal.Bundles - 	Entry: E:\sts-4.29.0.RELEASE\plugins\org.eclipse.m2e.maven.runtime_3.9.900.20250220-2013\jars\maven-plugin-api-3.9.9.jar
2025-04-30 21:44:45,927 [Worker-19: Launching Executing clean in E__sts_demo] INFO  o.eclipse.m2e.core.internal.Bundles - 	Entry: E:\sts-4.29.0.RELEASE\plugins\org.eclipse.m2e.maven.runtime_3.9.900.20250220-2013\jars\maven-repository-metadata-3.9.9.jar
2025-04-30 21:44:45,927 [Worker-19: Launching Executing clean in E__sts_demo] INFO  o.eclipse.m2e.core.internal.Bundles - 	Entry: E:\sts-4.29.0.RELEASE\plugins\org.eclipse.m2e.maven.runtime_3.9.900.20250220-2013\jars\maven-resolver-api-1.9.22.jar
2025-04-30 21:44:45,927 [Worker-19: Launching Executing clean in E__sts_demo] INFO  o.eclipse.m2e.core.internal.Bundles - 	Entry: E:\sts-4.29.0.RELEASE\plugins\org.eclipse.m2e.maven.runtime_3.9.900.20250220-2013\jars\maven-resolver-connector-basic-1.9.22.jar
2025-04-30 21:44:45,927 [Worker-19: Launching Executing clean in E__sts_demo] INFO  o.eclipse.m2e.core.internal.Bundles - 	Entry: E:\sts-4.29.0.RELEASE\plugins\org.eclipse.m2e.maven.runtime_3.9.900.20250220-2013\jars\maven-resolver-impl-1.9.22.jar
2025-04-30 21:44:45,927 [Worker-19: Launching Executing clean in E__sts_demo] INFO  o.eclipse.m2e.core.internal.Bundles - 	Entry: E:\sts-4.29.0.RELEASE\plugins\org.eclipse.m2e.maven.runtime_3.9.900.20250220-2013\jars\maven-resolver-named-locks-1.9.22.jar
2025-04-30 21:44:45,928 [Worker-19: Launching Executing clean in E__sts_demo] INFO  o.eclipse.m2e.core.internal.Bundles - 	Entry: E:\sts-4.29.0.RELEASE\plugins\org.eclipse.m2e.maven.runtime_3.9.900.20250220-2013\jars\maven-resolver-provider-3.9.9.jar
2025-04-30 21:44:45,928 [Worker-19: Launching Executing clean in E__sts_demo] INFO  o.eclipse.m2e.core.internal.Bundles - 	Entry: E:\sts-4.29.0.RELEASE\plugins\org.eclipse.m2e.maven.runtime_3.9.900.20250220-2013\jars\maven-resolver-spi-1.9.22.jar
2025-04-30 21:44:45,928 [Worker-19: Launching Executing clean in E__sts_demo] INFO  o.eclipse.m2e.core.internal.Bundles - 	Entry: E:\sts-4.29.0.RELEASE\plugins\org.eclipse.m2e.maven.runtime_3.9.900.20250220-2013\jars\maven-resolver-transport-file-1.9.22.jar
2025-04-30 21:44:45,928 [Worker-19: Launching Executing clean in E__sts_demo] INFO  o.eclipse.m2e.core.internal.Bundles - 	Entry: E:\sts-4.29.0.RELEASE\plugins\org.eclipse.m2e.maven.runtime_3.9.900.20250220-2013\jars\maven-resolver-transport-http-1.9.22.jar
2025-04-30 21:44:45,928 [Worker-19: Launching Executing clean in E__sts_demo] INFO  o.eclipse.m2e.core.internal.Bundles - 	Entry: E:\sts-4.29.0.RELEASE\plugins\org.eclipse.m2e.maven.runtime_3.9.900.20250220-2013\jars\maven-resolver-transport-wagon-1.9.22.jar
2025-04-30 21:44:45,928 [Worker-19: Launching Executing clean in E__sts_demo] INFO  o.eclipse.m2e.core.internal.Bundles - 	Entry: E:\sts-4.29.0.RELEASE\plugins\org.eclipse.m2e.maven.runtime_3.9.900.20250220-2013\jars\maven-resolver-util-1.9.22.jar
2025-04-30 21:44:45,928 [Worker-19: Launching Executing clean in E__sts_demo] INFO  o.eclipse.m2e.core.internal.Bundles - 	Entry: E:\sts-4.29.0.RELEASE\plugins\org.eclipse.m2e.maven.runtime_3.9.900.20250220-2013\jars\maven-settings-3.9.9.jar
2025-04-30 21:44:45,928 [Worker-19: Launching Executing clean in E__sts_demo] INFO  o.eclipse.m2e.core.internal.Bundles - 	Entry: E:\sts-4.29.0.RELEASE\plugins\org.eclipse.m2e.maven.runtime_3.9.900.20250220-2013\jars\maven-settings-builder-3.9.9.jar
2025-04-30 21:44:45,928 [Worker-19: Launching Executing clean in E__sts_demo] INFO  o.eclipse.m2e.core.internal.Bundles - 	Entry: E:\sts-4.29.0.RELEASE\plugins\org.eclipse.m2e.maven.runtime_3.9.900.20250220-2013\jars\maven-shared-utils-3.4.2.jar
2025-04-30 21:44:45,928 [Worker-19: Launching Executing clean in E__sts_demo] INFO  o.eclipse.m2e.core.internal.Bundles - 	Entry: E:\sts-4.29.0.RELEASE\plugins\org.eclipse.m2e.maven.runtime_3.9.900.20250220-2013\jars\org.eclipse.sisu.inject-0.9.0.M3.jar
2025-04-30 21:44:45,928 [Worker-19: Launching Executing clean in E__sts_demo] INFO  o.eclipse.m2e.core.internal.Bundles - 	Entry: E:\sts-4.29.0.RELEASE\plugins\org.eclipse.m2e.maven.runtime_3.9.900.20250220-2013\jars\org.eclipse.sisu.plexus-0.9.0.M3.jar
2025-04-30 21:44:45,928 [Worker-19: Launching Executing clean in E__sts_demo] INFO  o.eclipse.m2e.core.internal.Bundles - 	Entry: E:\sts-4.29.0.RELEASE\plugins\org.eclipse.m2e.maven.runtime_3.9.900.20250220-2013\jars\plexus-build-api-0.0.7.jar
2025-04-30 21:44:45,928 [Worker-19: Launching Executing clean in E__sts_demo] INFO  o.eclipse.m2e.core.internal.Bundles - 	Entry: E:\sts-4.29.0.RELEASE\plugins\org.eclipse.m2e.maven.runtime_3.9.900.20250220-2013\jars\plexus-build-api-1.2.0.jar
2025-04-30 21:44:45,928 [Worker-19: Launching Executing clean in E__sts_demo] INFO  o.eclipse.m2e.core.internal.Bundles - 	Entry: E:\sts-4.29.0.RELEASE\plugins\org.eclipse.m2e.maven.runtime_3.9.900.20250220-2013\jars\plexus-cipher-2.0.jar
2025-04-30 21:44:45,928 [Worker-19: Launching Executing clean in E__sts_demo] INFO  o.eclipse.m2e.core.internal.Bundles - 	Entry: E:\sts-4.29.0.RELEASE\plugins\org.eclipse.m2e.maven.runtime_3.9.900.20250220-2013\jars\plexus-classworlds-2.8.0.jar
2025-04-30 21:44:45,928 [Worker-19: Launching Executing clean in E__sts_demo] INFO  o.eclipse.m2e.core.internal.Bundles - 	Entry: E:\sts-4.29.0.RELEASE\plugins\org.eclipse.m2e.maven.runtime_3.9.900.20250220-2013\jars\plexus-component-annotations-2.1.0.jar
2025-04-30 21:44:45,928 [Worker-19: Launching Executing clean in E__sts_demo] INFO  o.eclipse.m2e.core.internal.Bundles - 	Entry: E:\sts-4.29.0.RELEASE\plugins\org.eclipse.m2e.maven.runtime_3.9.900.20250220-2013\jars\plexus-interpolation-1.27.jar
2025-04-30 21:44:45,928 [Worker-19: Launching Executing clean in E__sts_demo] INFO  o.eclipse.m2e.core.internal.Bundles - 	Entry: E:\sts-4.29.0.RELEASE\plugins\org.eclipse.m2e.maven.runtime_3.9.900.20250220-2013\jars\plexus-sec-dispatcher-2.0.jar
2025-04-30 21:44:45,928 [Worker-19: Launching Executing clean in E__sts_demo] INFO  o.eclipse.m2e.core.internal.Bundles - 	Entry: E:\sts-4.29.0.RELEASE\plugins\org.eclipse.m2e.maven.runtime_3.9.900.20250220-2013\jars\plexus-utils-3.5.1.jar
2025-04-30 21:44:45,928 [Worker-19: Launching Executing clean in E__sts_demo] INFO  o.eclipse.m2e.core.internal.Bundles - 	Entry: E:\sts-4.29.0.RELEASE\plugins\org.eclipse.m2e.maven.runtime_3.9.900.20250220-2013\jars\plexus-xml-3.0.1.jar
2025-04-30 21:44:45,928 [Worker-19: Launching Executing clean in E__sts_demo] INFO  o.eclipse.m2e.core.internal.Bundles - 	Entry: E:\sts-4.29.0.RELEASE\plugins\org.eclipse.m2e.maven.runtime_3.9.900.20250220-2013\jars\wagon-file-3.5.3.jar
2025-04-30 21:44:45,928 [Worker-19: Launching Executing clean in E__sts_demo] INFO  o.eclipse.m2e.core.internal.Bundles - 	Entry: E:\sts-4.29.0.RELEASE\plugins\org.eclipse.m2e.maven.runtime_3.9.900.20250220-2013\jars\wagon-http-3.5.3.jar
2025-04-30 21:44:45,928 [Worker-19: Launching Executing clean in E__sts_demo] INFO  o.eclipse.m2e.core.internal.Bundles - 	Entry: E:\sts-4.29.0.RELEASE\plugins\org.eclipse.m2e.maven.runtime_3.9.900.20250220-2013\jars\wagon-http-shared-3.5.3.jar
2025-04-30 21:44:45,928 [Worker-19: Launching Executing clean in E__sts_demo] INFO  o.eclipse.m2e.core.internal.Bundles - 	Entry: E:\sts-4.29.0.RELEASE\plugins\org.eclipse.m2e.maven.runtime_3.9.900.20250220-2013\jars\wagon-provider-api-3.5.3.jar
2025-04-30 21:44:45,928 [Worker-19: Launching Executing clean in E__sts_demo] INFO  o.eclipse.m2e.core.internal.Bundles - getClasspathEntries(Bundle=com.google.guava_33.4.0.jre [29])
2025-04-30 21:44:45,928 [Worker-19: Launching Executing clean in E__sts_demo] INFO  o.eclipse.m2e.core.internal.Bundles - 	Entry: E:\sts-4.29.0.RELEASE\plugins\com.google.guava_33.4.0.jre.jar
2025-04-30 21:44:45,928 [Worker-19: Launching Executing clean in E__sts_demo] INFO  o.eclipse.m2e.core.internal.Bundles - getClasspathEntries(Bundle=slf4j.api_2.0.17 [608])
2025-04-30 21:44:45,928 [Worker-19: Launching Executing clean in E__sts_demo] INFO  o.eclipse.m2e.core.internal.Bundles - 	Entry: E:\sts-4.29.0.RELEASE\plugins\slf4j.api_2.0.17.jar
2025-04-30 21:44:45,928 [Worker-19: Launching Executing clean in E__sts_demo] INFO  o.eclipse.m2e.core.internal.Bundles - getClasspathEntries(Bundle=jakarta.inject.jakarta.inject-api_1.0.5 [45])
2025-04-30 21:44:45,929 [Worker-19: Launching Executing clean in E__sts_demo] INFO  o.eclipse.m2e.core.internal.Bundles - 	Entry: E:\sts-4.29.0.RELEASE\plugins\jakarta.inject.jakarta.inject-api_1.0.5.jar
2025-04-30 21:44:45,929 [Worker-19: Launching Executing clean in E__sts_demo] INFO  o.eclipse.m2e.core.internal.Bundles - getClasspathEntries(Bundle=jakarta.annotation-api_1.3.5 [41])
2025-04-30 21:44:45,929 [Worker-19: Launching Executing clean in E__sts_demo] INFO  o.eclipse.m2e.core.internal.Bundles - 	Entry: E:\sts-4.29.0.RELEASE\plugins\jakarta.annotation-api_1.3.5.jar
2025-04-30 21:44:45,929 [Worker-19: Launching Executing clean in E__sts_demo] INFO  o.eclipse.m2e.core.internal.Bundles - getClasspathEntries(Bundle=org.apache.commons.cli_1.9.0 [77])
2025-04-30 21:44:45,929 [Worker-19: Launching Executing clean in E__sts_demo] INFO  o.eclipse.m2e.core.internal.Bundles - 	Entry: E:\sts-4.29.0.RELEASE\plugins\org.apache.commons.cli_1.9.0.jar
2025-04-30 21:44:45,929 [Worker-19: Launching Executing clean in E__sts_demo] INFO  o.eclipse.m2e.core.internal.Bundles - getClasspathEntries(Bundle=org.apache.commons.commons-codec_1.16.0 [79])
2025-04-30 21:44:45,929 [Worker-19: Launching Executing clean in E__sts_demo] INFO  o.eclipse.m2e.core.internal.Bundles - 	Entry: E:\sts-4.29.0.RELEASE\plugins\org.apache.commons.commons-codec_1.16.0.jar
2025-04-30 21:44:45,929 [Worker-19: Launching Executing clean in E__sts_demo] INFO  o.eclipse.m2e.core.internal.Bundles - getClasspathEntries(Bundle=com.google.guava.failureaccess_1.0.2 [30])
2025-04-30 21:44:45,929 [Worker-19: Launching Executing clean in E__sts_demo] INFO  o.eclipse.m2e.core.internal.Bundles - 	Entry: E:\sts-4.29.0.RELEASE\plugins\com.google.guava.failureaccess_1.0.2.jar
2025-04-30 21:44:45,930 [Worker-19: Launching Executing clean in E__sts_demo] INFO  o.e.m.i.launch.MavenLaunchDelegate - Run build in "E:\sts\demo":
2025-04-30 21:44:45,930 [Worker-19: Launching Executing clean in E__sts_demo] INFO  o.e.m.i.launch.MavenLaunchDelegate -  mvn  -Ppom.xml -B -Dstyle.color=always clean
2025-04-30 21:44:47,745 [Worker-23: Building] INFO  o.a.m.s.f.DefaultMavenResourcesFiltering - Copying 1 resource from src\main\resources to target\classes
2025-04-30 21:44:47,751 [Worker-23: Building] INFO  o.a.m.s.f.DefaultMavenResourcesFiltering - Copying 7 resources from src\main\resources to target\classes
2025-04-30 21:44:47,763 [Worker-23: Building] INFO  o.a.m.s.f.DefaultMavenResourcesFiltering - skip non existing resourceDirectory E:\sts\demo\src\test\resources
2025-04-30 21:44:54,758 [Worker-19: Launching Executing install in E__sts_demo] INFO  o.eclipse.m2e.core.internal.Bundles - getClasspathEntries(Bundle=org.eclipse.m2e.maven.runtime_3.9.900.20250220-2013 [361])
2025-04-30 21:44:54,758 [Worker-19: Launching Executing install in E__sts_demo] INFO  o.eclipse.m2e.core.internal.Bundles - 	Entry: E:\sts-4.29.0.RELEASE\plugins\org.eclipse.m2e.maven.runtime_3.9.900.20250220-2013
2025-04-30 21:44:54,758 [Worker-19: Launching Executing install in E__sts_demo] INFO  o.eclipse.m2e.core.internal.Bundles - 	Entry: E:\sts-4.29.0.RELEASE\plugins\org.eclipse.m2e.maven.runtime_3.9.900.20250220-2013\jars\aopalliance-1.0.jar
2025-04-30 21:44:54,758 [Worker-19: Launching Executing install in E__sts_demo] INFO  o.eclipse.m2e.core.internal.Bundles - 	Entry: E:\sts-4.29.0.RELEASE\plugins\org.eclipse.m2e.maven.runtime_3.9.900.20250220-2013\jars\guice-5.1.0.jar
2025-04-30 21:44:54,758 [Worker-19: Launching Executing install in E__sts_demo] INFO  o.eclipse.m2e.core.internal.Bundles - 	Entry: E:\sts-4.29.0.RELEASE\plugins\org.eclipse.m2e.maven.runtime_3.9.900.20250220-2013\jars\httpclient-4.5.14.jar
2025-04-30 21:44:54,758 [Worker-19: Launching Executing install in E__sts_demo] INFO  o.eclipse.m2e.core.internal.Bundles - 	Entry: E:\sts-4.29.0.RELEASE\plugins\org.eclipse.m2e.maven.runtime_3.9.900.20250220-2013\jars\httpcore-4.4.16.jar
2025-04-30 21:44:54,758 [Worker-19: Launching Executing install in E__sts_demo] INFO  o.eclipse.m2e.core.internal.Bundles - 	Entry: E:\sts-4.29.0.RELEASE\plugins\org.eclipse.m2e.maven.runtime_3.9.900.20250220-2013\jars\jansi-2.4.1.jar
2025-04-30 21:44:54,758 [Worker-19: Launching Executing install in E__sts_demo] INFO  o.eclipse.m2e.core.internal.Bundles - 	Entry: E:\sts-4.29.0.RELEASE\plugins\org.eclipse.m2e.maven.runtime_3.9.900.20250220-2013\jars\jcl-over-slf4j-1.7.36.jar
2025-04-30 21:44:54,758 [Worker-19: Launching Executing install in E__sts_demo] INFO  o.eclipse.m2e.core.internal.Bundles - 	Entry: E:\sts-4.29.0.RELEASE\plugins\org.eclipse.m2e.maven.runtime_3.9.900.20250220-2013\jars\maven-artifact-3.9.9.jar
2025-04-30 21:44:54,759 [Worker-19: Launching Executing install in E__sts_demo] INFO  o.eclipse.m2e.core.internal.Bundles - 	Entry: E:\sts-4.29.0.RELEASE\plugins\org.eclipse.m2e.maven.runtime_3.9.900.20250220-2013\jars\maven-builder-support-3.9.9.jar
2025-04-30 21:44:54,759 [Worker-19: Launching Executing install in E__sts_demo] INFO  o.eclipse.m2e.core.internal.Bundles - 	Entry: E:\sts-4.29.0.RELEASE\plugins\org.eclipse.m2e.maven.runtime_3.9.900.20250220-2013\jars\maven-compat-3.9.9.jar
2025-04-30 21:44:54,759 [Worker-19: Launching Executing install in E__sts_demo] INFO  o.eclipse.m2e.core.internal.Bundles - 	Entry: E:\sts-4.29.0.RELEASE\plugins\org.eclipse.m2e.maven.runtime_3.9.900.20250220-2013\jars\maven-core-3.9.9.jar
2025-04-30 21:44:54,759 [Worker-19: Launching Executing install in E__sts_demo] INFO  o.eclipse.m2e.core.internal.Bundles - 	Entry: E:\sts-4.29.0.RELEASE\plugins\org.eclipse.m2e.maven.runtime_3.9.900.20250220-2013\jars\maven-embedder-3.9.9.jar
2025-04-30 21:44:54,759 [Worker-19: Launching Executing install in E__sts_demo] INFO  o.eclipse.m2e.core.internal.Bundles - 	Entry: E:\sts-4.29.0.RELEASE\plugins\org.eclipse.m2e.maven.runtime_3.9.900.20250220-2013\jars\maven-model-3.9.9.jar
2025-04-30 21:44:54,759 [Worker-19: Launching Executing install in E__sts_demo] INFO  o.eclipse.m2e.core.internal.Bundles - 	Entry: E:\sts-4.29.0.RELEASE\plugins\org.eclipse.m2e.maven.runtime_3.9.900.20250220-2013\jars\maven-model-builder-3.9.9.jar
2025-04-30 21:44:54,759 [Worker-19: Launching Executing install in E__sts_demo] INFO  o.eclipse.m2e.core.internal.Bundles - 	Entry: E:\sts-4.29.0.RELEASE\plugins\org.eclipse.m2e.maven.runtime_3.9.900.20250220-2013\jars\maven-plugin-api-3.9.9.jar
2025-04-30 21:44:54,759 [Worker-19: Launching Executing install in E__sts_demo] INFO  o.eclipse.m2e.core.internal.Bundles - 	Entry: E:\sts-4.29.0.RELEASE\plugins\org.eclipse.m2e.maven.runtime_3.9.900.20250220-2013\jars\maven-repository-metadata-3.9.9.jar
2025-04-30 21:44:54,759 [Worker-19: Launching Executing install in E__sts_demo] INFO  o.eclipse.m2e.core.internal.Bundles - 	Entry: E:\sts-4.29.0.RELEASE\plugins\org.eclipse.m2e.maven.runtime_3.9.900.20250220-2013\jars\maven-resolver-api-1.9.22.jar
2025-04-30 21:44:54,759 [Worker-19: Launching Executing install in E__sts_demo] INFO  o.eclipse.m2e.core.internal.Bundles - 	Entry: E:\sts-4.29.0.RELEASE\plugins\org.eclipse.m2e.maven.runtime_3.9.900.20250220-2013\jars\maven-resolver-connector-basic-1.9.22.jar
2025-04-30 21:44:54,759 [Worker-19: Launching Executing install in E__sts_demo] INFO  o.eclipse.m2e.core.internal.Bundles - 	Entry: E:\sts-4.29.0.RELEASE\plugins\org.eclipse.m2e.maven.runtime_3.9.900.20250220-2013\jars\maven-resolver-impl-1.9.22.jar
2025-04-30 21:44:54,759 [Worker-19: Launching Executing install in E__sts_demo] INFO  o.eclipse.m2e.core.internal.Bundles - 	Entry: E:\sts-4.29.0.RELEASE\plugins\org.eclipse.m2e.maven.runtime_3.9.900.20250220-2013\jars\maven-resolver-named-locks-1.9.22.jar
2025-04-30 21:44:54,759 [Worker-19: Launching Executing install in E__sts_demo] INFO  o.eclipse.m2e.core.internal.Bundles - 	Entry: E:\sts-4.29.0.RELEASE\plugins\org.eclipse.m2e.maven.runtime_3.9.900.20250220-2013\jars\maven-resolver-provider-3.9.9.jar
2025-04-30 21:44:54,759 [Worker-19: Launching Executing install in E__sts_demo] INFO  o.eclipse.m2e.core.internal.Bundles - 	Entry: E:\sts-4.29.0.RELEASE\plugins\org.eclipse.m2e.maven.runtime_3.9.900.20250220-2013\jars\maven-resolver-spi-1.9.22.jar
2025-04-30 21:44:54,759 [Worker-19: Launching Executing install in E__sts_demo] INFO  o.eclipse.m2e.core.internal.Bundles - 	Entry: E:\sts-4.29.0.RELEASE\plugins\org.eclipse.m2e.maven.runtime_3.9.900.20250220-2013\jars\maven-resolver-transport-file-1.9.22.jar
2025-04-30 21:44:54,759 [Worker-19: Launching Executing install in E__sts_demo] INFO  o.eclipse.m2e.core.internal.Bundles - 	Entry: E:\sts-4.29.0.RELEASE\plugins\org.eclipse.m2e.maven.runtime_3.9.900.20250220-2013\jars\maven-resolver-transport-http-1.9.22.jar
2025-04-30 21:44:54,759 [Worker-19: Launching Executing install in E__sts_demo] INFO  o.eclipse.m2e.core.internal.Bundles - 	Entry: E:\sts-4.29.0.RELEASE\plugins\org.eclipse.m2e.maven.runtime_3.9.900.20250220-2013\jars\maven-resolver-transport-wagon-1.9.22.jar
2025-04-30 21:44:54,759 [Worker-19: Launching Executing install in E__sts_demo] INFO  o.eclipse.m2e.core.internal.Bundles - 	Entry: E:\sts-4.29.0.RELEASE\plugins\org.eclipse.m2e.maven.runtime_3.9.900.20250220-2013\jars\maven-resolver-util-1.9.22.jar
2025-04-30 21:44:54,759 [Worker-19: Launching Executing install in E__sts_demo] INFO  o.eclipse.m2e.core.internal.Bundles - 	Entry: E:\sts-4.29.0.RELEASE\plugins\org.eclipse.m2e.maven.runtime_3.9.900.20250220-2013\jars\maven-settings-3.9.9.jar
2025-04-30 21:44:54,759 [Worker-19: Launching Executing install in E__sts_demo] INFO  o.eclipse.m2e.core.internal.Bundles - 	Entry: E:\sts-4.29.0.RELEASE\plugins\org.eclipse.m2e.maven.runtime_3.9.900.20250220-2013\jars\maven-settings-builder-3.9.9.jar
2025-04-30 21:44:54,759 [Worker-19: Launching Executing install in E__sts_demo] INFO  o.eclipse.m2e.core.internal.Bundles - 	Entry: E:\sts-4.29.0.RELEASE\plugins\org.eclipse.m2e.maven.runtime_3.9.900.20250220-2013\jars\maven-shared-utils-3.4.2.jar
2025-04-30 21:44:54,759 [Worker-19: Launching Executing install in E__sts_demo] INFO  o.eclipse.m2e.core.internal.Bundles - 	Entry: E:\sts-4.29.0.RELEASE\plugins\org.eclipse.m2e.maven.runtime_3.9.900.20250220-2013\jars\org.eclipse.sisu.inject-0.9.0.M3.jar
2025-04-30 21:44:54,759 [Worker-19: Launching Executing install in E__sts_demo] INFO  o.eclipse.m2e.core.internal.Bundles - 	Entry: E:\sts-4.29.0.RELEASE\plugins\org.eclipse.m2e.maven.runtime_3.9.900.20250220-2013\jars\org.eclipse.sisu.plexus-0.9.0.M3.jar
2025-04-30 21:44:54,760 [Worker-19: Launching Executing install in E__sts_demo] INFO  o.eclipse.m2e.core.internal.Bundles - 	Entry: E:\sts-4.29.0.RELEASE\plugins\org.eclipse.m2e.maven.runtime_3.9.900.20250220-2013\jars\plexus-build-api-0.0.7.jar
2025-04-30 21:44:54,760 [Worker-19: Launching Executing install in E__sts_demo] INFO  o.eclipse.m2e.core.internal.Bundles - 	Entry: E:\sts-4.29.0.RELEASE\plugins\org.eclipse.m2e.maven.runtime_3.9.900.20250220-2013\jars\plexus-build-api-1.2.0.jar
2025-04-30 21:44:54,760 [Worker-19: Launching Executing install in E__sts_demo] INFO  o.eclipse.m2e.core.internal.Bundles - 	Entry: E:\sts-4.29.0.RELEASE\plugins\org.eclipse.m2e.maven.runtime_3.9.900.20250220-2013\jars\plexus-cipher-2.0.jar
2025-04-30 21:44:54,760 [Worker-19: Launching Executing install in E__sts_demo] INFO  o.eclipse.m2e.core.internal.Bundles - 	Entry: E:\sts-4.29.0.RELEASE\plugins\org.eclipse.m2e.maven.runtime_3.9.900.20250220-2013\jars\plexus-classworlds-2.8.0.jar
2025-04-30 21:44:54,760 [Worker-19: Launching Executing install in E__sts_demo] INFO  o.eclipse.m2e.core.internal.Bundles - 	Entry: E:\sts-4.29.0.RELEASE\plugins\org.eclipse.m2e.maven.runtime_3.9.900.20250220-2013\jars\plexus-component-annotations-2.1.0.jar
2025-04-30 21:44:54,760 [Worker-19: Launching Executing install in E__sts_demo] INFO  o.eclipse.m2e.core.internal.Bundles - 	Entry: E:\sts-4.29.0.RELEASE\plugins\org.eclipse.m2e.maven.runtime_3.9.900.20250220-2013\jars\plexus-interpolation-1.27.jar
2025-04-30 21:44:54,760 [Worker-19: Launching Executing install in E__sts_demo] INFO  o.eclipse.m2e.core.internal.Bundles - 	Entry: E:\sts-4.29.0.RELEASE\plugins\org.eclipse.m2e.maven.runtime_3.9.900.20250220-2013\jars\plexus-sec-dispatcher-2.0.jar
2025-04-30 21:44:54,760 [Worker-19: Launching Executing install in E__sts_demo] INFO  o.eclipse.m2e.core.internal.Bundles - 	Entry: E:\sts-4.29.0.RELEASE\plugins\org.eclipse.m2e.maven.runtime_3.9.900.20250220-2013\jars\plexus-utils-3.5.1.jar
2025-04-30 21:44:54,760 [Worker-19: Launching Executing install in E__sts_demo] INFO  o.eclipse.m2e.core.internal.Bundles - 	Entry: E:\sts-4.29.0.RELEASE\plugins\org.eclipse.m2e.maven.runtime_3.9.900.20250220-2013\jars\plexus-xml-3.0.1.jar
2025-04-30 21:44:54,760 [Worker-19: Launching Executing install in E__sts_demo] INFO  o.eclipse.m2e.core.internal.Bundles - 	Entry: E:\sts-4.29.0.RELEASE\plugins\org.eclipse.m2e.maven.runtime_3.9.900.20250220-2013\jars\wagon-file-3.5.3.jar
2025-04-30 21:44:54,760 [Worker-19: Launching Executing install in E__sts_demo] INFO  o.eclipse.m2e.core.internal.Bundles - 	Entry: E:\sts-4.29.0.RELEASE\plugins\org.eclipse.m2e.maven.runtime_3.9.900.20250220-2013\jars\wagon-http-3.5.3.jar
2025-04-30 21:44:54,760 [Worker-19: Launching Executing install in E__sts_demo] INFO  o.eclipse.m2e.core.internal.Bundles - 	Entry: E:\sts-4.29.0.RELEASE\plugins\org.eclipse.m2e.maven.runtime_3.9.900.20250220-2013\jars\wagon-http-shared-3.5.3.jar
2025-04-30 21:44:54,760 [Worker-19: Launching Executing install in E__sts_demo] INFO  o.eclipse.m2e.core.internal.Bundles - 	Entry: E:\sts-4.29.0.RELEASE\plugins\org.eclipse.m2e.maven.runtime_3.9.900.20250220-2013\jars\wagon-provider-api-3.5.3.jar
2025-04-30 21:44:54,760 [Worker-19: Launching Executing install in E__sts_demo] INFO  o.eclipse.m2e.core.internal.Bundles - getClasspathEntries(Bundle=com.google.guava_33.4.0.jre [29])
2025-04-30 21:44:54,760 [Worker-19: Launching Executing install in E__sts_demo] INFO  o.eclipse.m2e.core.internal.Bundles - 	Entry: E:\sts-4.29.0.RELEASE\plugins\com.google.guava_33.4.0.jre.jar
2025-04-30 21:44:54,760 [Worker-19: Launching Executing install in E__sts_demo] INFO  o.eclipse.m2e.core.internal.Bundles - getClasspathEntries(Bundle=slf4j.api_2.0.17 [608])
2025-04-30 21:44:54,760 [Worker-19: Launching Executing install in E__sts_demo] INFO  o.eclipse.m2e.core.internal.Bundles - 	Entry: E:\sts-4.29.0.RELEASE\plugins\slf4j.api_2.0.17.jar
2025-04-30 21:44:54,760 [Worker-19: Launching Executing install in E__sts_demo] INFO  o.eclipse.m2e.core.internal.Bundles - getClasspathEntries(Bundle=jakarta.inject.jakarta.inject-api_1.0.5 [45])
2025-04-30 21:44:54,760 [Worker-19: Launching Executing install in E__sts_demo] INFO  o.eclipse.m2e.core.internal.Bundles - 	Entry: E:\sts-4.29.0.RELEASE\plugins\jakarta.inject.jakarta.inject-api_1.0.5.jar
2025-04-30 21:44:54,760 [Worker-19: Launching Executing install in E__sts_demo] INFO  o.eclipse.m2e.core.internal.Bundles - getClasspathEntries(Bundle=jakarta.annotation-api_1.3.5 [41])
2025-04-30 21:44:54,760 [Worker-19: Launching Executing install in E__sts_demo] INFO  o.eclipse.m2e.core.internal.Bundles - 	Entry: E:\sts-4.29.0.RELEASE\plugins\jakarta.annotation-api_1.3.5.jar
2025-04-30 21:44:54,760 [Worker-19: Launching Executing install in E__sts_demo] INFO  o.eclipse.m2e.core.internal.Bundles - getClasspathEntries(Bundle=org.apache.commons.cli_1.9.0 [77])
2025-04-30 21:44:54,760 [Worker-19: Launching Executing install in E__sts_demo] INFO  o.eclipse.m2e.core.internal.Bundles - 	Entry: E:\sts-4.29.0.RELEASE\plugins\org.apache.commons.cli_1.9.0.jar
2025-04-30 21:44:54,760 [Worker-19: Launching Executing install in E__sts_demo] INFO  o.eclipse.m2e.core.internal.Bundles - getClasspathEntries(Bundle=org.apache.commons.commons-codec_1.16.0 [79])
2025-04-30 21:44:54,760 [Worker-19: Launching Executing install in E__sts_demo] INFO  o.eclipse.m2e.core.internal.Bundles - 	Entry: E:\sts-4.29.0.RELEASE\plugins\org.apache.commons.commons-codec_1.16.0.jar
2025-04-30 21:44:54,760 [Worker-19: Launching Executing install in E__sts_demo] INFO  o.eclipse.m2e.core.internal.Bundles - getClasspathEntries(Bundle=com.google.guava.failureaccess_1.0.2 [30])
2025-04-30 21:44:54,760 [Worker-19: Launching Executing install in E__sts_demo] INFO  o.eclipse.m2e.core.internal.Bundles - 	Entry: E:\sts-4.29.0.RELEASE\plugins\com.google.guava.failureaccess_1.0.2.jar
2025-04-30 21:44:54,761 [Worker-19: Launching Executing install in E__sts_demo] INFO  o.e.m.i.launch.MavenLaunchDelegate - Run build in "E:\sts\demo":
2025-04-30 21:44:54,761 [Worker-19: Launching Executing install in E__sts_demo] INFO  o.e.m.i.launch.MavenLaunchDelegate -  mvn  -Ppom.xml -B -Dstyle.color=always install
2025-04-30 21:45:10,746 [Worker-23: Building] INFO  o.a.m.s.f.DefaultMavenResourcesFiltering - Copying 1 resource from src\main\resources to target\classes
2025-04-30 21:45:10,747 [Worker-23: Building] INFO  o.a.m.s.f.DefaultMavenResourcesFiltering - Copying 7 resources from src\main\resources to target\classes
2025-04-30 21:45:10,759 [Worker-23: Building] INFO  o.a.m.s.f.DefaultMavenResourcesFiltering - skip non existing resourceDirectory E:\sts\demo\src\test\resources
2025-04-30 21:46:29,114 [Worker-21: Building] INFO  o.a.m.s.f.DefaultMavenResourcesFiltering - Copying 1 resource from src\main\resources to target\classes
2025-04-30 21:46:29,116 [Worker-21: Building] INFO  o.a.m.s.f.DefaultMavenResourcesFiltering - Copying 7 resources from src\main\resources to target\classes
2025-04-30 21:46:29,140 [Worker-21: Building] INFO  o.a.m.s.f.DefaultMavenResourcesFiltering - skip non existing resourceDirectory E:\sts\demo\src\test\resources
2025-04-30 21:46:39,645 [Worker-20: Launching Executing clean in E__sts_demo] INFO  o.eclipse.m2e.core.internal.Bundles - getClasspathEntries(Bundle=org.eclipse.m2e.maven.runtime_3.9.900.20250220-2013 [361])
2025-04-30 21:46:39,645 [Worker-20: Launching Executing clean in E__sts_demo] INFO  o.eclipse.m2e.core.internal.Bundles - 	Entry: E:\sts-4.29.0.RELEASE\plugins\org.eclipse.m2e.maven.runtime_3.9.900.20250220-2013
2025-04-30 21:46:39,646 [Worker-20: Launching Executing clean in E__sts_demo] INFO  o.eclipse.m2e.core.internal.Bundles - 	Entry: E:\sts-4.29.0.RELEASE\plugins\org.eclipse.m2e.maven.runtime_3.9.900.20250220-2013\jars\aopalliance-1.0.jar
2025-04-30 21:46:39,646 [Worker-20: Launching Executing clean in E__sts_demo] INFO  o.eclipse.m2e.core.internal.Bundles - 	Entry: E:\sts-4.29.0.RELEASE\plugins\org.eclipse.m2e.maven.runtime_3.9.900.20250220-2013\jars\guice-5.1.0.jar
2025-04-30 21:46:39,646 [Worker-20: Launching Executing clean in E__sts_demo] INFO  o.eclipse.m2e.core.internal.Bundles - 	Entry: E:\sts-4.29.0.RELEASE\plugins\org.eclipse.m2e.maven.runtime_3.9.900.20250220-2013\jars\httpclient-4.5.14.jar
2025-04-30 21:46:39,646 [Worker-20: Launching Executing clean in E__sts_demo] INFO  o.eclipse.m2e.core.internal.Bundles - 	Entry: E:\sts-4.29.0.RELEASE\plugins\org.eclipse.m2e.maven.runtime_3.9.900.20250220-2013\jars\httpcore-4.4.16.jar
2025-04-30 21:46:39,646 [Worker-20: Launching Executing clean in E__sts_demo] INFO  o.eclipse.m2e.core.internal.Bundles - 	Entry: E:\sts-4.29.0.RELEASE\plugins\org.eclipse.m2e.maven.runtime_3.9.900.20250220-2013\jars\jansi-2.4.1.jar
2025-04-30 21:46:39,646 [Worker-20: Launching Executing clean in E__sts_demo] INFO  o.eclipse.m2e.core.internal.Bundles - 	Entry: E:\sts-4.29.0.RELEASE\plugins\org.eclipse.m2e.maven.runtime_3.9.900.20250220-2013\jars\jcl-over-slf4j-1.7.36.jar
2025-04-30 21:46:39,646 [Worker-20: Launching Executing clean in E__sts_demo] INFO  o.eclipse.m2e.core.internal.Bundles - 	Entry: E:\sts-4.29.0.RELEASE\plugins\org.eclipse.m2e.maven.runtime_3.9.900.20250220-2013\jars\maven-artifact-3.9.9.jar
2025-04-30 21:46:39,646 [Worker-20: Launching Executing clean in E__sts_demo] INFO  o.eclipse.m2e.core.internal.Bundles - 	Entry: E:\sts-4.29.0.RELEASE\plugins\org.eclipse.m2e.maven.runtime_3.9.900.20250220-2013\jars\maven-builder-support-3.9.9.jar
2025-04-30 21:46:39,646 [Worker-20: Launching Executing clean in E__sts_demo] INFO  o.eclipse.m2e.core.internal.Bundles - 	Entry: E:\sts-4.29.0.RELEASE\plugins\org.eclipse.m2e.maven.runtime_3.9.900.20250220-2013\jars\maven-compat-3.9.9.jar
2025-04-30 21:46:39,646 [Worker-20: Launching Executing clean in E__sts_demo] INFO  o.eclipse.m2e.core.internal.Bundles - 	Entry: E:\sts-4.29.0.RELEASE\plugins\org.eclipse.m2e.maven.runtime_3.9.900.20250220-2013\jars\maven-core-3.9.9.jar
2025-04-30 21:46:39,646 [Worker-20: Launching Executing clean in E__sts_demo] INFO  o.eclipse.m2e.core.internal.Bundles - 	Entry: E:\sts-4.29.0.RELEASE\plugins\org.eclipse.m2e.maven.runtime_3.9.900.20250220-2013\jars\maven-embedder-3.9.9.jar
2025-04-30 21:46:39,646 [Worker-20: Launching Executing clean in E__sts_demo] INFO  o.eclipse.m2e.core.internal.Bundles - 	Entry: E:\sts-4.29.0.RELEASE\plugins\org.eclipse.m2e.maven.runtime_3.9.900.20250220-2013\jars\maven-model-3.9.9.jar
2025-04-30 21:46:39,646 [Worker-20: Launching Executing clean in E__sts_demo] INFO  o.eclipse.m2e.core.internal.Bundles - 	Entry: E:\sts-4.29.0.RELEASE\plugins\org.eclipse.m2e.maven.runtime_3.9.900.20250220-2013\jars\maven-model-builder-3.9.9.jar
2025-04-30 21:46:39,646 [Worker-20: Launching Executing clean in E__sts_demo] INFO  o.eclipse.m2e.core.internal.Bundles - 	Entry: E:\sts-4.29.0.RELEASE\plugins\org.eclipse.m2e.maven.runtime_3.9.900.20250220-2013\jars\maven-plugin-api-3.9.9.jar
2025-04-30 21:46:39,646 [Worker-20: Launching Executing clean in E__sts_demo] INFO  o.eclipse.m2e.core.internal.Bundles - 	Entry: E:\sts-4.29.0.RELEASE\plugins\org.eclipse.m2e.maven.runtime_3.9.900.20250220-2013\jars\maven-repository-metadata-3.9.9.jar
2025-04-30 21:46:39,646 [Worker-20: Launching Executing clean in E__sts_demo] INFO  o.eclipse.m2e.core.internal.Bundles - 	Entry: E:\sts-4.29.0.RELEASE\plugins\org.eclipse.m2e.maven.runtime_3.9.900.20250220-2013\jars\maven-resolver-api-1.9.22.jar
2025-04-30 21:46:39,646 [Worker-20: Launching Executing clean in E__sts_demo] INFO  o.eclipse.m2e.core.internal.Bundles - 	Entry: E:\sts-4.29.0.RELEASE\plugins\org.eclipse.m2e.maven.runtime_3.9.900.20250220-2013\jars\maven-resolver-connector-basic-1.9.22.jar
2025-04-30 21:46:39,646 [Worker-20: Launching Executing clean in E__sts_demo] INFO  o.eclipse.m2e.core.internal.Bundles - 	Entry: E:\sts-4.29.0.RELEASE\plugins\org.eclipse.m2e.maven.runtime_3.9.900.20250220-2013\jars\maven-resolver-impl-1.9.22.jar
2025-04-30 21:46:39,646 [Worker-20: Launching Executing clean in E__sts_demo] INFO  o.eclipse.m2e.core.internal.Bundles - 	Entry: E:\sts-4.29.0.RELEASE\plugins\org.eclipse.m2e.maven.runtime_3.9.900.20250220-2013\jars\maven-resolver-named-locks-1.9.22.jar
2025-04-30 21:46:39,646 [Worker-20: Launching Executing clean in E__sts_demo] INFO  o.eclipse.m2e.core.internal.Bundles - 	Entry: E:\sts-4.29.0.RELEASE\plugins\org.eclipse.m2e.maven.runtime_3.9.900.20250220-2013\jars\maven-resolver-provider-3.9.9.jar
2025-04-30 21:46:39,646 [Worker-20: Launching Executing clean in E__sts_demo] INFO  o.eclipse.m2e.core.internal.Bundles - 	Entry: E:\sts-4.29.0.RELEASE\plugins\org.eclipse.m2e.maven.runtime_3.9.900.20250220-2013\jars\maven-resolver-spi-1.9.22.jar
2025-04-30 21:46:39,646 [Worker-20: Launching Executing clean in E__sts_demo] INFO  o.eclipse.m2e.core.internal.Bundles - 	Entry: E:\sts-4.29.0.RELEASE\plugins\org.eclipse.m2e.maven.runtime_3.9.900.20250220-2013\jars\maven-resolver-transport-file-1.9.22.jar
2025-04-30 21:46:39,646 [Worker-20: Launching Executing clean in E__sts_demo] INFO  o.eclipse.m2e.core.internal.Bundles - 	Entry: E:\sts-4.29.0.RELEASE\plugins\org.eclipse.m2e.maven.runtime_3.9.900.20250220-2013\jars\maven-resolver-transport-http-1.9.22.jar
2025-04-30 21:46:39,646 [Worker-20: Launching Executing clean in E__sts_demo] INFO  o.eclipse.m2e.core.internal.Bundles - 	Entry: E:\sts-4.29.0.RELEASE\plugins\org.eclipse.m2e.maven.runtime_3.9.900.20250220-2013\jars\maven-resolver-transport-wagon-1.9.22.jar
2025-04-30 21:46:39,646 [Worker-20: Launching Executing clean in E__sts_demo] INFO  o.eclipse.m2e.core.internal.Bundles - 	Entry: E:\sts-4.29.0.RELEASE\plugins\org.eclipse.m2e.maven.runtime_3.9.900.20250220-2013\jars\maven-resolver-util-1.9.22.jar
2025-04-30 21:46:39,646 [Worker-20: Launching Executing clean in E__sts_demo] INFO  o.eclipse.m2e.core.internal.Bundles - 	Entry: E:\sts-4.29.0.RELEASE\plugins\org.eclipse.m2e.maven.runtime_3.9.900.20250220-2013\jars\maven-settings-3.9.9.jar
2025-04-30 21:46:39,646 [Worker-20: Launching Executing clean in E__sts_demo] INFO  o.eclipse.m2e.core.internal.Bundles - 	Entry: E:\sts-4.29.0.RELEASE\plugins\org.eclipse.m2e.maven.runtime_3.9.900.20250220-2013\jars\maven-settings-builder-3.9.9.jar
2025-04-30 21:46:39,646 [Worker-20: Launching Executing clean in E__sts_demo] INFO  o.eclipse.m2e.core.internal.Bundles - 	Entry: E:\sts-4.29.0.RELEASE\plugins\org.eclipse.m2e.maven.runtime_3.9.900.20250220-2013\jars\maven-shared-utils-3.4.2.jar
2025-04-30 21:46:39,646 [Worker-20: Launching Executing clean in E__sts_demo] INFO  o.eclipse.m2e.core.internal.Bundles - 	Entry: E:\sts-4.29.0.RELEASE\plugins\org.eclipse.m2e.maven.runtime_3.9.900.20250220-2013\jars\org.eclipse.sisu.inject-0.9.0.M3.jar
2025-04-30 21:46:39,646 [Worker-20: Launching Executing clean in E__sts_demo] INFO  o.eclipse.m2e.core.internal.Bundles - 	Entry: E:\sts-4.29.0.RELEASE\plugins\org.eclipse.m2e.maven.runtime_3.9.900.20250220-2013\jars\org.eclipse.sisu.plexus-0.9.0.M3.jar
2025-04-30 21:46:39,646 [Worker-20: Launching Executing clean in E__sts_demo] INFO  o.eclipse.m2e.core.internal.Bundles - 	Entry: E:\sts-4.29.0.RELEASE\plugins\org.eclipse.m2e.maven.runtime_3.9.900.20250220-2013\jars\plexus-build-api-0.0.7.jar
2025-04-30 21:46:39,646 [Worker-20: Launching Executing clean in E__sts_demo] INFO  o.eclipse.m2e.core.internal.Bundles - 	Entry: E:\sts-4.29.0.RELEASE\plugins\org.eclipse.m2e.maven.runtime_3.9.900.20250220-2013\jars\plexus-build-api-1.2.0.jar
2025-04-30 21:46:39,646 [Worker-20: Launching Executing clean in E__sts_demo] INFO  o.eclipse.m2e.core.internal.Bundles - 	Entry: E:\sts-4.29.0.RELEASE\plugins\org.eclipse.m2e.maven.runtime_3.9.900.20250220-2013\jars\plexus-cipher-2.0.jar
2025-04-30 21:46:39,646 [Worker-20: Launching Executing clean in E__sts_demo] INFO  o.eclipse.m2e.core.internal.Bundles - 	Entry: E:\sts-4.29.0.RELEASE\plugins\org.eclipse.m2e.maven.runtime_3.9.900.20250220-2013\jars\plexus-classworlds-2.8.0.jar
2025-04-30 21:46:39,646 [Worker-20: Launching Executing clean in E__sts_demo] INFO  o.eclipse.m2e.core.internal.Bundles - 	Entry: E:\sts-4.29.0.RELEASE\plugins\org.eclipse.m2e.maven.runtime_3.9.900.20250220-2013\jars\plexus-component-annotations-2.1.0.jar
2025-04-30 21:46:39,646 [Worker-20: Launching Executing clean in E__sts_demo] INFO  o.eclipse.m2e.core.internal.Bundles - 	Entry: E:\sts-4.29.0.RELEASE\plugins\org.eclipse.m2e.maven.runtime_3.9.900.20250220-2013\jars\plexus-interpolation-1.27.jar
2025-04-30 21:46:39,646 [Worker-20: Launching Executing clean in E__sts_demo] INFO  o.eclipse.m2e.core.internal.Bundles - 	Entry: E:\sts-4.29.0.RELEASE\plugins\org.eclipse.m2e.maven.runtime_3.9.900.20250220-2013\jars\plexus-sec-dispatcher-2.0.jar
2025-04-30 21:46:39,646 [Worker-20: Launching Executing clean in E__sts_demo] INFO  o.eclipse.m2e.core.internal.Bundles - 	Entry: E:\sts-4.29.0.RELEASE\plugins\org.eclipse.m2e.maven.runtime_3.9.900.20250220-2013\jars\plexus-utils-3.5.1.jar
2025-04-30 21:46:39,646 [Worker-20: Launching Executing clean in E__sts_demo] INFO  o.eclipse.m2e.core.internal.Bundles - 	Entry: E:\sts-4.29.0.RELEASE\plugins\org.eclipse.m2e.maven.runtime_3.9.900.20250220-2013\jars\plexus-xml-3.0.1.jar
2025-04-30 21:46:39,646 [Worker-20: Launching Executing clean in E__sts_demo] INFO  o.eclipse.m2e.core.internal.Bundles - 	Entry: E:\sts-4.29.0.RELEASE\plugins\org.eclipse.m2e.maven.runtime_3.9.900.20250220-2013\jars\wagon-file-3.5.3.jar
2025-04-30 21:46:39,646 [Worker-20: Launching Executing clean in E__sts_demo] INFO  o.eclipse.m2e.core.internal.Bundles - 	Entry: E:\sts-4.29.0.RELEASE\plugins\org.eclipse.m2e.maven.runtime_3.9.900.20250220-2013\jars\wagon-http-3.5.3.jar
2025-04-30 21:46:39,646 [Worker-20: Launching Executing clean in E__sts_demo] INFO  o.eclipse.m2e.core.internal.Bundles - 	Entry: E:\sts-4.29.0.RELEASE\plugins\org.eclipse.m2e.maven.runtime_3.9.900.20250220-2013\jars\wagon-http-shared-3.5.3.jar
2025-04-30 21:46:39,646 [Worker-20: Launching Executing clean in E__sts_demo] INFO  o.eclipse.m2e.core.internal.Bundles - 	Entry: E:\sts-4.29.0.RELEASE\plugins\org.eclipse.m2e.maven.runtime_3.9.900.20250220-2013\jars\wagon-provider-api-3.5.3.jar
2025-04-30 21:46:39,646 [Worker-20: Launching Executing clean in E__sts_demo] INFO  o.eclipse.m2e.core.internal.Bundles - getClasspathEntries(Bundle=com.google.guava_33.4.0.jre [29])
2025-04-30 21:46:39,647 [Worker-20: Launching Executing clean in E__sts_demo] INFO  o.eclipse.m2e.core.internal.Bundles - 	Entry: E:\sts-4.29.0.RELEASE\plugins\com.google.guava_33.4.0.jre.jar
2025-04-30 21:46:39,647 [Worker-20: Launching Executing clean in E__sts_demo] INFO  o.eclipse.m2e.core.internal.Bundles - getClasspathEntries(Bundle=slf4j.api_2.0.17 [608])
2025-04-30 21:46:39,647 [Worker-20: Launching Executing clean in E__sts_demo] INFO  o.eclipse.m2e.core.internal.Bundles - 	Entry: E:\sts-4.29.0.RELEASE\plugins\slf4j.api_2.0.17.jar
2025-04-30 21:46:39,647 [Worker-20: Launching Executing clean in E__sts_demo] INFO  o.eclipse.m2e.core.internal.Bundles - getClasspathEntries(Bundle=jakarta.inject.jakarta.inject-api_1.0.5 [45])
2025-04-30 21:46:39,647 [Worker-20: Launching Executing clean in E__sts_demo] INFO  o.eclipse.m2e.core.internal.Bundles - 	Entry: E:\sts-4.29.0.RELEASE\plugins\jakarta.inject.jakarta.inject-api_1.0.5.jar
2025-04-30 21:46:39,647 [Worker-20: Launching Executing clean in E__sts_demo] INFO  o.eclipse.m2e.core.internal.Bundles - getClasspathEntries(Bundle=jakarta.annotation-api_1.3.5 [41])
2025-04-30 21:46:39,647 [Worker-20: Launching Executing clean in E__sts_demo] INFO  o.eclipse.m2e.core.internal.Bundles - 	Entry: E:\sts-4.29.0.RELEASE\plugins\jakarta.annotation-api_1.3.5.jar
2025-04-30 21:46:39,647 [Worker-20: Launching Executing clean in E__sts_demo] INFO  o.eclipse.m2e.core.internal.Bundles - getClasspathEntries(Bundle=org.apache.commons.cli_1.9.0 [77])
2025-04-30 21:46:39,647 [Worker-20: Launching Executing clean in E__sts_demo] INFO  o.eclipse.m2e.core.internal.Bundles - 	Entry: E:\sts-4.29.0.RELEASE\plugins\org.apache.commons.cli_1.9.0.jar
2025-04-30 21:46:39,647 [Worker-20: Launching Executing clean in E__sts_demo] INFO  o.eclipse.m2e.core.internal.Bundles - getClasspathEntries(Bundle=org.apache.commons.commons-codec_1.16.0 [79])
2025-04-30 21:46:39,647 [Worker-20: Launching Executing clean in E__sts_demo] INFO  o.eclipse.m2e.core.internal.Bundles - 	Entry: E:\sts-4.29.0.RELEASE\plugins\org.apache.commons.commons-codec_1.16.0.jar
2025-04-30 21:46:39,647 [Worker-20: Launching Executing clean in E__sts_demo] INFO  o.eclipse.m2e.core.internal.Bundles - getClasspathEntries(Bundle=com.google.guava.failureaccess_1.0.2 [30])
2025-04-30 21:46:39,647 [Worker-20: Launching Executing clean in E__sts_demo] INFO  o.eclipse.m2e.core.internal.Bundles - 	Entry: E:\sts-4.29.0.RELEASE\plugins\com.google.guava.failureaccess_1.0.2.jar
2025-04-30 21:46:39,648 [Worker-20: Launching Executing clean in E__sts_demo] INFO  o.e.m.i.launch.MavenLaunchDelegate - Run build in "E:\sts\demo":
2025-04-30 21:46:39,648 [Worker-20: Launching Executing clean in E__sts_demo] INFO  o.e.m.i.launch.MavenLaunchDelegate -  mvn  -Ppom.xml -B -Dstyle.color=always clean
2025-04-30 21:46:41,625 [Worker-22: Building] INFO  o.a.m.s.f.DefaultMavenResourcesFiltering - Copying 1 resource from src\main\resources to target\classes
2025-04-30 21:46:41,626 [Worker-22: Building] INFO  o.a.m.s.f.DefaultMavenResourcesFiltering - Copying 7 resources from src\main\resources to target\classes
2025-04-30 21:46:41,639 [Worker-22: Building] INFO  o.a.m.s.f.DefaultMavenResourcesFiltering - skip non existing resourceDirectory E:\sts\demo\src\test\resources
2025-04-30 21:46:44,912 [Worker-25: Launching Executing install in E__sts_demo] INFO  o.eclipse.m2e.core.internal.Bundles - getClasspathEntries(Bundle=org.eclipse.m2e.maven.runtime_3.9.900.20250220-2013 [361])
2025-04-30 21:46:44,913 [Worker-25: Launching Executing install in E__sts_demo] INFO  o.eclipse.m2e.core.internal.Bundles - 	Entry: E:\sts-4.29.0.RELEASE\plugins\org.eclipse.m2e.maven.runtime_3.9.900.20250220-2013
2025-04-30 21:46:44,913 [Worker-25: Launching Executing install in E__sts_demo] INFO  o.eclipse.m2e.core.internal.Bundles - 	Entry: E:\sts-4.29.0.RELEASE\plugins\org.eclipse.m2e.maven.runtime_3.9.900.20250220-2013\jars\aopalliance-1.0.jar
2025-04-30 21:46:44,913 [Worker-25: Launching Executing install in E__sts_demo] INFO  o.eclipse.m2e.core.internal.Bundles - 	Entry: E:\sts-4.29.0.RELEASE\plugins\org.eclipse.m2e.maven.runtime_3.9.900.20250220-2013\jars\guice-5.1.0.jar
2025-04-30 21:46:44,913 [Worker-25: Launching Executing install in E__sts_demo] INFO  o.eclipse.m2e.core.internal.Bundles - 	Entry: E:\sts-4.29.0.RELEASE\plugins\org.eclipse.m2e.maven.runtime_3.9.900.20250220-2013\jars\httpclient-4.5.14.jar
2025-04-30 21:46:44,913 [Worker-25: Launching Executing install in E__sts_demo] INFO  o.eclipse.m2e.core.internal.Bundles - 	Entry: E:\sts-4.29.0.RELEASE\plugins\org.eclipse.m2e.maven.runtime_3.9.900.20250220-2013\jars\httpcore-4.4.16.jar
2025-04-30 21:46:44,913 [Worker-25: Launching Executing install in E__sts_demo] INFO  o.eclipse.m2e.core.internal.Bundles - 	Entry: E:\sts-4.29.0.RELEASE\plugins\org.eclipse.m2e.maven.runtime_3.9.900.20250220-2013\jars\jansi-2.4.1.jar
2025-04-30 21:46:44,913 [Worker-25: Launching Executing install in E__sts_demo] INFO  o.eclipse.m2e.core.internal.Bundles - 	Entry: E:\sts-4.29.0.RELEASE\plugins\org.eclipse.m2e.maven.runtime_3.9.900.20250220-2013\jars\jcl-over-slf4j-1.7.36.jar
2025-04-30 21:46:44,913 [Worker-25: Launching Executing install in E__sts_demo] INFO  o.eclipse.m2e.core.internal.Bundles - 	Entry: E:\sts-4.29.0.RELEASE\plugins\org.eclipse.m2e.maven.runtime_3.9.900.20250220-2013\jars\maven-artifact-3.9.9.jar
2025-04-30 21:46:44,913 [Worker-25: Launching Executing install in E__sts_demo] INFO  o.eclipse.m2e.core.internal.Bundles - 	Entry: E:\sts-4.29.0.RELEASE\plugins\org.eclipse.m2e.maven.runtime_3.9.900.20250220-2013\jars\maven-builder-support-3.9.9.jar
2025-04-30 21:46:44,913 [Worker-25: Launching Executing install in E__sts_demo] INFO  o.eclipse.m2e.core.internal.Bundles - 	Entry: E:\sts-4.29.0.RELEASE\plugins\org.eclipse.m2e.maven.runtime_3.9.900.20250220-2013\jars\maven-compat-3.9.9.jar
2025-04-30 21:46:44,913 [Worker-25: Launching Executing install in E__sts_demo] INFO  o.eclipse.m2e.core.internal.Bundles - 	Entry: E:\sts-4.29.0.RELEASE\plugins\org.eclipse.m2e.maven.runtime_3.9.900.20250220-2013\jars\maven-core-3.9.9.jar
2025-04-30 21:46:44,913 [Worker-25: Launching Executing install in E__sts_demo] INFO  o.eclipse.m2e.core.internal.Bundles - 	Entry: E:\sts-4.29.0.RELEASE\plugins\org.eclipse.m2e.maven.runtime_3.9.900.20250220-2013\jars\maven-embedder-3.9.9.jar
2025-04-30 21:46:44,913 [Worker-25: Launching Executing install in E__sts_demo] INFO  o.eclipse.m2e.core.internal.Bundles - 	Entry: E:\sts-4.29.0.RELEASE\plugins\org.eclipse.m2e.maven.runtime_3.9.900.20250220-2013\jars\maven-model-3.9.9.jar
2025-04-30 21:46:44,913 [Worker-25: Launching Executing install in E__sts_demo] INFO  o.eclipse.m2e.core.internal.Bundles - 	Entry: E:\sts-4.29.0.RELEASE\plugins\org.eclipse.m2e.maven.runtime_3.9.900.20250220-2013\jars\maven-model-builder-3.9.9.jar
2025-04-30 21:46:44,913 [Worker-25: Launching Executing install in E__sts_demo] INFO  o.eclipse.m2e.core.internal.Bundles - 	Entry: E:\sts-4.29.0.RELEASE\plugins\org.eclipse.m2e.maven.runtime_3.9.900.20250220-2013\jars\maven-plugin-api-3.9.9.jar
2025-04-30 21:46:44,913 [Worker-25: Launching Executing install in E__sts_demo] INFO  o.eclipse.m2e.core.internal.Bundles - 	Entry: E:\sts-4.29.0.RELEASE\plugins\org.eclipse.m2e.maven.runtime_3.9.900.20250220-2013\jars\maven-repository-metadata-3.9.9.jar
2025-04-30 21:46:44,913 [Worker-25: Launching Executing install in E__sts_demo] INFO  o.eclipse.m2e.core.internal.Bundles - 	Entry: E:\sts-4.29.0.RELEASE\plugins\org.eclipse.m2e.maven.runtime_3.9.900.20250220-2013\jars\maven-resolver-api-1.9.22.jar
2025-04-30 21:46:44,913 [Worker-25: Launching Executing install in E__sts_demo] INFO  o.eclipse.m2e.core.internal.Bundles - 	Entry: E:\sts-4.29.0.RELEASE\plugins\org.eclipse.m2e.maven.runtime_3.9.900.20250220-2013\jars\maven-resolver-connector-basic-1.9.22.jar
2025-04-30 21:46:44,913 [Worker-25: Launching Executing install in E__sts_demo] INFO  o.eclipse.m2e.core.internal.Bundles - 	Entry: E:\sts-4.29.0.RELEASE\plugins\org.eclipse.m2e.maven.runtime_3.9.900.20250220-2013\jars\maven-resolver-impl-1.9.22.jar
2025-04-30 21:46:44,913 [Worker-25: Launching Executing install in E__sts_demo] INFO  o.eclipse.m2e.core.internal.Bundles - 	Entry: E:\sts-4.29.0.RELEASE\plugins\org.eclipse.m2e.maven.runtime_3.9.900.20250220-2013\jars\maven-resolver-named-locks-1.9.22.jar
2025-04-30 21:46:44,913 [Worker-25: Launching Executing install in E__sts_demo] INFO  o.eclipse.m2e.core.internal.Bundles - 	Entry: E:\sts-4.29.0.RELEASE\plugins\org.eclipse.m2e.maven.runtime_3.9.900.20250220-2013\jars\maven-resolver-provider-3.9.9.jar
2025-04-30 21:46:44,913 [Worker-25: Launching Executing install in E__sts_demo] INFO  o.eclipse.m2e.core.internal.Bundles - 	Entry: E:\sts-4.29.0.RELEASE\plugins\org.eclipse.m2e.maven.runtime_3.9.900.20250220-2013\jars\maven-resolver-spi-1.9.22.jar
2025-04-30 21:46:44,913 [Worker-25: Launching Executing install in E__sts_demo] INFO  o.eclipse.m2e.core.internal.Bundles - 	Entry: E:\sts-4.29.0.RELEASE\plugins\org.eclipse.m2e.maven.runtime_3.9.900.20250220-2013\jars\maven-resolver-transport-file-1.9.22.jar
2025-04-30 21:46:44,913 [Worker-25: Launching Executing install in E__sts_demo] INFO  o.eclipse.m2e.core.internal.Bundles - 	Entry: E:\sts-4.29.0.RELEASE\plugins\org.eclipse.m2e.maven.runtime_3.9.900.20250220-2013\jars\maven-resolver-transport-http-1.9.22.jar
2025-04-30 21:46:44,913 [Worker-25: Launching Executing install in E__sts_demo] INFO  o.eclipse.m2e.core.internal.Bundles - 	Entry: E:\sts-4.29.0.RELEASE\plugins\org.eclipse.m2e.maven.runtime_3.9.900.20250220-2013\jars\maven-resolver-transport-wagon-1.9.22.jar
2025-04-30 21:46:44,913 [Worker-25: Launching Executing install in E__sts_demo] INFO  o.eclipse.m2e.core.internal.Bundles - 	Entry: E:\sts-4.29.0.RELEASE\plugins\org.eclipse.m2e.maven.runtime_3.9.900.20250220-2013\jars\maven-resolver-util-1.9.22.jar
2025-04-30 21:46:44,913 [Worker-25: Launching Executing install in E__sts_demo] INFO  o.eclipse.m2e.core.internal.Bundles - 	Entry: E:\sts-4.29.0.RELEASE\plugins\org.eclipse.m2e.maven.runtime_3.9.900.20250220-2013\jars\maven-settings-3.9.9.jar
2025-04-30 21:46:44,913 [Worker-25: Launching Executing install in E__sts_demo] INFO  o.eclipse.m2e.core.internal.Bundles - 	Entry: E:\sts-4.29.0.RELEASE\plugins\org.eclipse.m2e.maven.runtime_3.9.900.20250220-2013\jars\maven-settings-builder-3.9.9.jar
2025-04-30 21:46:44,913 [Worker-25: Launching Executing install in E__sts_demo] INFO  o.eclipse.m2e.core.internal.Bundles - 	Entry: E:\sts-4.29.0.RELEASE\plugins\org.eclipse.m2e.maven.runtime_3.9.900.20250220-2013\jars\maven-shared-utils-3.4.2.jar
2025-04-30 21:46:44,913 [Worker-25: Launching Executing install in E__sts_demo] INFO  o.eclipse.m2e.core.internal.Bundles - 	Entry: E:\sts-4.29.0.RELEASE\plugins\org.eclipse.m2e.maven.runtime_3.9.900.20250220-2013\jars\org.eclipse.sisu.inject-0.9.0.M3.jar
2025-04-30 21:46:44,913 [Worker-25: Launching Executing install in E__sts_demo] INFO  o.eclipse.m2e.core.internal.Bundles - 	Entry: E:\sts-4.29.0.RELEASE\plugins\org.eclipse.m2e.maven.runtime_3.9.900.20250220-2013\jars\org.eclipse.sisu.plexus-0.9.0.M3.jar
2025-04-30 21:46:44,913 [Worker-25: Launching Executing install in E__sts_demo] INFO  o.eclipse.m2e.core.internal.Bundles - 	Entry: E:\sts-4.29.0.RELEASE\plugins\org.eclipse.m2e.maven.runtime_3.9.900.20250220-2013\jars\plexus-build-api-0.0.7.jar
2025-04-30 21:46:44,913 [Worker-25: Launching Executing install in E__sts_demo] INFO  o.eclipse.m2e.core.internal.Bundles - 	Entry: E:\sts-4.29.0.RELEASE\plugins\org.eclipse.m2e.maven.runtime_3.9.900.20250220-2013\jars\plexus-build-api-1.2.0.jar
2025-04-30 21:46:44,913 [Worker-25: Launching Executing install in E__sts_demo] INFO  o.eclipse.m2e.core.internal.Bundles - 	Entry: E:\sts-4.29.0.RELEASE\plugins\org.eclipse.m2e.maven.runtime_3.9.900.20250220-2013\jars\plexus-cipher-2.0.jar
2025-04-30 21:46:44,913 [Worker-25: Launching Executing install in E__sts_demo] INFO  o.eclipse.m2e.core.internal.Bundles - 	Entry: E:\sts-4.29.0.RELEASE\plugins\org.eclipse.m2e.maven.runtime_3.9.900.20250220-2013\jars\plexus-classworlds-2.8.0.jar
2025-04-30 21:46:44,913 [Worker-25: Launching Executing install in E__sts_demo] INFO  o.eclipse.m2e.core.internal.Bundles - 	Entry: E:\sts-4.29.0.RELEASE\plugins\org.eclipse.m2e.maven.runtime_3.9.900.20250220-2013\jars\plexus-component-annotations-2.1.0.jar
2025-04-30 21:46:44,913 [Worker-25: Launching Executing install in E__sts_demo] INFO  o.eclipse.m2e.core.internal.Bundles - 	Entry: E:\sts-4.29.0.RELEASE\plugins\org.eclipse.m2e.maven.runtime_3.9.900.20250220-2013\jars\plexus-interpolation-1.27.jar
2025-04-30 21:46:44,913 [Worker-25: Launching Executing install in E__sts_demo] INFO  o.eclipse.m2e.core.internal.Bundles - 	Entry: E:\sts-4.29.0.RELEASE\plugins\org.eclipse.m2e.maven.runtime_3.9.900.20250220-2013\jars\plexus-sec-dispatcher-2.0.jar
2025-04-30 21:46:44,913 [Worker-25: Launching Executing install in E__sts_demo] INFO  o.eclipse.m2e.core.internal.Bundles - 	Entry: E:\sts-4.29.0.RELEASE\plugins\org.eclipse.m2e.maven.runtime_3.9.900.20250220-2013\jars\plexus-utils-3.5.1.jar
2025-04-30 21:46:44,913 [Worker-25: Launching Executing install in E__sts_demo] INFO  o.eclipse.m2e.core.internal.Bundles - 	Entry: E:\sts-4.29.0.RELEASE\plugins\org.eclipse.m2e.maven.runtime_3.9.900.20250220-2013\jars\plexus-xml-3.0.1.jar
2025-04-30 21:46:44,913 [Worker-25: Launching Executing install in E__sts_demo] INFO  o.eclipse.m2e.core.internal.Bundles - 	Entry: E:\sts-4.29.0.RELEASE\plugins\org.eclipse.m2e.maven.runtime_3.9.900.20250220-2013\jars\wagon-file-3.5.3.jar
2025-04-30 21:46:44,913 [Worker-25: Launching Executing install in E__sts_demo] INFO  o.eclipse.m2e.core.internal.Bundles - 	Entry: E:\sts-4.29.0.RELEASE\plugins\org.eclipse.m2e.maven.runtime_3.9.900.20250220-2013\jars\wagon-http-3.5.3.jar
2025-04-30 21:46:44,913 [Worker-25: Launching Executing install in E__sts_demo] INFO  o.eclipse.m2e.core.internal.Bundles - 	Entry: E:\sts-4.29.0.RELEASE\plugins\org.eclipse.m2e.maven.runtime_3.9.900.20250220-2013\jars\wagon-http-shared-3.5.3.jar
2025-04-30 21:46:44,913 [Worker-25: Launching Executing install in E__sts_demo] INFO  o.eclipse.m2e.core.internal.Bundles - 	Entry: E:\sts-4.29.0.RELEASE\plugins\org.eclipse.m2e.maven.runtime_3.9.900.20250220-2013\jars\wagon-provider-api-3.5.3.jar
2025-04-30 21:46:44,914 [Worker-25: Launching Executing install in E__sts_demo] INFO  o.eclipse.m2e.core.internal.Bundles - getClasspathEntries(Bundle=com.google.guava_33.4.0.jre [29])
2025-04-30 21:46:44,914 [Worker-25: Launching Executing install in E__sts_demo] INFO  o.eclipse.m2e.core.internal.Bundles - 	Entry: E:\sts-4.29.0.RELEASE\plugins\com.google.guava_33.4.0.jre.jar
2025-04-30 21:46:44,914 [Worker-25: Launching Executing install in E__sts_demo] INFO  o.eclipse.m2e.core.internal.Bundles - getClasspathEntries(Bundle=slf4j.api_2.0.17 [608])
2025-04-30 21:46:44,914 [Worker-25: Launching Executing install in E__sts_demo] INFO  o.eclipse.m2e.core.internal.Bundles - 	Entry: E:\sts-4.29.0.RELEASE\plugins\slf4j.api_2.0.17.jar
2025-04-30 21:46:44,914 [Worker-25: Launching Executing install in E__sts_demo] INFO  o.eclipse.m2e.core.internal.Bundles - getClasspathEntries(Bundle=jakarta.inject.jakarta.inject-api_1.0.5 [45])
2025-04-30 21:46:44,914 [Worker-25: Launching Executing install in E__sts_demo] INFO  o.eclipse.m2e.core.internal.Bundles - 	Entry: E:\sts-4.29.0.RELEASE\plugins\jakarta.inject.jakarta.inject-api_1.0.5.jar
2025-04-30 21:46:44,914 [Worker-25: Launching Executing install in E__sts_demo] INFO  o.eclipse.m2e.core.internal.Bundles - getClasspathEntries(Bundle=jakarta.annotation-api_1.3.5 [41])
2025-04-30 21:46:44,914 [Worker-25: Launching Executing install in E__sts_demo] INFO  o.eclipse.m2e.core.internal.Bundles - 	Entry: E:\sts-4.29.0.RELEASE\plugins\jakarta.annotation-api_1.3.5.jar
2025-04-30 21:46:44,914 [Worker-25: Launching Executing install in E__sts_demo] INFO  o.eclipse.m2e.core.internal.Bundles - getClasspathEntries(Bundle=org.apache.commons.cli_1.9.0 [77])
2025-04-30 21:46:44,914 [Worker-25: Launching Executing install in E__sts_demo] INFO  o.eclipse.m2e.core.internal.Bundles - 	Entry: E:\sts-4.29.0.RELEASE\plugins\org.apache.commons.cli_1.9.0.jar
2025-04-30 21:46:44,914 [Worker-25: Launching Executing install in E__sts_demo] INFO  o.eclipse.m2e.core.internal.Bundles - getClasspathEntries(Bundle=org.apache.commons.commons-codec_1.16.0 [79])
2025-04-30 21:46:44,914 [Worker-25: Launching Executing install in E__sts_demo] INFO  o.eclipse.m2e.core.internal.Bundles - 	Entry: E:\sts-4.29.0.RELEASE\plugins\org.apache.commons.commons-codec_1.16.0.jar
2025-04-30 21:46:44,914 [Worker-25: Launching Executing install in E__sts_demo] INFO  o.eclipse.m2e.core.internal.Bundles - getClasspathEntries(Bundle=com.google.guava.failureaccess_1.0.2 [30])
2025-04-30 21:46:44,914 [Worker-25: Launching Executing install in E__sts_demo] INFO  o.eclipse.m2e.core.internal.Bundles - 	Entry: E:\sts-4.29.0.RELEASE\plugins\com.google.guava.failureaccess_1.0.2.jar
2025-04-30 21:46:44,915 [Worker-25: Launching Executing install in E__sts_demo] INFO  o.e.m.i.launch.MavenLaunchDelegate - Run build in "E:\sts\demo":
2025-04-30 21:46:44,915 [Worker-25: Launching Executing install in E__sts_demo] INFO  o.e.m.i.launch.MavenLaunchDelegate -  mvn  -Ppom.xml -B -Dstyle.color=always install
2025-04-30 21:46:55,368 [Worker-24: Building] INFO  o.a.m.s.f.DefaultMavenResourcesFiltering - Copying 1 resource from src\main\resources to target\classes
2025-04-30 21:46:55,369 [Worker-24: Building] INFO  o.a.m.s.f.DefaultMavenResourcesFiltering - Copying 7 resources from src\main\resources to target\classes
2025-04-30 21:46:55,390 [Worker-24: Building] INFO  o.a.m.s.f.DefaultMavenResourcesFiltering - skip non existing resourceDirectory E:\sts\demo\src\test\resources
2025-04-30 22:02:14,696 [Worker-23: Launching Executing install in E__sts_demo] INFO  o.eclipse.m2e.core.internal.Bundles - getClasspathEntries(Bundle=org.eclipse.m2e.maven.runtime_3.9.900.20250220-2013 [361])
2025-04-30 22:02:14,696 [Worker-23: Launching Executing install in E__sts_demo] INFO  o.eclipse.m2e.core.internal.Bundles - 	Entry: E:\sts-4.29.0.RELEASE\plugins\org.eclipse.m2e.maven.runtime_3.9.900.20250220-2013
2025-04-30 22:02:14,696 [Worker-23: Launching Executing install in E__sts_demo] INFO  o.eclipse.m2e.core.internal.Bundles - 	Entry: E:\sts-4.29.0.RELEASE\plugins\org.eclipse.m2e.maven.runtime_3.9.900.20250220-2013\jars\aopalliance-1.0.jar
2025-04-30 22:02:14,696 [Worker-23: Launching Executing install in E__sts_demo] INFO  o.eclipse.m2e.core.internal.Bundles - 	Entry: E:\sts-4.29.0.RELEASE\plugins\org.eclipse.m2e.maven.runtime_3.9.900.20250220-2013\jars\guice-5.1.0.jar
2025-04-30 22:02:14,696 [Worker-23: Launching Executing install in E__sts_demo] INFO  o.eclipse.m2e.core.internal.Bundles - 	Entry: E:\sts-4.29.0.RELEASE\plugins\org.eclipse.m2e.maven.runtime_3.9.900.20250220-2013\jars\httpclient-4.5.14.jar
2025-04-30 22:02:14,696 [Worker-23: Launching Executing install in E__sts_demo] INFO  o.eclipse.m2e.core.internal.Bundles - 	Entry: E:\sts-4.29.0.RELEASE\plugins\org.eclipse.m2e.maven.runtime_3.9.900.20250220-2013\jars\httpcore-4.4.16.jar
2025-04-30 22:02:14,696 [Worker-23: Launching Executing install in E__sts_demo] INFO  o.eclipse.m2e.core.internal.Bundles - 	Entry: E:\sts-4.29.0.RELEASE\plugins\org.eclipse.m2e.maven.runtime_3.9.900.20250220-2013\jars\jansi-2.4.1.jar
2025-04-30 22:02:14,696 [Worker-23: Launching Executing install in E__sts_demo] INFO  o.eclipse.m2e.core.internal.Bundles - 	Entry: E:\sts-4.29.0.RELEASE\plugins\org.eclipse.m2e.maven.runtime_3.9.900.20250220-2013\jars\jcl-over-slf4j-1.7.36.jar
2025-04-30 22:02:14,696 [Worker-23: Launching Executing install in E__sts_demo] INFO  o.eclipse.m2e.core.internal.Bundles - 	Entry: E:\sts-4.29.0.RELEASE\plugins\org.eclipse.m2e.maven.runtime_3.9.900.20250220-2013\jars\maven-artifact-3.9.9.jar
2025-04-30 22:02:14,696 [Worker-23: Launching Executing install in E__sts_demo] INFO  o.eclipse.m2e.core.internal.Bundles - 	Entry: E:\sts-4.29.0.RELEASE\plugins\org.eclipse.m2e.maven.runtime_3.9.900.20250220-2013\jars\maven-builder-support-3.9.9.jar
2025-04-30 22:02:14,697 [Worker-23: Launching Executing install in E__sts_demo] INFO  o.eclipse.m2e.core.internal.Bundles - 	Entry: E:\sts-4.29.0.RELEASE\plugins\org.eclipse.m2e.maven.runtime_3.9.900.20250220-2013\jars\maven-compat-3.9.9.jar
2025-04-30 22:02:14,697 [Worker-23: Launching Executing install in E__sts_demo] INFO  o.eclipse.m2e.core.internal.Bundles - 	Entry: E:\sts-4.29.0.RELEASE\plugins\org.eclipse.m2e.maven.runtime_3.9.900.20250220-2013\jars\maven-core-3.9.9.jar
2025-04-30 22:02:14,697 [Worker-23: Launching Executing install in E__sts_demo] INFO  o.eclipse.m2e.core.internal.Bundles - 	Entry: E:\sts-4.29.0.RELEASE\plugins\org.eclipse.m2e.maven.runtime_3.9.900.20250220-2013\jars\maven-embedder-3.9.9.jar
2025-04-30 22:02:14,697 [Worker-23: Launching Executing install in E__sts_demo] INFO  o.eclipse.m2e.core.internal.Bundles - 	Entry: E:\sts-4.29.0.RELEASE\plugins\org.eclipse.m2e.maven.runtime_3.9.900.20250220-2013\jars\maven-model-3.9.9.jar
2025-04-30 22:02:14,697 [Worker-23: Launching Executing install in E__sts_demo] INFO  o.eclipse.m2e.core.internal.Bundles - 	Entry: E:\sts-4.29.0.RELEASE\plugins\org.eclipse.m2e.maven.runtime_3.9.900.20250220-2013\jars\maven-model-builder-3.9.9.jar
2025-04-30 22:02:14,697 [Worker-23: Launching Executing install in E__sts_demo] INFO  o.eclipse.m2e.core.internal.Bundles - 	Entry: E:\sts-4.29.0.RELEASE\plugins\org.eclipse.m2e.maven.runtime_3.9.900.20250220-2013\jars\maven-plugin-api-3.9.9.jar
2025-04-30 22:02:14,697 [Worker-23: Launching Executing install in E__sts_demo] INFO  o.eclipse.m2e.core.internal.Bundles - 	Entry: E:\sts-4.29.0.RELEASE\plugins\org.eclipse.m2e.maven.runtime_3.9.900.20250220-2013\jars\maven-repository-metadata-3.9.9.jar
2025-04-30 22:02:14,697 [Worker-23: Launching Executing install in E__sts_demo] INFO  o.eclipse.m2e.core.internal.Bundles - 	Entry: E:\sts-4.29.0.RELEASE\plugins\org.eclipse.m2e.maven.runtime_3.9.900.20250220-2013\jars\maven-resolver-api-1.9.22.jar
2025-04-30 22:02:14,697 [Worker-23: Launching Executing install in E__sts_demo] INFO  o.eclipse.m2e.core.internal.Bundles - 	Entry: E:\sts-4.29.0.RELEASE\plugins\org.eclipse.m2e.maven.runtime_3.9.900.20250220-2013\jars\maven-resolver-connector-basic-1.9.22.jar
2025-04-30 22:02:14,697 [Worker-23: Launching Executing install in E__sts_demo] INFO  o.eclipse.m2e.core.internal.Bundles - 	Entry: E:\sts-4.29.0.RELEASE\plugins\org.eclipse.m2e.maven.runtime_3.9.900.20250220-2013\jars\maven-resolver-impl-1.9.22.jar
2025-04-30 22:02:14,697 [Worker-23: Launching Executing install in E__sts_demo] INFO  o.eclipse.m2e.core.internal.Bundles - 	Entry: E:\sts-4.29.0.RELEASE\plugins\org.eclipse.m2e.maven.runtime_3.9.900.20250220-2013\jars\maven-resolver-named-locks-1.9.22.jar
2025-04-30 22:02:14,697 [Worker-23: Launching Executing install in E__sts_demo] INFO  o.eclipse.m2e.core.internal.Bundles - 	Entry: E:\sts-4.29.0.RELEASE\plugins\org.eclipse.m2e.maven.runtime_3.9.900.20250220-2013\jars\maven-resolver-provider-3.9.9.jar
2025-04-30 22:02:14,697 [Worker-23: Launching Executing install in E__sts_demo] INFO  o.eclipse.m2e.core.internal.Bundles - 	Entry: E:\sts-4.29.0.RELEASE\plugins\org.eclipse.m2e.maven.runtime_3.9.900.20250220-2013\jars\maven-resolver-spi-1.9.22.jar
2025-04-30 22:02:14,697 [Worker-23: Launching Executing install in E__sts_demo] INFO  o.eclipse.m2e.core.internal.Bundles - 	Entry: E:\sts-4.29.0.RELEASE\plugins\org.eclipse.m2e.maven.runtime_3.9.900.20250220-2013\jars\maven-resolver-transport-file-1.9.22.jar
2025-04-30 22:02:14,697 [Worker-23: Launching Executing install in E__sts_demo] INFO  o.eclipse.m2e.core.internal.Bundles - 	Entry: E:\sts-4.29.0.RELEASE\plugins\org.eclipse.m2e.maven.runtime_3.9.900.20250220-2013\jars\maven-resolver-transport-http-1.9.22.jar
2025-04-30 22:02:14,697 [Worker-23: Launching Executing install in E__sts_demo] INFO  o.eclipse.m2e.core.internal.Bundles - 	Entry: E:\sts-4.29.0.RELEASE\plugins\org.eclipse.m2e.maven.runtime_3.9.900.20250220-2013\jars\maven-resolver-transport-wagon-1.9.22.jar
2025-04-30 22:02:14,697 [Worker-23: Launching Executing install in E__sts_demo] INFO  o.eclipse.m2e.core.internal.Bundles - 	Entry: E:\sts-4.29.0.RELEASE\plugins\org.eclipse.m2e.maven.runtime_3.9.900.20250220-2013\jars\maven-resolver-util-1.9.22.jar
2025-04-30 22:02:14,697 [Worker-23: Launching Executing install in E__sts_demo] INFO  o.eclipse.m2e.core.internal.Bundles - 	Entry: E:\sts-4.29.0.RELEASE\plugins\org.eclipse.m2e.maven.runtime_3.9.900.20250220-2013\jars\maven-settings-3.9.9.jar
2025-04-30 22:02:14,697 [Worker-23: Launching Executing install in E__sts_demo] INFO  o.eclipse.m2e.core.internal.Bundles - 	Entry: E:\sts-4.29.0.RELEASE\plugins\org.eclipse.m2e.maven.runtime_3.9.900.20250220-2013\jars\maven-settings-builder-3.9.9.jar
2025-04-30 22:02:14,697 [Worker-23: Launching Executing install in E__sts_demo] INFO  o.eclipse.m2e.core.internal.Bundles - 	Entry: E:\sts-4.29.0.RELEASE\plugins\org.eclipse.m2e.maven.runtime_3.9.900.20250220-2013\jars\maven-shared-utils-3.4.2.jar
2025-04-30 22:02:14,697 [Worker-23: Launching Executing install in E__sts_demo] INFO  o.eclipse.m2e.core.internal.Bundles - 	Entry: E:\sts-4.29.0.RELEASE\plugins\org.eclipse.m2e.maven.runtime_3.9.900.20250220-2013\jars\org.eclipse.sisu.inject-0.9.0.M3.jar
2025-04-30 22:02:14,697 [Worker-23: Launching Executing install in E__sts_demo] INFO  o.eclipse.m2e.core.internal.Bundles - 	Entry: E:\sts-4.29.0.RELEASE\plugins\org.eclipse.m2e.maven.runtime_3.9.900.20250220-2013\jars\org.eclipse.sisu.plexus-0.9.0.M3.jar
2025-04-30 22:02:14,697 [Worker-23: Launching Executing install in E__sts_demo] INFO  o.eclipse.m2e.core.internal.Bundles - 	Entry: E:\sts-4.29.0.RELEASE\plugins\org.eclipse.m2e.maven.runtime_3.9.900.20250220-2013\jars\plexus-build-api-0.0.7.jar
2025-04-30 22:02:14,697 [Worker-23: Launching Executing install in E__sts_demo] INFO  o.eclipse.m2e.core.internal.Bundles - 	Entry: E:\sts-4.29.0.RELEASE\plugins\org.eclipse.m2e.maven.runtime_3.9.900.20250220-2013\jars\plexus-build-api-1.2.0.jar
2025-04-30 22:02:14,697 [Worker-23: Launching Executing install in E__sts_demo] INFO  o.eclipse.m2e.core.internal.Bundles - 	Entry: E:\sts-4.29.0.RELEASE\plugins\org.eclipse.m2e.maven.runtime_3.9.900.20250220-2013\jars\plexus-cipher-2.0.jar
2025-04-30 22:02:14,697 [Worker-23: Launching Executing install in E__sts_demo] INFO  o.eclipse.m2e.core.internal.Bundles - 	Entry: E:\sts-4.29.0.RELEASE\plugins\org.eclipse.m2e.maven.runtime_3.9.900.20250220-2013\jars\plexus-classworlds-2.8.0.jar
2025-04-30 22:02:14,697 [Worker-23: Launching Executing install in E__sts_demo] INFO  o.eclipse.m2e.core.internal.Bundles - 	Entry: E:\sts-4.29.0.RELEASE\plugins\org.eclipse.m2e.maven.runtime_3.9.900.20250220-2013\jars\plexus-component-annotations-2.1.0.jar
2025-04-30 22:02:14,697 [Worker-23: Launching Executing install in E__sts_demo] INFO  o.eclipse.m2e.core.internal.Bundles - 	Entry: E:\sts-4.29.0.RELEASE\plugins\org.eclipse.m2e.maven.runtime_3.9.900.20250220-2013\jars\plexus-interpolation-1.27.jar
2025-04-30 22:02:14,697 [Worker-23: Launching Executing install in E__sts_demo] INFO  o.eclipse.m2e.core.internal.Bundles - 	Entry: E:\sts-4.29.0.RELEASE\plugins\org.eclipse.m2e.maven.runtime_3.9.900.20250220-2013\jars\plexus-sec-dispatcher-2.0.jar
2025-04-30 22:02:14,697 [Worker-23: Launching Executing install in E__sts_demo] INFO  o.eclipse.m2e.core.internal.Bundles - 	Entry: E:\sts-4.29.0.RELEASE\plugins\org.eclipse.m2e.maven.runtime_3.9.900.20250220-2013\jars\plexus-utils-3.5.1.jar
2025-04-30 22:02:14,697 [Worker-23: Launching Executing install in E__sts_demo] INFO  o.eclipse.m2e.core.internal.Bundles - 	Entry: E:\sts-4.29.0.RELEASE\plugins\org.eclipse.m2e.maven.runtime_3.9.900.20250220-2013\jars\plexus-xml-3.0.1.jar
2025-04-30 22:02:14,697 [Worker-23: Launching Executing install in E__sts_demo] INFO  o.eclipse.m2e.core.internal.Bundles - 	Entry: E:\sts-4.29.0.RELEASE\plugins\org.eclipse.m2e.maven.runtime_3.9.900.20250220-2013\jars\wagon-file-3.5.3.jar
2025-04-30 22:02:14,697 [Worker-23: Launching Executing install in E__sts_demo] INFO  o.eclipse.m2e.core.internal.Bundles - 	Entry: E:\sts-4.29.0.RELEASE\plugins\org.eclipse.m2e.maven.runtime_3.9.900.20250220-2013\jars\wagon-http-3.5.3.jar
2025-04-30 22:02:14,697 [Worker-23: Launching Executing install in E__sts_demo] INFO  o.eclipse.m2e.core.internal.Bundles - 	Entry: E:\sts-4.29.0.RELEASE\plugins\org.eclipse.m2e.maven.runtime_3.9.900.20250220-2013\jars\wagon-http-shared-3.5.3.jar
2025-04-30 22:02:14,697 [Worker-23: Launching Executing install in E__sts_demo] INFO  o.eclipse.m2e.core.internal.Bundles - 	Entry: E:\sts-4.29.0.RELEASE\plugins\org.eclipse.m2e.maven.runtime_3.9.900.20250220-2013\jars\wagon-provider-api-3.5.3.jar
2025-04-30 22:02:14,697 [Worker-23: Launching Executing install in E__sts_demo] INFO  o.eclipse.m2e.core.internal.Bundles - getClasspathEntries(Bundle=com.google.guava_33.4.0.jre [29])
2025-04-30 22:02:14,697 [Worker-23: Launching Executing install in E__sts_demo] INFO  o.eclipse.m2e.core.internal.Bundles - 	Entry: E:\sts-4.29.0.RELEASE\plugins\com.google.guava_33.4.0.jre.jar
2025-04-30 22:02:14,697 [Worker-23: Launching Executing install in E__sts_demo] INFO  o.eclipse.m2e.core.internal.Bundles - getClasspathEntries(Bundle=slf4j.api_2.0.17 [608])
2025-04-30 22:02:14,698 [Worker-23: Launching Executing install in E__sts_demo] INFO  o.eclipse.m2e.core.internal.Bundles - 	Entry: E:\sts-4.29.0.RELEASE\plugins\slf4j.api_2.0.17.jar
2025-04-30 22:02:14,698 [Worker-23: Launching Executing install in E__sts_demo] INFO  o.eclipse.m2e.core.internal.Bundles - getClasspathEntries(Bundle=jakarta.inject.jakarta.inject-api_1.0.5 [45])
2025-04-30 22:02:14,698 [Worker-23: Launching Executing install in E__sts_demo] INFO  o.eclipse.m2e.core.internal.Bundles - 	Entry: E:\sts-4.29.0.RELEASE\plugins\jakarta.inject.jakarta.inject-api_1.0.5.jar
2025-04-30 22:02:14,698 [Worker-23: Launching Executing install in E__sts_demo] INFO  o.eclipse.m2e.core.internal.Bundles - getClasspathEntries(Bundle=jakarta.annotation-api_1.3.5 [41])
2025-04-30 22:02:14,698 [Worker-23: Launching Executing install in E__sts_demo] INFO  o.eclipse.m2e.core.internal.Bundles - 	Entry: E:\sts-4.29.0.RELEASE\plugins\jakarta.annotation-api_1.3.5.jar
2025-04-30 22:02:14,698 [Worker-23: Launching Executing install in E__sts_demo] INFO  o.eclipse.m2e.core.internal.Bundles - getClasspathEntries(Bundle=org.apache.commons.cli_1.9.0 [77])
2025-04-30 22:02:14,698 [Worker-23: Launching Executing install in E__sts_demo] INFO  o.eclipse.m2e.core.internal.Bundles - 	Entry: E:\sts-4.29.0.RELEASE\plugins\org.apache.commons.cli_1.9.0.jar
2025-04-30 22:02:14,698 [Worker-23: Launching Executing install in E__sts_demo] INFO  o.eclipse.m2e.core.internal.Bundles - getClasspathEntries(Bundle=org.apache.commons.commons-codec_1.16.0 [79])
2025-04-30 22:02:14,698 [Worker-23: Launching Executing install in E__sts_demo] INFO  o.eclipse.m2e.core.internal.Bundles - 	Entry: E:\sts-4.29.0.RELEASE\plugins\org.apache.commons.commons-codec_1.16.0.jar
2025-04-30 22:02:14,698 [Worker-23: Launching Executing install in E__sts_demo] INFO  o.eclipse.m2e.core.internal.Bundles - getClasspathEntries(Bundle=com.google.guava.failureaccess_1.0.2 [30])
2025-04-30 22:02:14,698 [Worker-23: Launching Executing install in E__sts_demo] INFO  o.eclipse.m2e.core.internal.Bundles - 	Entry: E:\sts-4.29.0.RELEASE\plugins\com.google.guava.failureaccess_1.0.2.jar
2025-04-30 22:02:14,699 [Worker-23: Launching Executing install in E__sts_demo] INFO  o.e.m.i.launch.MavenLaunchDelegate - Run build in "E:\sts\demo":
2025-04-30 22:02:14,699 [Worker-23: Launching Executing install in E__sts_demo] INFO  o.e.m.i.launch.MavenLaunchDelegate -  mvn  -Ppom.xml -B -Dstyle.color=always install
2025-04-30 22:02:22,320 [Worker-22: Launching Executing generate-sources in E__sts_demo] INFO  o.eclipse.m2e.core.internal.Bundles - getClasspathEntries(Bundle=org.eclipse.m2e.maven.runtime_3.9.900.20250220-2013 [361])
2025-04-30 22:02:22,320 [Worker-22: Launching Executing generate-sources in E__sts_demo] INFO  o.eclipse.m2e.core.internal.Bundles - 	Entry: E:\sts-4.29.0.RELEASE\plugins\org.eclipse.m2e.maven.runtime_3.9.900.20250220-2013
2025-04-30 22:02:22,321 [Worker-22: Launching Executing generate-sources in E__sts_demo] INFO  o.eclipse.m2e.core.internal.Bundles - 	Entry: E:\sts-4.29.0.RELEASE\plugins\org.eclipse.m2e.maven.runtime_3.9.900.20250220-2013\jars\aopalliance-1.0.jar
2025-04-30 22:02:22,321 [Worker-22: Launching Executing generate-sources in E__sts_demo] INFO  o.eclipse.m2e.core.internal.Bundles - 	Entry: E:\sts-4.29.0.RELEASE\plugins\org.eclipse.m2e.maven.runtime_3.9.900.20250220-2013\jars\guice-5.1.0.jar
2025-04-30 22:02:22,321 [Worker-22: Launching Executing generate-sources in E__sts_demo] INFO  o.eclipse.m2e.core.internal.Bundles - 	Entry: E:\sts-4.29.0.RELEASE\plugins\org.eclipse.m2e.maven.runtime_3.9.900.20250220-2013\jars\httpclient-4.5.14.jar
2025-04-30 22:02:22,321 [Worker-22: Launching Executing generate-sources in E__sts_demo] INFO  o.eclipse.m2e.core.internal.Bundles - 	Entry: E:\sts-4.29.0.RELEASE\plugins\org.eclipse.m2e.maven.runtime_3.9.900.20250220-2013\jars\httpcore-4.4.16.jar
2025-04-30 22:02:22,321 [Worker-22: Launching Executing generate-sources in E__sts_demo] INFO  o.eclipse.m2e.core.internal.Bundles - 	Entry: E:\sts-4.29.0.RELEASE\plugins\org.eclipse.m2e.maven.runtime_3.9.900.20250220-2013\jars\jansi-2.4.1.jar
2025-04-30 22:02:22,321 [Worker-22: Launching Executing generate-sources in E__sts_demo] INFO  o.eclipse.m2e.core.internal.Bundles - 	Entry: E:\sts-4.29.0.RELEASE\plugins\org.eclipse.m2e.maven.runtime_3.9.900.20250220-2013\jars\jcl-over-slf4j-1.7.36.jar
2025-04-30 22:02:22,321 [Worker-22: Launching Executing generate-sources in E__sts_demo] INFO  o.eclipse.m2e.core.internal.Bundles - 	Entry: E:\sts-4.29.0.RELEASE\plugins\org.eclipse.m2e.maven.runtime_3.9.900.20250220-2013\jars\maven-artifact-3.9.9.jar
2025-04-30 22:02:22,321 [Worker-22: Launching Executing generate-sources in E__sts_demo] INFO  o.eclipse.m2e.core.internal.Bundles - 	Entry: E:\sts-4.29.0.RELEASE\plugins\org.eclipse.m2e.maven.runtime_3.9.900.20250220-2013\jars\maven-builder-support-3.9.9.jar
2025-04-30 22:02:22,321 [Worker-22: Launching Executing generate-sources in E__sts_demo] INFO  o.eclipse.m2e.core.internal.Bundles - 	Entry: E:\sts-4.29.0.RELEASE\plugins\org.eclipse.m2e.maven.runtime_3.9.900.20250220-2013\jars\maven-compat-3.9.9.jar
2025-04-30 22:02:22,321 [Worker-22: Launching Executing generate-sources in E__sts_demo] INFO  o.eclipse.m2e.core.internal.Bundles - 	Entry: E:\sts-4.29.0.RELEASE\plugins\org.eclipse.m2e.maven.runtime_3.9.900.20250220-2013\jars\maven-core-3.9.9.jar
2025-04-30 22:02:22,321 [Worker-22: Launching Executing generate-sources in E__sts_demo] INFO  o.eclipse.m2e.core.internal.Bundles - 	Entry: E:\sts-4.29.0.RELEASE\plugins\org.eclipse.m2e.maven.runtime_3.9.900.20250220-2013\jars\maven-embedder-3.9.9.jar
2025-04-30 22:02:22,321 [Worker-22: Launching Executing generate-sources in E__sts_demo] INFO  o.eclipse.m2e.core.internal.Bundles - 	Entry: E:\sts-4.29.0.RELEASE\plugins\org.eclipse.m2e.maven.runtime_3.9.900.20250220-2013\jars\maven-model-3.9.9.jar
2025-04-30 22:02:22,321 [Worker-22: Launching Executing generate-sources in E__sts_demo] INFO  o.eclipse.m2e.core.internal.Bundles - 	Entry: E:\sts-4.29.0.RELEASE\plugins\org.eclipse.m2e.maven.runtime_3.9.900.20250220-2013\jars\maven-model-builder-3.9.9.jar
2025-04-30 22:02:22,321 [Worker-22: Launching Executing generate-sources in E__sts_demo] INFO  o.eclipse.m2e.core.internal.Bundles - 	Entry: E:\sts-4.29.0.RELEASE\plugins\org.eclipse.m2e.maven.runtime_3.9.900.20250220-2013\jars\maven-plugin-api-3.9.9.jar
2025-04-30 22:02:22,321 [Worker-22: Launching Executing generate-sources in E__sts_demo] INFO  o.eclipse.m2e.core.internal.Bundles - 	Entry: E:\sts-4.29.0.RELEASE\plugins\org.eclipse.m2e.maven.runtime_3.9.900.20250220-2013\jars\maven-repository-metadata-3.9.9.jar
2025-04-30 22:02:22,321 [Worker-22: Launching Executing generate-sources in E__sts_demo] INFO  o.eclipse.m2e.core.internal.Bundles - 	Entry: E:\sts-4.29.0.RELEASE\plugins\org.eclipse.m2e.maven.runtime_3.9.900.20250220-2013\jars\maven-resolver-api-1.9.22.jar
2025-04-30 22:02:22,321 [Worker-22: Launching Executing generate-sources in E__sts_demo] INFO  o.eclipse.m2e.core.internal.Bundles - 	Entry: E:\sts-4.29.0.RELEASE\plugins\org.eclipse.m2e.maven.runtime_3.9.900.20250220-2013\jars\maven-resolver-connector-basic-1.9.22.jar
2025-04-30 22:02:22,322 [Worker-22: Launching Executing generate-sources in E__sts_demo] INFO  o.eclipse.m2e.core.internal.Bundles - 	Entry: E:\sts-4.29.0.RELEASE\plugins\org.eclipse.m2e.maven.runtime_3.9.900.20250220-2013\jars\maven-resolver-impl-1.9.22.jar
2025-04-30 22:02:22,322 [Worker-22: Launching Executing generate-sources in E__sts_demo] INFO  o.eclipse.m2e.core.internal.Bundles - 	Entry: E:\sts-4.29.0.RELEASE\plugins\org.eclipse.m2e.maven.runtime_3.9.900.20250220-2013\jars\maven-resolver-named-locks-1.9.22.jar
2025-04-30 22:02:22,322 [Worker-22: Launching Executing generate-sources in E__sts_demo] INFO  o.eclipse.m2e.core.internal.Bundles - 	Entry: E:\sts-4.29.0.RELEASE\plugins\org.eclipse.m2e.maven.runtime_3.9.900.20250220-2013\jars\maven-resolver-provider-3.9.9.jar
2025-04-30 22:02:22,322 [Worker-22: Launching Executing generate-sources in E__sts_demo] INFO  o.eclipse.m2e.core.internal.Bundles - 	Entry: E:\sts-4.29.0.RELEASE\plugins\org.eclipse.m2e.maven.runtime_3.9.900.20250220-2013\jars\maven-resolver-spi-1.9.22.jar
2025-04-30 22:02:22,322 [Worker-22: Launching Executing generate-sources in E__sts_demo] INFO  o.eclipse.m2e.core.internal.Bundles - 	Entry: E:\sts-4.29.0.RELEASE\plugins\org.eclipse.m2e.maven.runtime_3.9.900.20250220-2013\jars\maven-resolver-transport-file-1.9.22.jar
2025-04-30 22:02:22,322 [Worker-22: Launching Executing generate-sources in E__sts_demo] INFO  o.eclipse.m2e.core.internal.Bundles - 	Entry: E:\sts-4.29.0.RELEASE\plugins\org.eclipse.m2e.maven.runtime_3.9.900.20250220-2013\jars\maven-resolver-transport-http-1.9.22.jar
2025-04-30 22:02:22,322 [Worker-22: Launching Executing generate-sources in E__sts_demo] INFO  o.eclipse.m2e.core.internal.Bundles - 	Entry: E:\sts-4.29.0.RELEASE\plugins\org.eclipse.m2e.maven.runtime_3.9.900.20250220-2013\jars\maven-resolver-transport-wagon-1.9.22.jar
2025-04-30 22:02:22,322 [Worker-22: Launching Executing generate-sources in E__sts_demo] INFO  o.eclipse.m2e.core.internal.Bundles - 	Entry: E:\sts-4.29.0.RELEASE\plugins\org.eclipse.m2e.maven.runtime_3.9.900.20250220-2013\jars\maven-resolver-util-1.9.22.jar
2025-04-30 22:02:22,322 [Worker-22: Launching Executing generate-sources in E__sts_demo] INFO  o.eclipse.m2e.core.internal.Bundles - 	Entry: E:\sts-4.29.0.RELEASE\plugins\org.eclipse.m2e.maven.runtime_3.9.900.20250220-2013\jars\maven-settings-3.9.9.jar
2025-04-30 22:02:22,322 [Worker-22: Launching Executing generate-sources in E__sts_demo] INFO  o.eclipse.m2e.core.internal.Bundles - 	Entry: E:\sts-4.29.0.RELEASE\plugins\org.eclipse.m2e.maven.runtime_3.9.900.20250220-2013\jars\maven-settings-builder-3.9.9.jar
2025-04-30 22:02:22,322 [Worker-22: Launching Executing generate-sources in E__sts_demo] INFO  o.eclipse.m2e.core.internal.Bundles - 	Entry: E:\sts-4.29.0.RELEASE\plugins\org.eclipse.m2e.maven.runtime_3.9.900.20250220-2013\jars\maven-shared-utils-3.4.2.jar
2025-04-30 22:02:22,322 [Worker-22: Launching Executing generate-sources in E__sts_demo] INFO  o.eclipse.m2e.core.internal.Bundles - 	Entry: E:\sts-4.29.0.RELEASE\plugins\org.eclipse.m2e.maven.runtime_3.9.900.20250220-2013\jars\org.eclipse.sisu.inject-0.9.0.M3.jar
2025-04-30 22:02:22,322 [Worker-22: Launching Executing generate-sources in E__sts_demo] INFO  o.eclipse.m2e.core.internal.Bundles - 	Entry: E:\sts-4.29.0.RELEASE\plugins\org.eclipse.m2e.maven.runtime_3.9.900.20250220-2013\jars\org.eclipse.sisu.plexus-0.9.0.M3.jar
2025-04-30 22:02:22,322 [Worker-22: Launching Executing generate-sources in E__sts_demo] INFO  o.eclipse.m2e.core.internal.Bundles - 	Entry: E:\sts-4.29.0.RELEASE\plugins\org.eclipse.m2e.maven.runtime_3.9.900.20250220-2013\jars\plexus-build-api-0.0.7.jar
2025-04-30 22:02:22,322 [Worker-22: Launching Executing generate-sources in E__sts_demo] INFO  o.eclipse.m2e.core.internal.Bundles - 	Entry: E:\sts-4.29.0.RELEASE\plugins\org.eclipse.m2e.maven.runtime_3.9.900.20250220-2013\jars\plexus-build-api-1.2.0.jar
2025-04-30 22:02:22,322 [Worker-22: Launching Executing generate-sources in E__sts_demo] INFO  o.eclipse.m2e.core.internal.Bundles - 	Entry: E:\sts-4.29.0.RELEASE\plugins\org.eclipse.m2e.maven.runtime_3.9.900.20250220-2013\jars\plexus-cipher-2.0.jar
2025-04-30 22:02:22,322 [Worker-22: Launching Executing generate-sources in E__sts_demo] INFO  o.eclipse.m2e.core.internal.Bundles - 	Entry: E:\sts-4.29.0.RELEASE\plugins\org.eclipse.m2e.maven.runtime_3.9.900.20250220-2013\jars\plexus-classworlds-2.8.0.jar
2025-04-30 22:02:22,322 [Worker-22: Launching Executing generate-sources in E__sts_demo] INFO  o.eclipse.m2e.core.internal.Bundles - 	Entry: E:\sts-4.29.0.RELEASE\plugins\org.eclipse.m2e.maven.runtime_3.9.900.20250220-2013\jars\plexus-component-annotations-2.1.0.jar
2025-04-30 22:02:22,322 [Worker-22: Launching Executing generate-sources in E__sts_demo] INFO  o.eclipse.m2e.core.internal.Bundles - 	Entry: E:\sts-4.29.0.RELEASE\plugins\org.eclipse.m2e.maven.runtime_3.9.900.20250220-2013\jars\plexus-interpolation-1.27.jar
2025-04-30 22:02:22,322 [Worker-22: Launching Executing generate-sources in E__sts_demo] INFO  o.eclipse.m2e.core.internal.Bundles - 	Entry: E:\sts-4.29.0.RELEASE\plugins\org.eclipse.m2e.maven.runtime_3.9.900.20250220-2013\jars\plexus-sec-dispatcher-2.0.jar
2025-04-30 22:02:22,322 [Worker-22: Launching Executing generate-sources in E__sts_demo] INFO  o.eclipse.m2e.core.internal.Bundles - 	Entry: E:\sts-4.29.0.RELEASE\plugins\org.eclipse.m2e.maven.runtime_3.9.900.20250220-2013\jars\plexus-utils-3.5.1.jar
2025-04-30 22:02:22,322 [Worker-22: Launching Executing generate-sources in E__sts_demo] INFO  o.eclipse.m2e.core.internal.Bundles - 	Entry: E:\sts-4.29.0.RELEASE\plugins\org.eclipse.m2e.maven.runtime_3.9.900.20250220-2013\jars\plexus-xml-3.0.1.jar
2025-04-30 22:02:22,322 [Worker-22: Launching Executing generate-sources in E__sts_demo] INFO  o.eclipse.m2e.core.internal.Bundles - 	Entry: E:\sts-4.29.0.RELEASE\plugins\org.eclipse.m2e.maven.runtime_3.9.900.20250220-2013\jars\wagon-file-3.5.3.jar
2025-04-30 22:02:22,322 [Worker-22: Launching Executing generate-sources in E__sts_demo] INFO  o.eclipse.m2e.core.internal.Bundles - 	Entry: E:\sts-4.29.0.RELEASE\plugins\org.eclipse.m2e.maven.runtime_3.9.900.20250220-2013\jars\wagon-http-3.5.3.jar
2025-04-30 22:02:22,322 [Worker-22: Launching Executing generate-sources in E__sts_demo] INFO  o.eclipse.m2e.core.internal.Bundles - 	Entry: E:\sts-4.29.0.RELEASE\plugins\org.eclipse.m2e.maven.runtime_3.9.900.20250220-2013\jars\wagon-http-shared-3.5.3.jar
2025-04-30 22:02:22,322 [Worker-22: Launching Executing generate-sources in E__sts_demo] INFO  o.eclipse.m2e.core.internal.Bundles - 	Entry: E:\sts-4.29.0.RELEASE\plugins\org.eclipse.m2e.maven.runtime_3.9.900.20250220-2013\jars\wagon-provider-api-3.5.3.jar
2025-04-30 22:02:22,322 [Worker-22: Launching Executing generate-sources in E__sts_demo] INFO  o.eclipse.m2e.core.internal.Bundles - getClasspathEntries(Bundle=com.google.guava_33.4.0.jre [29])
2025-04-30 22:02:22,322 [Worker-22: Launching Executing generate-sources in E__sts_demo] INFO  o.eclipse.m2e.core.internal.Bundles - 	Entry: E:\sts-4.29.0.RELEASE\plugins\com.google.guava_33.4.0.jre.jar
2025-04-30 22:02:22,323 [Worker-22: Launching Executing generate-sources in E__sts_demo] INFO  o.eclipse.m2e.core.internal.Bundles - getClasspathEntries(Bundle=slf4j.api_2.0.17 [608])
2025-04-30 22:02:22,323 [Worker-22: Launching Executing generate-sources in E__sts_demo] INFO  o.eclipse.m2e.core.internal.Bundles - 	Entry: E:\sts-4.29.0.RELEASE\plugins\slf4j.api_2.0.17.jar
2025-04-30 22:02:22,323 [Worker-22: Launching Executing generate-sources in E__sts_demo] INFO  o.eclipse.m2e.core.internal.Bundles - getClasspathEntries(Bundle=jakarta.inject.jakarta.inject-api_1.0.5 [45])
2025-04-30 22:02:22,323 [Worker-22: Launching Executing generate-sources in E__sts_demo] INFO  o.eclipse.m2e.core.internal.Bundles - 	Entry: E:\sts-4.29.0.RELEASE\plugins\jakarta.inject.jakarta.inject-api_1.0.5.jar
2025-04-30 22:02:22,323 [Worker-22: Launching Executing generate-sources in E__sts_demo] INFO  o.eclipse.m2e.core.internal.Bundles - getClasspathEntries(Bundle=jakarta.annotation-api_1.3.5 [41])
2025-04-30 22:02:22,323 [Worker-22: Launching Executing generate-sources in E__sts_demo] INFO  o.eclipse.m2e.core.internal.Bundles - 	Entry: E:\sts-4.29.0.RELEASE\plugins\jakarta.annotation-api_1.3.5.jar
2025-04-30 22:02:22,323 [Worker-22: Launching Executing generate-sources in E__sts_demo] INFO  o.eclipse.m2e.core.internal.Bundles - getClasspathEntries(Bundle=org.apache.commons.cli_1.9.0 [77])
2025-04-30 22:02:22,323 [Worker-22: Launching Executing generate-sources in E__sts_demo] INFO  o.eclipse.m2e.core.internal.Bundles - 	Entry: E:\sts-4.29.0.RELEASE\plugins\org.apache.commons.cli_1.9.0.jar
2025-04-30 22:02:22,323 [Worker-22: Launching Executing generate-sources in E__sts_demo] INFO  o.eclipse.m2e.core.internal.Bundles - getClasspathEntries(Bundle=org.apache.commons.commons-codec_1.16.0 [79])
2025-04-30 22:02:22,323 [Worker-22: Launching Executing generate-sources in E__sts_demo] INFO  o.eclipse.m2e.core.internal.Bundles - 	Entry: E:\sts-4.29.0.RELEASE\plugins\org.apache.commons.commons-codec_1.16.0.jar
2025-04-30 22:02:22,323 [Worker-22: Launching Executing generate-sources in E__sts_demo] INFO  o.eclipse.m2e.core.internal.Bundles - getClasspathEntries(Bundle=com.google.guava.failureaccess_1.0.2 [30])
2025-04-30 22:02:22,323 [Worker-22: Launching Executing generate-sources in E__sts_demo] INFO  o.eclipse.m2e.core.internal.Bundles - 	Entry: E:\sts-4.29.0.RELEASE\plugins\com.google.guava.failureaccess_1.0.2.jar
2025-04-30 22:02:22,324 [Worker-22: Launching Executing generate-sources in E__sts_demo] INFO  o.e.m.i.launch.MavenLaunchDelegate - Run build in "E:\sts\demo":
2025-04-30 22:02:22,326 [Worker-22: Launching Executing generate-sources in E__sts_demo] INFO  o.e.m.i.launch.MavenLaunchDelegate -  mvn  -Ppom.xml -B -Dstyle.color=always generate-sources
2025-04-30 22:02:30,132 [Worker-23: Launching Executing test in E__sts_demo] INFO  o.eclipse.m2e.core.internal.Bundles - getClasspathEntries(Bundle=org.eclipse.m2e.maven.runtime_3.9.900.20250220-2013 [361])
2025-04-30 22:02:30,132 [Worker-23: Launching Executing test in E__sts_demo] INFO  o.eclipse.m2e.core.internal.Bundles - 	Entry: E:\sts-4.29.0.RELEASE\plugins\org.eclipse.m2e.maven.runtime_3.9.900.20250220-2013
2025-04-30 22:02:30,132 [Worker-23: Launching Executing test in E__sts_demo] INFO  o.eclipse.m2e.core.internal.Bundles - 	Entry: E:\sts-4.29.0.RELEASE\plugins\org.eclipse.m2e.maven.runtime_3.9.900.20250220-2013\jars\aopalliance-1.0.jar
2025-04-30 22:02:30,132 [Worker-23: Launching Executing test in E__sts_demo] INFO  o.eclipse.m2e.core.internal.Bundles - 	Entry: E:\sts-4.29.0.RELEASE\plugins\org.eclipse.m2e.maven.runtime_3.9.900.20250220-2013\jars\guice-5.1.0.jar
2025-04-30 22:02:30,132 [Worker-23: Launching Executing test in E__sts_demo] INFO  o.eclipse.m2e.core.internal.Bundles - 	Entry: E:\sts-4.29.0.RELEASE\plugins\org.eclipse.m2e.maven.runtime_3.9.900.20250220-2013\jars\httpclient-4.5.14.jar
2025-04-30 22:02:30,132 [Worker-23: Launching Executing test in E__sts_demo] INFO  o.eclipse.m2e.core.internal.Bundles - 	Entry: E:\sts-4.29.0.RELEASE\plugins\org.eclipse.m2e.maven.runtime_3.9.900.20250220-2013\jars\httpcore-4.4.16.jar
2025-04-30 22:02:30,132 [Worker-23: Launching Executing test in E__sts_demo] INFO  o.eclipse.m2e.core.internal.Bundles - 	Entry: E:\sts-4.29.0.RELEASE\plugins\org.eclipse.m2e.maven.runtime_3.9.900.20250220-2013\jars\jansi-2.4.1.jar
2025-04-30 22:02:30,132 [Worker-23: Launching Executing test in E__sts_demo] INFO  o.eclipse.m2e.core.internal.Bundles - 	Entry: E:\sts-4.29.0.RELEASE\plugins\org.eclipse.m2e.maven.runtime_3.9.900.20250220-2013\jars\jcl-over-slf4j-1.7.36.jar
2025-04-30 22:02:30,132 [Worker-23: Launching Executing test in E__sts_demo] INFO  o.eclipse.m2e.core.internal.Bundles - 	Entry: E:\sts-4.29.0.RELEASE\plugins\org.eclipse.m2e.maven.runtime_3.9.900.20250220-2013\jars\maven-artifact-3.9.9.jar
2025-04-30 22:02:30,132 [Worker-23: Launching Executing test in E__sts_demo] INFO  o.eclipse.m2e.core.internal.Bundles - 	Entry: E:\sts-4.29.0.RELEASE\plugins\org.eclipse.m2e.maven.runtime_3.9.900.20250220-2013\jars\maven-builder-support-3.9.9.jar
2025-04-30 22:02:30,132 [Worker-23: Launching Executing test in E__sts_demo] INFO  o.eclipse.m2e.core.internal.Bundles - 	Entry: E:\sts-4.29.0.RELEASE\plugins\org.eclipse.m2e.maven.runtime_3.9.900.20250220-2013\jars\maven-compat-3.9.9.jar
2025-04-30 22:02:30,132 [Worker-23: Launching Executing test in E__sts_demo] INFO  o.eclipse.m2e.core.internal.Bundles - 	Entry: E:\sts-4.29.0.RELEASE\plugins\org.eclipse.m2e.maven.runtime_3.9.900.20250220-2013\jars\maven-core-3.9.9.jar
2025-04-30 22:02:30,132 [Worker-23: Launching Executing test in E__sts_demo] INFO  o.eclipse.m2e.core.internal.Bundles - 	Entry: E:\sts-4.29.0.RELEASE\plugins\org.eclipse.m2e.maven.runtime_3.9.900.20250220-2013\jars\maven-embedder-3.9.9.jar
2025-04-30 22:02:30,132 [Worker-23: Launching Executing test in E__sts_demo] INFO  o.eclipse.m2e.core.internal.Bundles - 	Entry: E:\sts-4.29.0.RELEASE\plugins\org.eclipse.m2e.maven.runtime_3.9.900.20250220-2013\jars\maven-model-3.9.9.jar
2025-04-30 22:02:30,133 [Worker-23: Launching Executing test in E__sts_demo] INFO  o.eclipse.m2e.core.internal.Bundles - 	Entry: E:\sts-4.29.0.RELEASE\plugins\org.eclipse.m2e.maven.runtime_3.9.900.20250220-2013\jars\maven-model-builder-3.9.9.jar
2025-04-30 22:02:30,133 [Worker-23: Launching Executing test in E__sts_demo] INFO  o.eclipse.m2e.core.internal.Bundles - 	Entry: E:\sts-4.29.0.RELEASE\plugins\org.eclipse.m2e.maven.runtime_3.9.900.20250220-2013\jars\maven-plugin-api-3.9.9.jar
2025-04-30 22:02:30,133 [Worker-23: Launching Executing test in E__sts_demo] INFO  o.eclipse.m2e.core.internal.Bundles - 	Entry: E:\sts-4.29.0.RELEASE\plugins\org.eclipse.m2e.maven.runtime_3.9.900.20250220-2013\jars\maven-repository-metadata-3.9.9.jar
2025-04-30 22:02:30,133 [Worker-23: Launching Executing test in E__sts_demo] INFO  o.eclipse.m2e.core.internal.Bundles - 	Entry: E:\sts-4.29.0.RELEASE\plugins\org.eclipse.m2e.maven.runtime_3.9.900.20250220-2013\jars\maven-resolver-api-1.9.22.jar
2025-04-30 22:02:30,133 [Worker-23: Launching Executing test in E__sts_demo] INFO  o.eclipse.m2e.core.internal.Bundles - 	Entry: E:\sts-4.29.0.RELEASE\plugins\org.eclipse.m2e.maven.runtime_3.9.900.20250220-2013\jars\maven-resolver-connector-basic-1.9.22.jar
2025-04-30 22:02:30,133 [Worker-23: Launching Executing test in E__sts_demo] INFO  o.eclipse.m2e.core.internal.Bundles - 	Entry: E:\sts-4.29.0.RELEASE\plugins\org.eclipse.m2e.maven.runtime_3.9.900.20250220-2013\jars\maven-resolver-impl-1.9.22.jar
2025-04-30 22:02:30,133 [Worker-23: Launching Executing test in E__sts_demo] INFO  o.eclipse.m2e.core.internal.Bundles - 	Entry: E:\sts-4.29.0.RELEASE\plugins\org.eclipse.m2e.maven.runtime_3.9.900.20250220-2013\jars\maven-resolver-named-locks-1.9.22.jar
2025-04-30 22:02:30,133 [Worker-23: Launching Executing test in E__sts_demo] INFO  o.eclipse.m2e.core.internal.Bundles - 	Entry: E:\sts-4.29.0.RELEASE\plugins\org.eclipse.m2e.maven.runtime_3.9.900.20250220-2013\jars\maven-resolver-provider-3.9.9.jar
2025-04-30 22:02:30,133 [Worker-23: Launching Executing test in E__sts_demo] INFO  o.eclipse.m2e.core.internal.Bundles - 	Entry: E:\sts-4.29.0.RELEASE\plugins\org.eclipse.m2e.maven.runtime_3.9.900.20250220-2013\jars\maven-resolver-spi-1.9.22.jar
2025-04-30 22:02:30,133 [Worker-23: Launching Executing test in E__sts_demo] INFO  o.eclipse.m2e.core.internal.Bundles - 	Entry: E:\sts-4.29.0.RELEASE\plugins\org.eclipse.m2e.maven.runtime_3.9.900.20250220-2013\jars\maven-resolver-transport-file-1.9.22.jar
2025-04-30 22:02:30,133 [Worker-23: Launching Executing test in E__sts_demo] INFO  o.eclipse.m2e.core.internal.Bundles - 	Entry: E:\sts-4.29.0.RELEASE\plugins\org.eclipse.m2e.maven.runtime_3.9.900.20250220-2013\jars\maven-resolver-transport-http-1.9.22.jar
2025-04-30 22:02:30,133 [Worker-23: Launching Executing test in E__sts_demo] INFO  o.eclipse.m2e.core.internal.Bundles - 	Entry: E:\sts-4.29.0.RELEASE\plugins\org.eclipse.m2e.maven.runtime_3.9.900.20250220-2013\jars\maven-resolver-transport-wagon-1.9.22.jar
2025-04-30 22:02:30,133 [Worker-23: Launching Executing test in E__sts_demo] INFO  o.eclipse.m2e.core.internal.Bundles - 	Entry: E:\sts-4.29.0.RELEASE\plugins\org.eclipse.m2e.maven.runtime_3.9.900.20250220-2013\jars\maven-resolver-util-1.9.22.jar
2025-04-30 22:02:30,133 [Worker-23: Launching Executing test in E__sts_demo] INFO  o.eclipse.m2e.core.internal.Bundles - 	Entry: E:\sts-4.29.0.RELEASE\plugins\org.eclipse.m2e.maven.runtime_3.9.900.20250220-2013\jars\maven-settings-3.9.9.jar
2025-04-30 22:02:30,133 [Worker-23: Launching Executing test in E__sts_demo] INFO  o.eclipse.m2e.core.internal.Bundles - 	Entry: E:\sts-4.29.0.RELEASE\plugins\org.eclipse.m2e.maven.runtime_3.9.900.20250220-2013\jars\maven-settings-builder-3.9.9.jar
2025-04-30 22:02:30,133 [Worker-23: Launching Executing test in E__sts_demo] INFO  o.eclipse.m2e.core.internal.Bundles - 	Entry: E:\sts-4.29.0.RELEASE\plugins\org.eclipse.m2e.maven.runtime_3.9.900.20250220-2013\jars\maven-shared-utils-3.4.2.jar
2025-04-30 22:02:30,133 [Worker-23: Launching Executing test in E__sts_demo] INFO  o.eclipse.m2e.core.internal.Bundles - 	Entry: E:\sts-4.29.0.RELEASE\plugins\org.eclipse.m2e.maven.runtime_3.9.900.20250220-2013\jars\org.eclipse.sisu.inject-0.9.0.M3.jar
2025-04-30 22:02:30,133 [Worker-23: Launching Executing test in E__sts_demo] INFO  o.eclipse.m2e.core.internal.Bundles - 	Entry: E:\sts-4.29.0.RELEASE\plugins\org.eclipse.m2e.maven.runtime_3.9.900.20250220-2013\jars\org.eclipse.sisu.plexus-0.9.0.M3.jar
2025-04-30 22:02:30,133 [Worker-23: Launching Executing test in E__sts_demo] INFO  o.eclipse.m2e.core.internal.Bundles - 	Entry: E:\sts-4.29.0.RELEASE\plugins\org.eclipse.m2e.maven.runtime_3.9.900.20250220-2013\jars\plexus-build-api-0.0.7.jar
2025-04-30 22:02:30,133 [Worker-23: Launching Executing test in E__sts_demo] INFO  o.eclipse.m2e.core.internal.Bundles - 	Entry: E:\sts-4.29.0.RELEASE\plugins\org.eclipse.m2e.maven.runtime_3.9.900.20250220-2013\jars\plexus-build-api-1.2.0.jar
2025-04-30 22:02:30,133 [Worker-23: Launching Executing test in E__sts_demo] INFO  o.eclipse.m2e.core.internal.Bundles - 	Entry: E:\sts-4.29.0.RELEASE\plugins\org.eclipse.m2e.maven.runtime_3.9.900.20250220-2013\jars\plexus-cipher-2.0.jar
2025-04-30 22:02:30,133 [Worker-23: Launching Executing test in E__sts_demo] INFO  o.eclipse.m2e.core.internal.Bundles - 	Entry: E:\sts-4.29.0.RELEASE\plugins\org.eclipse.m2e.maven.runtime_3.9.900.20250220-2013\jars\plexus-classworlds-2.8.0.jar
2025-04-30 22:02:30,133 [Worker-23: Launching Executing test in E__sts_demo] INFO  o.eclipse.m2e.core.internal.Bundles - 	Entry: E:\sts-4.29.0.RELEASE\plugins\org.eclipse.m2e.maven.runtime_3.9.900.20250220-2013\jars\plexus-component-annotations-2.1.0.jar
2025-04-30 22:02:30,133 [Worker-23: Launching Executing test in E__sts_demo] INFO  o.eclipse.m2e.core.internal.Bundles - 	Entry: E:\sts-4.29.0.RELEASE\plugins\org.eclipse.m2e.maven.runtime_3.9.900.20250220-2013\jars\plexus-interpolation-1.27.jar
2025-04-30 22:02:30,133 [Worker-23: Launching Executing test in E__sts_demo] INFO  o.eclipse.m2e.core.internal.Bundles - 	Entry: E:\sts-4.29.0.RELEASE\plugins\org.eclipse.m2e.maven.runtime_3.9.900.20250220-2013\jars\plexus-sec-dispatcher-2.0.jar
2025-04-30 22:02:30,133 [Worker-23: Launching Executing test in E__sts_demo] INFO  o.eclipse.m2e.core.internal.Bundles - 	Entry: E:\sts-4.29.0.RELEASE\plugins\org.eclipse.m2e.maven.runtime_3.9.900.20250220-2013\jars\plexus-utils-3.5.1.jar
2025-04-30 22:02:30,133 [Worker-23: Launching Executing test in E__sts_demo] INFO  o.eclipse.m2e.core.internal.Bundles - 	Entry: E:\sts-4.29.0.RELEASE\plugins\org.eclipse.m2e.maven.runtime_3.9.900.20250220-2013\jars\plexus-xml-3.0.1.jar
2025-04-30 22:02:30,133 [Worker-23: Launching Executing test in E__sts_demo] INFO  o.eclipse.m2e.core.internal.Bundles - 	Entry: E:\sts-4.29.0.RELEASE\plugins\org.eclipse.m2e.maven.runtime_3.9.900.20250220-2013\jars\wagon-file-3.5.3.jar
2025-04-30 22:02:30,133 [Worker-23: Launching Executing test in E__sts_demo] INFO  o.eclipse.m2e.core.internal.Bundles - 	Entry: E:\sts-4.29.0.RELEASE\plugins\org.eclipse.m2e.maven.runtime_3.9.900.20250220-2013\jars\wagon-http-3.5.3.jar
2025-04-30 22:02:30,133 [Worker-23: Launching Executing test in E__sts_demo] INFO  o.eclipse.m2e.core.internal.Bundles - 	Entry: E:\sts-4.29.0.RELEASE\plugins\org.eclipse.m2e.maven.runtime_3.9.900.20250220-2013\jars\wagon-http-shared-3.5.3.jar
2025-04-30 22:02:30,133 [Worker-23: Launching Executing test in E__sts_demo] INFO  o.eclipse.m2e.core.internal.Bundles - 	Entry: E:\sts-4.29.0.RELEASE\plugins\org.eclipse.m2e.maven.runtime_3.9.900.20250220-2013\jars\wagon-provider-api-3.5.3.jar
2025-04-30 22:02:30,133 [Worker-23: Launching Executing test in E__sts_demo] INFO  o.eclipse.m2e.core.internal.Bundles - getClasspathEntries(Bundle=com.google.guava_33.4.0.jre [29])
2025-04-30 22:02:30,133 [Worker-23: Launching Executing test in E__sts_demo] INFO  o.eclipse.m2e.core.internal.Bundles - 	Entry: E:\sts-4.29.0.RELEASE\plugins\com.google.guava_33.4.0.jre.jar
2025-04-30 22:02:30,133 [Worker-23: Launching Executing test in E__sts_demo] INFO  o.eclipse.m2e.core.internal.Bundles - getClasspathEntries(Bundle=slf4j.api_2.0.17 [608])
2025-04-30 22:02:30,133 [Worker-23: Launching Executing test in E__sts_demo] INFO  o.eclipse.m2e.core.internal.Bundles - 	Entry: E:\sts-4.29.0.RELEASE\plugins\slf4j.api_2.0.17.jar
2025-04-30 22:02:30,133 [Worker-23: Launching Executing test in E__sts_demo] INFO  o.eclipse.m2e.core.internal.Bundles - getClasspathEntries(Bundle=jakarta.inject.jakarta.inject-api_1.0.5 [45])
2025-04-30 22:02:30,133 [Worker-23: Launching Executing test in E__sts_demo] INFO  o.eclipse.m2e.core.internal.Bundles - 	Entry: E:\sts-4.29.0.RELEASE\plugins\jakarta.inject.jakarta.inject-api_1.0.5.jar
2025-04-30 22:02:30,133 [Worker-23: Launching Executing test in E__sts_demo] INFO  o.eclipse.m2e.core.internal.Bundles - getClasspathEntries(Bundle=jakarta.annotation-api_1.3.5 [41])
2025-04-30 22:02:30,133 [Worker-23: Launching Executing test in E__sts_demo] INFO  o.eclipse.m2e.core.internal.Bundles - 	Entry: E:\sts-4.29.0.RELEASE\plugins\jakarta.annotation-api_1.3.5.jar
2025-04-30 22:02:30,133 [Worker-23: Launching Executing test in E__sts_demo] INFO  o.eclipse.m2e.core.internal.Bundles - getClasspathEntries(Bundle=org.apache.commons.cli_1.9.0 [77])
2025-04-30 22:02:30,133 [Worker-23: Launching Executing test in E__sts_demo] INFO  o.eclipse.m2e.core.internal.Bundles - 	Entry: E:\sts-4.29.0.RELEASE\plugins\org.apache.commons.cli_1.9.0.jar
2025-04-30 22:02:30,133 [Worker-23: Launching Executing test in E__sts_demo] INFO  o.eclipse.m2e.core.internal.Bundles - getClasspathEntries(Bundle=org.apache.commons.commons-codec_1.16.0 [79])
2025-04-30 22:02:30,134 [Worker-23: Launching Executing test in E__sts_demo] INFO  o.eclipse.m2e.core.internal.Bundles - 	Entry: E:\sts-4.29.0.RELEASE\plugins\org.apache.commons.commons-codec_1.16.0.jar
2025-04-30 22:02:30,134 [Worker-23: Launching Executing test in E__sts_demo] INFO  o.eclipse.m2e.core.internal.Bundles - getClasspathEntries(Bundle=com.google.guava.failureaccess_1.0.2 [30])
2025-04-30 22:02:30,134 [Worker-23: Launching Executing test in E__sts_demo] INFO  o.eclipse.m2e.core.internal.Bundles - 	Entry: E:\sts-4.29.0.RELEASE\plugins\com.google.guava.failureaccess_1.0.2.jar
2025-04-30 22:02:30,134 [Worker-23: Launching Executing test in E__sts_demo] INFO  o.e.m.i.launch.MavenLaunchDelegate - Run build in "E:\sts\demo":
2025-04-30 22:02:30,134 [Worker-23: Launching Executing test in E__sts_demo] INFO  o.e.m.i.launch.MavenLaunchDelegate -  mvn  -Ppom.xml -B -Dstyle.color=always test
2025-04-30 22:02:35,251 [Worker-24: Launching Executing verify in E__sts_demo] INFO  o.eclipse.m2e.core.internal.Bundles - getClasspathEntries(Bundle=org.eclipse.m2e.maven.runtime_3.9.900.20250220-2013 [361])
2025-04-30 22:02:35,252 [Worker-24: Launching Executing verify in E__sts_demo] INFO  o.eclipse.m2e.core.internal.Bundles - 	Entry: E:\sts-4.29.0.RELEASE\plugins\org.eclipse.m2e.maven.runtime_3.9.900.20250220-2013
2025-04-30 22:02:35,252 [Worker-24: Launching Executing verify in E__sts_demo] INFO  o.eclipse.m2e.core.internal.Bundles - 	Entry: E:\sts-4.29.0.RELEASE\plugins\org.eclipse.m2e.maven.runtime_3.9.900.20250220-2013\jars\aopalliance-1.0.jar
2025-04-30 22:02:35,252 [Worker-24: Launching Executing verify in E__sts_demo] INFO  o.eclipse.m2e.core.internal.Bundles - 	Entry: E:\sts-4.29.0.RELEASE\plugins\org.eclipse.m2e.maven.runtime_3.9.900.20250220-2013\jars\guice-5.1.0.jar
2025-04-30 22:02:35,252 [Worker-24: Launching Executing verify in E__sts_demo] INFO  o.eclipse.m2e.core.internal.Bundles - 	Entry: E:\sts-4.29.0.RELEASE\plugins\org.eclipse.m2e.maven.runtime_3.9.900.20250220-2013\jars\httpclient-4.5.14.jar
2025-04-30 22:02:35,252 [Worker-24: Launching Executing verify in E__sts_demo] INFO  o.eclipse.m2e.core.internal.Bundles - 	Entry: E:\sts-4.29.0.RELEASE\plugins\org.eclipse.m2e.maven.runtime_3.9.900.20250220-2013\jars\httpcore-4.4.16.jar
2025-04-30 22:02:35,252 [Worker-24: Launching Executing verify in E__sts_demo] INFO  o.eclipse.m2e.core.internal.Bundles - 	Entry: E:\sts-4.29.0.RELEASE\plugins\org.eclipse.m2e.maven.runtime_3.9.900.20250220-2013\jars\jansi-2.4.1.jar
2025-04-30 22:02:35,252 [Worker-24: Launching Executing verify in E__sts_demo] INFO  o.eclipse.m2e.core.internal.Bundles - 	Entry: E:\sts-4.29.0.RELEASE\plugins\org.eclipse.m2e.maven.runtime_3.9.900.20250220-2013\jars\jcl-over-slf4j-1.7.36.jar
2025-04-30 22:02:35,252 [Worker-24: Launching Executing verify in E__sts_demo] INFO  o.eclipse.m2e.core.internal.Bundles - 	Entry: E:\sts-4.29.0.RELEASE\plugins\org.eclipse.m2e.maven.runtime_3.9.900.20250220-2013\jars\maven-artifact-3.9.9.jar
2025-04-30 22:02:35,252 [Worker-24: Launching Executing verify in E__sts_demo] INFO  o.eclipse.m2e.core.internal.Bundles - 	Entry: E:\sts-4.29.0.RELEASE\plugins\org.eclipse.m2e.maven.runtime_3.9.900.20250220-2013\jars\maven-builder-support-3.9.9.jar
2025-04-30 22:02:35,252 [Worker-24: Launching Executing verify in E__sts_demo] INFO  o.eclipse.m2e.core.internal.Bundles - 	Entry: E:\sts-4.29.0.RELEASE\plugins\org.eclipse.m2e.maven.runtime_3.9.900.20250220-2013\jars\maven-compat-3.9.9.jar
2025-04-30 22:02:35,252 [Worker-24: Launching Executing verify in E__sts_demo] INFO  o.eclipse.m2e.core.internal.Bundles - 	Entry: E:\sts-4.29.0.RELEASE\plugins\org.eclipse.m2e.maven.runtime_3.9.900.20250220-2013\jars\maven-core-3.9.9.jar
2025-04-30 22:02:35,252 [Worker-24: Launching Executing verify in E__sts_demo] INFO  o.eclipse.m2e.core.internal.Bundles - 	Entry: E:\sts-4.29.0.RELEASE\plugins\org.eclipse.m2e.maven.runtime_3.9.900.20250220-2013\jars\maven-embedder-3.9.9.jar
2025-04-30 22:02:35,252 [Worker-24: Launching Executing verify in E__sts_demo] INFO  o.eclipse.m2e.core.internal.Bundles - 	Entry: E:\sts-4.29.0.RELEASE\plugins\org.eclipse.m2e.maven.runtime_3.9.900.20250220-2013\jars\maven-model-3.9.9.jar
2025-04-30 22:02:35,252 [Worker-24: Launching Executing verify in E__sts_demo] INFO  o.eclipse.m2e.core.internal.Bundles - 	Entry: E:\sts-4.29.0.RELEASE\plugins\org.eclipse.m2e.maven.runtime_3.9.900.20250220-2013\jars\maven-model-builder-3.9.9.jar
2025-04-30 22:02:35,252 [Worker-24: Launching Executing verify in E__sts_demo] INFO  o.eclipse.m2e.core.internal.Bundles - 	Entry: E:\sts-4.29.0.RELEASE\plugins\org.eclipse.m2e.maven.runtime_3.9.900.20250220-2013\jars\maven-plugin-api-3.9.9.jar
2025-04-30 22:02:35,252 [Worker-24: Launching Executing verify in E__sts_demo] INFO  o.eclipse.m2e.core.internal.Bundles - 	Entry: E:\sts-4.29.0.RELEASE\plugins\org.eclipse.m2e.maven.runtime_3.9.900.20250220-2013\jars\maven-repository-metadata-3.9.9.jar
2025-04-30 22:02:35,252 [Worker-24: Launching Executing verify in E__sts_demo] INFO  o.eclipse.m2e.core.internal.Bundles - 	Entry: E:\sts-4.29.0.RELEASE\plugins\org.eclipse.m2e.maven.runtime_3.9.900.20250220-2013\jars\maven-resolver-api-1.9.22.jar
2025-04-30 22:02:35,252 [Worker-24: Launching Executing verify in E__sts_demo] INFO  o.eclipse.m2e.core.internal.Bundles - 	Entry: E:\sts-4.29.0.RELEASE\plugins\org.eclipse.m2e.maven.runtime_3.9.900.20250220-2013\jars\maven-resolver-connector-basic-1.9.22.jar
2025-04-30 22:02:35,252 [Worker-24: Launching Executing verify in E__sts_demo] INFO  o.eclipse.m2e.core.internal.Bundles - 	Entry: E:\sts-4.29.0.RELEASE\plugins\org.eclipse.m2e.maven.runtime_3.9.900.20250220-2013\jars\maven-resolver-impl-1.9.22.jar
2025-04-30 22:02:35,252 [Worker-24: Launching Executing verify in E__sts_demo] INFO  o.eclipse.m2e.core.internal.Bundles - 	Entry: E:\sts-4.29.0.RELEASE\plugins\org.eclipse.m2e.maven.runtime_3.9.900.20250220-2013\jars\maven-resolver-named-locks-1.9.22.jar
2025-04-30 22:02:35,252 [Worker-24: Launching Executing verify in E__sts_demo] INFO  o.eclipse.m2e.core.internal.Bundles - 	Entry: E:\sts-4.29.0.RELEASE\plugins\org.eclipse.m2e.maven.runtime_3.9.900.20250220-2013\jars\maven-resolver-provider-3.9.9.jar
2025-04-30 22:02:35,252 [Worker-24: Launching Executing verify in E__sts_demo] INFO  o.eclipse.m2e.core.internal.Bundles - 	Entry: E:\sts-4.29.0.RELEASE\plugins\org.eclipse.m2e.maven.runtime_3.9.900.20250220-2013\jars\maven-resolver-spi-1.9.22.jar
2025-04-30 22:02:35,253 [Worker-24: Launching Executing verify in E__sts_demo] INFO  o.eclipse.m2e.core.internal.Bundles - 	Entry: E:\sts-4.29.0.RELEASE\plugins\org.eclipse.m2e.maven.runtime_3.9.900.20250220-2013\jars\maven-resolver-transport-file-1.9.22.jar
2025-04-30 22:02:35,253 [Worker-24: Launching Executing verify in E__sts_demo] INFO  o.eclipse.m2e.core.internal.Bundles - 	Entry: E:\sts-4.29.0.RELEASE\plugins\org.eclipse.m2e.maven.runtime_3.9.900.20250220-2013\jars\maven-resolver-transport-http-1.9.22.jar
2025-04-30 22:02:35,253 [Worker-24: Launching Executing verify in E__sts_demo] INFO  o.eclipse.m2e.core.internal.Bundles - 	Entry: E:\sts-4.29.0.RELEASE\plugins\org.eclipse.m2e.maven.runtime_3.9.900.20250220-2013\jars\maven-resolver-transport-wagon-1.9.22.jar
2025-04-30 22:02:35,253 [Worker-24: Launching Executing verify in E__sts_demo] INFO  o.eclipse.m2e.core.internal.Bundles - 	Entry: E:\sts-4.29.0.RELEASE\plugins\org.eclipse.m2e.maven.runtime_3.9.900.20250220-2013\jars\maven-resolver-util-1.9.22.jar
2025-04-30 22:02:35,253 [Worker-24: Launching Executing verify in E__sts_demo] INFO  o.eclipse.m2e.core.internal.Bundles - 	Entry: E:\sts-4.29.0.RELEASE\plugins\org.eclipse.m2e.maven.runtime_3.9.900.20250220-2013\jars\maven-settings-3.9.9.jar
2025-04-30 22:02:35,253 [Worker-24: Launching Executing verify in E__sts_demo] INFO  o.eclipse.m2e.core.internal.Bundles - 	Entry: E:\sts-4.29.0.RELEASE\plugins\org.eclipse.m2e.maven.runtime_3.9.900.20250220-2013\jars\maven-settings-builder-3.9.9.jar
2025-04-30 22:02:35,253 [Worker-24: Launching Executing verify in E__sts_demo] INFO  o.eclipse.m2e.core.internal.Bundles - 	Entry: E:\sts-4.29.0.RELEASE\plugins\org.eclipse.m2e.maven.runtime_3.9.900.20250220-2013\jars\maven-shared-utils-3.4.2.jar
2025-04-30 22:02:35,253 [Worker-24: Launching Executing verify in E__sts_demo] INFO  o.eclipse.m2e.core.internal.Bundles - 	Entry: E:\sts-4.29.0.RELEASE\plugins\org.eclipse.m2e.maven.runtime_3.9.900.20250220-2013\jars\org.eclipse.sisu.inject-0.9.0.M3.jar
2025-04-30 22:02:35,253 [Worker-24: Launching Executing verify in E__sts_demo] INFO  o.eclipse.m2e.core.internal.Bundles - 	Entry: E:\sts-4.29.0.RELEASE\plugins\org.eclipse.m2e.maven.runtime_3.9.900.20250220-2013\jars\org.eclipse.sisu.plexus-0.9.0.M3.jar
2025-04-30 22:02:35,253 [Worker-24: Launching Executing verify in E__sts_demo] INFO  o.eclipse.m2e.core.internal.Bundles - 	Entry: E:\sts-4.29.0.RELEASE\plugins\org.eclipse.m2e.maven.runtime_3.9.900.20250220-2013\jars\plexus-build-api-0.0.7.jar
2025-04-30 22:02:35,253 [Worker-24: Launching Executing verify in E__sts_demo] INFO  o.eclipse.m2e.core.internal.Bundles - 	Entry: E:\sts-4.29.0.RELEASE\plugins\org.eclipse.m2e.maven.runtime_3.9.900.20250220-2013\jars\plexus-build-api-1.2.0.jar
2025-04-30 22:02:35,253 [Worker-24: Launching Executing verify in E__sts_demo] INFO  o.eclipse.m2e.core.internal.Bundles - 	Entry: E:\sts-4.29.0.RELEASE\plugins\org.eclipse.m2e.maven.runtime_3.9.900.20250220-2013\jars\plexus-cipher-2.0.jar
2025-04-30 22:02:35,253 [Worker-24: Launching Executing verify in E__sts_demo] INFO  o.eclipse.m2e.core.internal.Bundles - 	Entry: E:\sts-4.29.0.RELEASE\plugins\org.eclipse.m2e.maven.runtime_3.9.900.20250220-2013\jars\plexus-classworlds-2.8.0.jar
2025-04-30 22:02:35,253 [Worker-24: Launching Executing verify in E__sts_demo] INFO  o.eclipse.m2e.core.internal.Bundles - 	Entry: E:\sts-4.29.0.RELEASE\plugins\org.eclipse.m2e.maven.runtime_3.9.900.20250220-2013\jars\plexus-component-annotations-2.1.0.jar
2025-04-30 22:02:35,253 [Worker-24: Launching Executing verify in E__sts_demo] INFO  o.eclipse.m2e.core.internal.Bundles - 	Entry: E:\sts-4.29.0.RELEASE\plugins\org.eclipse.m2e.maven.runtime_3.9.900.20250220-2013\jars\plexus-interpolation-1.27.jar
2025-04-30 22:02:35,254 [Worker-24: Launching Executing verify in E__sts_demo] INFO  o.eclipse.m2e.core.internal.Bundles - 	Entry: E:\sts-4.29.0.RELEASE\plugins\org.eclipse.m2e.maven.runtime_3.9.900.20250220-2013\jars\plexus-sec-dispatcher-2.0.jar
2025-04-30 22:02:35,254 [Worker-24: Launching Executing verify in E__sts_demo] INFO  o.eclipse.m2e.core.internal.Bundles - 	Entry: E:\sts-4.29.0.RELEASE\plugins\org.eclipse.m2e.maven.runtime_3.9.900.20250220-2013\jars\plexus-utils-3.5.1.jar
2025-04-30 22:02:35,254 [Worker-24: Launching Executing verify in E__sts_demo] INFO  o.eclipse.m2e.core.internal.Bundles - 	Entry: E:\sts-4.29.0.RELEASE\plugins\org.eclipse.m2e.maven.runtime_3.9.900.20250220-2013\jars\plexus-xml-3.0.1.jar
2025-04-30 22:02:35,254 [Worker-24: Launching Executing verify in E__sts_demo] INFO  o.eclipse.m2e.core.internal.Bundles - 	Entry: E:\sts-4.29.0.RELEASE\plugins\org.eclipse.m2e.maven.runtime_3.9.900.20250220-2013\jars\wagon-file-3.5.3.jar
2025-04-30 22:02:35,254 [Worker-24: Launching Executing verify in E__sts_demo] INFO  o.eclipse.m2e.core.internal.Bundles - 	Entry: E:\sts-4.29.0.RELEASE\plugins\org.eclipse.m2e.maven.runtime_3.9.900.20250220-2013\jars\wagon-http-3.5.3.jar
2025-04-30 22:02:35,254 [Worker-24: Launching Executing verify in E__sts_demo] INFO  o.eclipse.m2e.core.internal.Bundles - 	Entry: E:\sts-4.29.0.RELEASE\plugins\org.eclipse.m2e.maven.runtime_3.9.900.20250220-2013\jars\wagon-http-shared-3.5.3.jar
2025-04-30 22:02:35,254 [Worker-24: Launching Executing verify in E__sts_demo] INFO  o.eclipse.m2e.core.internal.Bundles - 	Entry: E:\sts-4.29.0.RELEASE\plugins\org.eclipse.m2e.maven.runtime_3.9.900.20250220-2013\jars\wagon-provider-api-3.5.3.jar
2025-04-30 22:02:35,254 [Worker-24: Launching Executing verify in E__sts_demo] INFO  o.eclipse.m2e.core.internal.Bundles - getClasspathEntries(Bundle=com.google.guava_33.4.0.jre [29])
2025-04-30 22:02:35,254 [Worker-24: Launching Executing verify in E__sts_demo] INFO  o.eclipse.m2e.core.internal.Bundles - 	Entry: E:\sts-4.29.0.RELEASE\plugins\com.google.guava_33.4.0.jre.jar
2025-04-30 22:02:35,254 [Worker-24: Launching Executing verify in E__sts_demo] INFO  o.eclipse.m2e.core.internal.Bundles - getClasspathEntries(Bundle=slf4j.api_2.0.17 [608])
2025-04-30 22:02:35,255 [Worker-24: Launching Executing verify in E__sts_demo] INFO  o.eclipse.m2e.core.internal.Bundles - 	Entry: E:\sts-4.29.0.RELEASE\plugins\slf4j.api_2.0.17.jar
2025-04-30 22:02:35,255 [Worker-24: Launching Executing verify in E__sts_demo] INFO  o.eclipse.m2e.core.internal.Bundles - getClasspathEntries(Bundle=jakarta.inject.jakarta.inject-api_1.0.5 [45])
2025-04-30 22:02:35,255 [Worker-24: Launching Executing verify in E__sts_demo] INFO  o.eclipse.m2e.core.internal.Bundles - 	Entry: E:\sts-4.29.0.RELEASE\plugins\jakarta.inject.jakarta.inject-api_1.0.5.jar
2025-04-30 22:02:35,255 [Worker-24: Launching Executing verify in E__sts_demo] INFO  o.eclipse.m2e.core.internal.Bundles - getClasspathEntries(Bundle=jakarta.annotation-api_1.3.5 [41])
2025-04-30 22:02:35,255 [Worker-24: Launching Executing verify in E__sts_demo] INFO  o.eclipse.m2e.core.internal.Bundles - 	Entry: E:\sts-4.29.0.RELEASE\plugins\jakarta.annotation-api_1.3.5.jar
2025-04-30 22:02:35,255 [Worker-24: Launching Executing verify in E__sts_demo] INFO  o.eclipse.m2e.core.internal.Bundles - getClasspathEntries(Bundle=org.apache.commons.cli_1.9.0 [77])
2025-04-30 22:02:35,255 [Worker-24: Launching Executing verify in E__sts_demo] INFO  o.eclipse.m2e.core.internal.Bundles - 	Entry: E:\sts-4.29.0.RELEASE\plugins\org.apache.commons.cli_1.9.0.jar
2025-04-30 22:02:35,255 [Worker-24: Launching Executing verify in E__sts_demo] INFO  o.eclipse.m2e.core.internal.Bundles - getClasspathEntries(Bundle=org.apache.commons.commons-codec_1.16.0 [79])
2025-04-30 22:02:35,256 [Worker-24: Launching Executing verify in E__sts_demo] INFO  o.eclipse.m2e.core.internal.Bundles - 	Entry: E:\sts-4.29.0.RELEASE\plugins\org.apache.commons.commons-codec_1.16.0.jar
2025-04-30 22:02:35,256 [Worker-24: Launching Executing verify in E__sts_demo] INFO  o.eclipse.m2e.core.internal.Bundles - getClasspathEntries(Bundle=com.google.guava.failureaccess_1.0.2 [30])
2025-04-30 22:02:35,256 [Worker-24: Launching Executing verify in E__sts_demo] INFO  o.eclipse.m2e.core.internal.Bundles - 	Entry: E:\sts-4.29.0.RELEASE\plugins\com.google.guava.failureaccess_1.0.2.jar
2025-04-30 22:02:35,257 [Worker-24: Launching Executing verify in E__sts_demo] INFO  o.e.m.i.launch.MavenLaunchDelegate - Run build in "E:\sts\demo":
2025-04-30 22:02:35,257 [Worker-24: Launching Executing verify in E__sts_demo] INFO  o.e.m.i.launch.MavenLaunchDelegate -  mvn  -Ppom.xml -B -Dstyle.color=always verify
